mode: set
github.com/getkin/kin-openapi/openapi3/callback.go:17.55,19.27 2 0
github.com/getkin/kin-openapi/openapi3/callback.go:19.27,21.3 1 0
github.com/getkin/kin-openapi/openapi3/callback.go:22.2,22.17 1 0
github.com/getkin/kin-openapi/openapi3/callback.go:29.68,30.34 1 0
github.com/getkin/kin-openapi/openapi3/callback.go:30.34,31.42 1 0
github.com/getkin/kin-openapi/openapi3/callback.go:31.42,33.4 1 0
github.com/getkin/kin-openapi/openapi3/callback.go:38.89,41.38 2 0
github.com/getkin/kin-openapi/openapi3/callback.go:41.38,43.41 2 0
github.com/getkin/kin-openapi/openapi3/callback.go:43.41,45.4 1 0
github.com/getkin/kin-openapi/openapi3/callback.go:48.2,48.70 1 0
github.com/getkin/kin-openapi/openapi3/callback.go:52.68,55.2 2 0
github.com/getkin/kin-openapi/openapi3/components.go:39.33,41.2 1 0
github.com/getkin/kin-openapi/openapi3/components.go:44.60,46.16 2 0
github.com/getkin/kin-openapi/openapi3/components.go:46.16,48.3 1 0
github.com/getkin/kin-openapi/openapi3/components.go:49.2,49.24 1 0
github.com/getkin/kin-openapi/openapi3/components.go:53.57,56.42 3 0
github.com/getkin/kin-openapi/openapi3/components.go:56.42,58.3 1 0
github.com/getkin/kin-openapi/openapi3/components.go:59.2,59.45 1 0
github.com/getkin/kin-openapi/openapi3/components.go:59.45,61.3 1 0
github.com/getkin/kin-openapi/openapi3/components.go:62.2,62.42 1 0
github.com/getkin/kin-openapi/openapi3/components.go:62.42,64.3 1 0
github.com/getkin/kin-openapi/openapi3/components.go:65.2,65.48 1 0
github.com/getkin/kin-openapi/openapi3/components.go:65.48,67.3 1 0
github.com/getkin/kin-openapi/openapi3/components.go:68.2,68.44 1 0
github.com/getkin/kin-openapi/openapi3/components.go:68.44,70.3 1 0
github.com/getkin/kin-openapi/openapi3/components.go:71.2,71.50 1 0
github.com/getkin/kin-openapi/openapi3/components.go:71.50,73.3 1 0
github.com/getkin/kin-openapi/openapi3/components.go:74.2,74.43 1 0
github.com/getkin/kin-openapi/openapi3/components.go:74.43,76.3 1 0
github.com/getkin/kin-openapi/openapi3/components.go:77.2,77.40 1 0
github.com/getkin/kin-openapi/openapi3/components.go:77.40,79.3 1 0
github.com/getkin/kin-openapi/openapi3/components.go:80.2,80.44 1 0
github.com/getkin/kin-openapi/openapi3/components.go:80.44,82.3 1 0
github.com/getkin/kin-openapi/openapi3/components.go:83.2,83.15 1 0
github.com/getkin/kin-openapi/openapi3/components.go:87.64,90.49 3 1
github.com/getkin/kin-openapi/openapi3/components.go:90.49,92.3 1 0
github.com/getkin/kin-openapi/openapi3/components.go:93.2,103.28 11 1
github.com/getkin/kin-openapi/openapi3/components.go:103.28,105.3 1 1
github.com/getkin/kin-openapi/openapi3/components.go:106.2,107.12 2 1
github.com/getkin/kin-openapi/openapi3/components.go:111.93,115.89 3 1
github.com/getkin/kin-openapi/openapi3/components.go:115.89,116.27 1 1
github.com/getkin/kin-openapi/openapi3/components.go:116.27,117.52 1 1
github.com/getkin/kin-openapi/openapi3/components.go:117.52,118.101 1 0
github.com/getkin/kin-openapi/openapi3/components.go:118.101,120.6 1 0
github.com/getkin/kin-openapi/openapi3/components.go:126.5,126.13 1 0
github.com/getkin/kin-openapi/openapi3/components.go:128.4,128.32 1 1
github.com/getkin/kin-openapi/openapi3/components.go:128.32,128.103 1 0
github.com/getkin/kin-openapi/openapi3/components.go:129.4,129.60 1 1
github.com/getkin/kin-openapi/openapi3/components.go:129.60,131.5 1 0
github.com/getkin/kin-openapi/openapi3/components.go:133.3,133.13 1 1
github.com/getkin/kin-openapi/openapi3/components.go:136.2,136.91 1 1
github.com/getkin/kin-openapi/openapi3/components.go:136.91,138.3 1 0
github.com/getkin/kin-openapi/openapi3/components.go:138.17,140.3 1 0
github.com/getkin/kin-openapi/openapi3/components.go:142.2,142.97 1 1
github.com/getkin/kin-openapi/openapi3/components.go:142.97,144.3 1 0
github.com/getkin/kin-openapi/openapi3/components.go:144.17,146.3 1 0
github.com/getkin/kin-openapi/openapi3/components.go:148.2,148.103 1 1
github.com/getkin/kin-openapi/openapi3/components.go:148.103,150.3 1 0
github.com/getkin/kin-openapi/openapi3/components.go:150.17,152.3 1 0
github.com/getkin/kin-openapi/openapi3/components.go:154.2,154.95 1 1
github.com/getkin/kin-openapi/openapi3/components.go:154.95,156.3 1 0
github.com/getkin/kin-openapi/openapi3/components.go:156.17,158.3 1 0
github.com/getkin/kin-openapi/openapi3/components.go:160.2,160.91 1 1
github.com/getkin/kin-openapi/openapi3/components.go:160.91,162.3 1 0
github.com/getkin/kin-openapi/openapi3/components.go:162.17,164.3 1 0
github.com/getkin/kin-openapi/openapi3/components.go:166.2,166.108 1 1
github.com/getkin/kin-openapi/openapi3/components.go:166.108,168.3 1 1
github.com/getkin/kin-openapi/openapi3/components.go:168.17,170.3 1 0
github.com/getkin/kin-openapi/openapi3/components.go:172.2,172.93 1 1
github.com/getkin/kin-openapi/openapi3/components.go:172.93,174.3 1 0
github.com/getkin/kin-openapi/openapi3/components.go:174.17,176.3 1 0
github.com/getkin/kin-openapi/openapi3/components.go:178.2,178.87 1 1
github.com/getkin/kin-openapi/openapi3/components.go:178.87,180.3 1 0
github.com/getkin/kin-openapi/openapi3/components.go:180.17,182.3 1 0
github.com/getkin/kin-openapi/openapi3/components.go:184.2,184.95 1 1
github.com/getkin/kin-openapi/openapi3/components.go:184.95,186.3 1 0
github.com/getkin/kin-openapi/openapi3/components.go:186.17,188.3 1 0
github.com/getkin/kin-openapi/openapi3/components.go:190.2,190.87 1 1
github.com/getkin/kin-openapi/openapi3/components.go:196.56,197.40 1 0
github.com/getkin/kin-openapi/openapi3/components.go:197.40,199.3 1 0
github.com/getkin/kin-openapi/openapi3/components.go:199.8,199.36 1 0
github.com/getkin/kin-openapi/openapi3/components.go:199.36,201.3 1 0
github.com/getkin/kin-openapi/openapi3/components.go:201.8,203.3 1 0
github.com/getkin/kin-openapi/openapi3/components.go:209.62,210.40 1 0
github.com/getkin/kin-openapi/openapi3/components.go:210.40,212.3 1 0
github.com/getkin/kin-openapi/openapi3/components.go:212.8,212.36 1 0
github.com/getkin/kin-openapi/openapi3/components.go:212.36,214.3 1 0
github.com/getkin/kin-openapi/openapi3/components.go:214.8,216.3 1 0
github.com/getkin/kin-openapi/openapi3/components.go:222.56,223.40 1 0
github.com/getkin/kin-openapi/openapi3/components.go:223.40,225.3 1 0
github.com/getkin/kin-openapi/openapi3/components.go:225.8,225.36 1 0
github.com/getkin/kin-openapi/openapi3/components.go:225.36,227.3 1 0
github.com/getkin/kin-openapi/openapi3/components.go:227.8,229.3 1 0
github.com/getkin/kin-openapi/openapi3/components.go:235.62,236.40 1 0
github.com/getkin/kin-openapi/openapi3/components.go:236.40,238.3 1 0
github.com/getkin/kin-openapi/openapi3/components.go:238.8,238.36 1 0
github.com/getkin/kin-openapi/openapi3/components.go:238.36,240.3 1 0
github.com/getkin/kin-openapi/openapi3/components.go:240.8,242.3 1 0
github.com/getkin/kin-openapi/openapi3/components.go:248.63,249.40 1 0
github.com/getkin/kin-openapi/openapi3/components.go:249.40,251.3 1 0
github.com/getkin/kin-openapi/openapi3/components.go:251.8,251.36 1 0
github.com/getkin/kin-openapi/openapi3/components.go:251.36,253.3 1 0
github.com/getkin/kin-openapi/openapi3/components.go:253.8,255.3 1 0
github.com/getkin/kin-openapi/openapi3/components.go:261.64,262.40 1 0
github.com/getkin/kin-openapi/openapi3/components.go:262.40,264.3 1 0
github.com/getkin/kin-openapi/openapi3/components.go:264.8,264.36 1 0
github.com/getkin/kin-openapi/openapi3/components.go:264.36,266.3 1 0
github.com/getkin/kin-openapi/openapi3/components.go:266.8,268.3 1 0
github.com/getkin/kin-openapi/openapi3/components.go:274.57,275.40 1 0
github.com/getkin/kin-openapi/openapi3/components.go:275.40,277.3 1 0
github.com/getkin/kin-openapi/openapi3/components.go:277.8,277.36 1 0
github.com/getkin/kin-openapi/openapi3/components.go:277.36,279.3 1 0
github.com/getkin/kin-openapi/openapi3/components.go:279.8,281.3 1 0
github.com/getkin/kin-openapi/openapi3/components.go:287.54,288.40 1 0
github.com/getkin/kin-openapi/openapi3/components.go:288.40,290.3 1 0
github.com/getkin/kin-openapi/openapi3/components.go:290.8,290.36 1 0
github.com/getkin/kin-openapi/openapi3/components.go:290.36,292.3 1 0
github.com/getkin/kin-openapi/openapi3/components.go:292.8,294.3 1 0
github.com/getkin/kin-openapi/openapi3/components.go:300.58,301.40 1 0
github.com/getkin/kin-openapi/openapi3/components.go:301.40,303.3 1 0
github.com/getkin/kin-openapi/openapi3/components.go:303.8,303.36 1 0
github.com/getkin/kin-openapi/openapi3/components.go:303.36,305.3 1 0
github.com/getkin/kin-openapi/openapi3/components.go:305.8,307.3 1 0
github.com/getkin/kin-openapi/openapi3/contact.go:21.54,23.16 2 0
github.com/getkin/kin-openapi/openapi3/contact.go:23.16,25.3 1 0
github.com/getkin/kin-openapi/openapi3/contact.go:26.2,26.24 1 0
github.com/getkin/kin-openapi/openapi3/contact.go:30.51,33.32 3 0
github.com/getkin/kin-openapi/openapi3/contact.go:33.32,35.3 1 0
github.com/getkin/kin-openapi/openapi3/contact.go:36.2,36.31 1 0
github.com/getkin/kin-openapi/openapi3/contact.go:36.31,38.3 1 0
github.com/getkin/kin-openapi/openapi3/contact.go:39.2,39.33 1 0
github.com/getkin/kin-openapi/openapi3/contact.go:39.33,41.3 1 0
github.com/getkin/kin-openapi/openapi3/contact.go:42.2,42.15 1 0
github.com/getkin/kin-openapi/openapi3/contact.go:46.58,49.49 3 0
github.com/getkin/kin-openapi/openapi3/contact.go:49.49,51.3 1 0
github.com/getkin/kin-openapi/openapi3/contact.go:52.2,57.28 5 0
github.com/getkin/kin-openapi/openapi3/contact.go:57.28,59.3 1 0
github.com/getkin/kin-openapi/openapi3/contact.go:60.2,61.12 2 0
github.com/getkin/kin-openapi/openapi3/contact.go:65.87,69.2 2 0
github.com/getkin/kin-openapi/openapi3/content.go:11.27,13.2 1 0
github.com/getkin/kin-openapi/openapi3/content.go:15.70,16.24 1 0
github.com/getkin/kin-openapi/openapi3/content.go:16.24,20.3 1 0
github.com/getkin/kin-openapi/openapi3/content.go:21.2,22.37 2 0
github.com/getkin/kin-openapi/openapi3/content.go:22.37,24.3 1 0
github.com/getkin/kin-openapi/openapi3/content.go:25.2,25.16 1 0
github.com/getkin/kin-openapi/openapi3/content.go:28.76,29.24 1 0
github.com/getkin/kin-openapi/openapi3/content.go:29.24,33.3 1 0
github.com/getkin/kin-openapi/openapi3/content.go:34.2,35.37 2 0
github.com/getkin/kin-openapi/openapi3/content.go:35.37,37.3 1 0
github.com/getkin/kin-openapi/openapi3/content.go:38.2,38.16 1 0
github.com/getkin/kin-openapi/openapi3/content.go:41.55,45.2 1 0
github.com/getkin/kin-openapi/openapi3/content.go:46.61,50.2 1 0
github.com/getkin/kin-openapi/openapi3/content.go:52.59,56.2 1 0
github.com/getkin/kin-openapi/openapi3/content.go:58.65,62.2 1 0
github.com/getkin/kin-openapi/openapi3/content.go:64.52,68.16 1 0
github.com/getkin/kin-openapi/openapi3/content.go:68.16,70.3 1 0
github.com/getkin/kin-openapi/openapi3/content.go:73.2,73.34 1 0
github.com/getkin/kin-openapi/openapi3/content.go:73.34,75.3 1 0
github.com/getkin/kin-openapi/openapi3/content.go:79.2,80.11 2 0
github.com/getkin/kin-openapi/openapi3/content.go:80.11,84.3 1 0
github.com/getkin/kin-openapi/openapi3/content.go:85.2,86.34 2 0
github.com/getkin/kin-openapi/openapi3/content.go:86.34,88.3 1 0
github.com/getkin/kin-openapi/openapi3/content.go:91.2,92.11 2 0
github.com/getkin/kin-openapi/openapi3/content.go:92.11,97.3 1 0
github.com/getkin/kin-openapi/openapi3/content.go:98.2,99.34 2 0
github.com/getkin/kin-openapi/openapi3/content.go:99.34,101.3 1 0
github.com/getkin/kin-openapi/openapi3/content.go:104.2,104.23 1 0
github.com/getkin/kin-openapi/openapi3/content.go:108.86,111.44 2 0
github.com/getkin/kin-openapi/openapi3/content.go:111.44,112.50 1 0
github.com/getkin/kin-openapi/openapi3/content.go:112.50,114.4 1 0
github.com/getkin/kin-openapi/openapi3/content.go:116.2,116.12 1 0
github.com/getkin/kin-openapi/openapi3/content.go:120.64,123.2 2 0
github.com/getkin/kin-openapi/openapi3/discriminator.go:24.56,27.2 2 0
github.com/getkin/kin-openapi/openapi3/discriminator.go:29.52,31.2 1 0
github.com/getkin/kin-openapi/openapi3/discriminator.go:34.66,36.16 2 0
github.com/getkin/kin-openapi/openapi3/discriminator.go:36.16,38.3 1 0
github.com/getkin/kin-openapi/openapi3/discriminator.go:39.2,39.24 1 0
github.com/getkin/kin-openapi/openapi3/discriminator.go:43.63,47.45 4 0
github.com/getkin/kin-openapi/openapi3/discriminator.go:47.45,49.3 1 0
github.com/getkin/kin-openapi/openapi3/discriminator.go:50.2,50.15 1 0
github.com/getkin/kin-openapi/openapi3/discriminator.go:54.70,57.49 3 0
github.com/getkin/kin-openapi/openapi3/discriminator.go:57.49,59.3 1 0
github.com/getkin/kin-openapi/openapi3/discriminator.go:60.2,64.28 4 0
github.com/getkin/kin-openapi/openapi3/discriminator.go:64.28,66.3 1 0
github.com/getkin/kin-openapi/openapi3/discriminator.go:67.2,68.12 2 0
github.com/getkin/kin-openapi/openapi3/discriminator.go:72.99,76.2 2 0
github.com/getkin/kin-openapi/openapi3/encoding.go:22.30,24.2 1 0
github.com/getkin/kin-openapi/openapi3/encoding.go:30.68,33.2 2 0
github.com/getkin/kin-openapi/openapi3/encoding.go:35.77,39.2 1 0
github.com/getkin/kin-openapi/openapi3/encoding.go:41.80,43.20 2 0
github.com/getkin/kin-openapi/openapi3/encoding.go:43.20,46.3 2 0
github.com/getkin/kin-openapi/openapi3/encoding.go:47.2,48.17 2 0
github.com/getkin/kin-openapi/openapi3/encoding.go:52.56,54.16 2 0
github.com/getkin/kin-openapi/openapi3/encoding.go:54.16,56.3 1 0
github.com/getkin/kin-openapi/openapi3/encoding.go:57.2,57.24 1 0
github.com/getkin/kin-openapi/openapi3/encoding.go:61.53,64.40 3 0
github.com/getkin/kin-openapi/openapi3/encoding.go:64.40,66.3 1 0
github.com/getkin/kin-openapi/openapi3/encoding.go:67.2,67.40 1 0
github.com/getkin/kin-openapi/openapi3/encoding.go:67.40,69.3 1 0
github.com/getkin/kin-openapi/openapi3/encoding.go:70.2,70.34 1 0
github.com/getkin/kin-openapi/openapi3/encoding.go:70.34,72.3 1 0
github.com/getkin/kin-openapi/openapi3/encoding.go:73.2,73.37 1 0
github.com/getkin/kin-openapi/openapi3/encoding.go:73.37,75.3 1 0
github.com/getkin/kin-openapi/openapi3/encoding.go:76.2,76.36 1 0
github.com/getkin/kin-openapi/openapi3/encoding.go:76.36,78.3 1 0
github.com/getkin/kin-openapi/openapi3/encoding.go:79.2,79.15 1 0
github.com/getkin/kin-openapi/openapi3/encoding.go:83.60,86.49 3 0
github.com/getkin/kin-openapi/openapi3/encoding.go:86.49,88.3 1 0
github.com/getkin/kin-openapi/openapi3/encoding.go:89.2,96.28 7 0
github.com/getkin/kin-openapi/openapi3/encoding.go:96.28,98.3 1 0
github.com/getkin/kin-openapi/openapi3/encoding.go:99.2,100.12 2 0
github.com/getkin/kin-openapi/openapi3/encoding.go:105.70,107.21 2 0
github.com/getkin/kin-openapi/openapi3/encoding.go:107.21,108.27 1 0
github.com/getkin/kin-openapi/openapi3/encoding.go:108.27,110.4 1 0
github.com/getkin/kin-openapi/openapi3/encoding.go:111.3,111.30 1 0
github.com/getkin/kin-openapi/openapi3/encoding.go:111.30,113.4 1 0
github.com/getkin/kin-openapi/openapi3/encoding.go:115.2,115.11 1 0
github.com/getkin/kin-openapi/openapi3/encoding.go:119.89,122.21 2 0
github.com/getkin/kin-openapi/openapi3/encoding.go:122.21,124.3 1 0
github.com/getkin/kin-openapi/openapi3/encoding.go:126.2,126.53 1 0
github.com/getkin/kin-openapi/openapi3/encoding.go:126.53,128.47 2 0
github.com/getkin/kin-openapi/openapi3/encoding.go:128.47,130.4 1 0
github.com/getkin/kin-openapi/openapi3/encoding.go:131.3,131.41 1 0
github.com/getkin/kin-openapi/openapi3/encoding.go:131.41,133.4 1 0
github.com/getkin/kin-openapi/openapi3/encoding.go:137.2,138.9 2 0
github.com/getkin/kin-openapi/openapi3/encoding.go:145.53,145.53 0 0
github.com/getkin/kin-openapi/openapi3/encoding.go:146.10,147.92 1 0
github.com/getkin/kin-openapi/openapi3/encoding.go:150.2,150.70 1 0
github.com/getkin/kin-openapi/openapi3/error_collector.go:26.57,28.2 1 1
github.com/getkin/kin-openapi/openapi3/error_collector.go:30.46,31.16 1 1
github.com/getkin/kin-openapi/openapi3/error_collector.go:31.16,33.3 1 1
github.com/getkin/kin-openapi/openapi3/error_collector.go:34.2,34.14 1 0
github.com/getkin/kin-openapi/openapi3/error_collector.go:34.14,36.3 1 0
github.com/getkin/kin-openapi/openapi3/error_collector.go:37.2,37.36 1 0
github.com/getkin/kin-openapi/openapi3/error_collector.go:37.36,38.26 1 0
github.com/getkin/kin-openapi/openapi3/error_collector.go:38.26,39.34 1 0
github.com/getkin/kin-openapi/openapi3/error_collector.go:39.34,41.5 1 0
github.com/getkin/kin-openapi/openapi3/error_collector.go:43.3,43.13 1 0
github.com/getkin/kin-openapi/openapi3/error_collector.go:45.2,46.12 2 0
github.com/getkin/kin-openapi/openapi3/error_collector.go:49.77,50.16 1 1
github.com/getkin/kin-openapi/openapi3/error_collector.go:50.16,52.3 1 1
github.com/getkin/kin-openapi/openapi3/error_collector.go:53.2,53.14 1 0
github.com/getkin/kin-openapi/openapi3/error_collector.go:53.14,55.3 1 0
github.com/getkin/kin-openapi/openapi3/error_collector.go:56.2,56.36 1 0
github.com/getkin/kin-openapi/openapi3/error_collector.go:56.36,57.26 1 0
github.com/getkin/kin-openapi/openapi3/error_collector.go:57.26,58.47 1 0
github.com/getkin/kin-openapi/openapi3/error_collector.go:58.47,60.5 1 0
github.com/getkin/kin-openapi/openapi3/error_collector.go:62.3,62.13 1 0
github.com/getkin/kin-openapi/openapi3/error_collector.go:64.2,64.26 1 0
github.com/getkin/kin-openapi/openapi3/error_collector.go:67.39,68.21 1 1
github.com/getkin/kin-openapi/openapi3/error_collector.go:68.21,70.3 1 0
github.com/getkin/kin-openapi/openapi3/error_collector.go:71.2,71.12 1 1
github.com/getkin/kin-openapi/openapi3/error_collector.go:77.50,78.32 1 1
github.com/getkin/kin-openapi/openapi3/error_collector.go:78.32,80.3 1 0
github.com/getkin/kin-openapi/openapi3/error_collector.go:81.2,81.19 1 1
github.com/getkin/kin-openapi/openapi3/errors.go:12.37,14.2 1 0
github.com/getkin/kin-openapi/openapi3/errors.go:16.49,18.25 2 0
github.com/getkin/kin-openapi/openapi3/errors.go:18.25,20.23 2 0
github.com/getkin/kin-openapi/openapi3/errors.go:20.23,22.4 1 0
github.com/getkin/kin-openapi/openapi3/errors.go:24.2,24.22 1 0
github.com/getkin/kin-openapi/openapi3/errors.go:29.44,30.38 1 0
github.com/getkin/kin-openapi/openapi3/errors.go:30.38,32.3 1 0
github.com/getkin/kin-openapi/openapi3/errors.go:33.2,33.23 1 0
github.com/getkin/kin-openapi/openapi3/errors.go:33.23,34.27 1 0
github.com/getkin/kin-openapi/openapi3/errors.go:34.27,36.4 1 0
github.com/getkin/kin-openapi/openapi3/errors.go:38.2,38.14 1 0
github.com/getkin/kin-openapi/openapi3/errors.go:42.42,43.23 1 0
github.com/getkin/kin-openapi/openapi3/errors.go:43.23,44.27 1 0
github.com/getkin/kin-openapi/openapi3/errors.go:44.27,46.4 1 0
github.com/getkin/kin-openapi/openapi3/errors.go:48.2,48.14 1 0
github.com/getkin/kin-openapi/openapi3/errors.go:53.46,55.2 1 0
github.com/getkin/kin-openapi/openapi3/errors.go:57.46,59.2 1 0
github.com/getkin/kin-openapi/openapi3/errors.go:63.46,65.2 1 0
github.com/getkin/kin-openapi/openapi3/errors.go:67.46,69.2 1 0
github.com/getkin/kin-openapi/openapi3/example.go:21.37,23.2 1 0
github.com/getkin/kin-openapi/openapi3/example.go:26.54,28.16 2 0
github.com/getkin/kin-openapi/openapi3/example.go:28.16,30.3 1 0
github.com/getkin/kin-openapi/openapi3/example.go:31.2,31.24 1 0
github.com/getkin/kin-openapi/openapi3/example.go:35.51,38.35 3 0
github.com/getkin/kin-openapi/openapi3/example.go:38.35,40.3 1 0
github.com/getkin/kin-openapi/openapi3/example.go:41.2,41.39 1 0
github.com/getkin/kin-openapi/openapi3/example.go:41.39,43.3 1 0
github.com/getkin/kin-openapi/openapi3/example.go:44.2,44.34 1 0
github.com/getkin/kin-openapi/openapi3/example.go:44.34,46.3 1 0
github.com/getkin/kin-openapi/openapi3/example.go:47.2,47.41 1 0
github.com/getkin/kin-openapi/openapi3/example.go:47.41,49.3 1 0
github.com/getkin/kin-openapi/openapi3/example.go:50.2,50.15 1 0
github.com/getkin/kin-openapi/openapi3/example.go:54.58,57.49 3 0
github.com/getkin/kin-openapi/openapi3/example.go:57.49,59.3 1 0
github.com/getkin/kin-openapi/openapi3/example.go:60.2,65.28 6 0
github.com/getkin/kin-openapi/openapi3/example.go:65.28,67.3 1 0
github.com/getkin/kin-openapi/openapi3/example.go:68.2,69.12 2 0
github.com/getkin/kin-openapi/openapi3/example.go:73.87,76.57 2 0
github.com/getkin/kin-openapi/openapi3/example.go:76.57,78.3 1 0
github.com/getkin/kin-openapi/openapi3/example.go:79.2,79.57 1 0
github.com/getkin/kin-openapi/openapi3/example.go:79.57,81.3 1 0
github.com/getkin/kin-openapi/openapi3/example.go:83.2,83.68 1 0
github.com/getkin/kin-openapi/openapi3/example.go:87.66,90.2 2 0
github.com/getkin/kin-openapi/openapi3/example_validation.go:5.81,9.32 3 0
github.com/getkin/kin-openapi/openapi3/example_validation.go:9.32,11.3 1 0
github.com/getkin/kin-openapi/openapi3/example_validation.go:11.8,11.39 1 0
github.com/getkin/kin-openapi/openapi3/example_validation.go:11.39,13.3 1 0
github.com/getkin/kin-openapi/openapi3/example_validation.go:15.2,15.40 1 0
github.com/getkin/kin-openapi/openapi3/example_validation.go:15.40,17.3 1 0
github.com/getkin/kin-openapi/openapi3/example_validation.go:19.2,19.41 1 0
github.com/getkin/kin-openapi/openapi3/extension.go:15.95,19.47 3 1
github.com/getkin/kin-openapi/openapi3/extension.go:19.47,20.33 1 0
github.com/getkin/kin-openapi/openapi3/extension.go:20.33,21.12 1 0
github.com/getkin/kin-openapi/openapi3/extension.go:23.3,23.21 1 0
github.com/getkin/kin-openapi/openapi3/extension.go:23.21,24.31 1 0
github.com/getkin/kin-openapi/openapi3/extension.go:24.31,25.13 1 0
github.com/getkin/kin-openapi/openapi3/extension.go:28.3,28.33 1 0
github.com/getkin/kin-openapi/openapi3/extension.go:31.2,31.24 1 1
github.com/getkin/kin-openapi/openapi3/extension.go:31.24,33.3 1 0
github.com/getkin/kin-openapi/openapi3/extension.go:35.2,35.12 1 1
github.com/getkin/kin-openapi/openapi3/external_docs.go:21.53,23.16 2 0
github.com/getkin/kin-openapi/openapi3/external_docs.go:23.16,25.3 1 0
github.com/getkin/kin-openapi/openapi3/external_docs.go:26.2,26.24 1 0
github.com/getkin/kin-openapi/openapi3/external_docs.go:30.50,33.33 3 0
github.com/getkin/kin-openapi/openapi3/external_docs.go:33.33,35.3 1 0
github.com/getkin/kin-openapi/openapi3/external_docs.go:36.2,36.25 1 0
github.com/getkin/kin-openapi/openapi3/external_docs.go:36.25,38.3 1 0
github.com/getkin/kin-openapi/openapi3/external_docs.go:39.2,39.15 1 0
github.com/getkin/kin-openapi/openapi3/external_docs.go:43.57,46.49 3 0
github.com/getkin/kin-openapi/openapi3/external_docs.go:46.49,48.3 1 0
github.com/getkin/kin-openapi/openapi3/external_docs.go:49.2,52.28 4 0
github.com/getkin/kin-openapi/openapi3/external_docs.go:52.28,54.3 1 0
github.com/getkin/kin-openapi/openapi3/external_docs.go:55.2,56.12 2 0
github.com/getkin/kin-openapi/openapi3/external_docs.go:60.86,64.17 3 0
github.com/getkin/kin-openapi/openapi3/external_docs.go:64.17,65.71 1 0
github.com/getkin/kin-openapi/openapi3/external_docs.go:65.71,67.4 1 0
github.com/getkin/kin-openapi/openapi3/external_docs.go:69.2,69.44 1 0
github.com/getkin/kin-openapi/openapi3/external_docs.go:69.44,70.78 1 0
github.com/getkin/kin-openapi/openapi3/external_docs.go:70.78,72.4 1 0
github.com/getkin/kin-openapi/openapi3/external_docs.go:75.2,75.69 1 0
github.com/getkin/kin-openapi/openapi3/header.go:18.60,20.2 1 0
github.com/getkin/kin-openapi/openapi3/header.go:23.52,25.2 1 0
github.com/getkin/kin-openapi/openapi3/header.go:28.56,30.2 1 0
github.com/getkin/kin-openapi/openapi3/header.go:33.49,35.2 1 0
github.com/getkin/kin-openapi/openapi3/header.go:38.75,40.17 2 0
github.com/getkin/kin-openapi/openapi3/header.go:40.17,42.3 1 0
github.com/getkin/kin-openapi/openapi3/header.go:43.2,44.27 2 0
github.com/getkin/kin-openapi/openapi3/header.go:44.27,46.3 1 0
github.com/getkin/kin-openapi/openapi3/header.go:47.2,47.66 1 0
github.com/getkin/kin-openapi/openapi3/header.go:51.85,54.23 2 0
github.com/getkin/kin-openapi/openapi3/header.go:54.23,56.3 1 0
github.com/getkin/kin-openapi/openapi3/header.go:57.2,57.21 1 0
github.com/getkin/kin-openapi/openapi3/header.go:57.21,59.3 1 0
github.com/getkin/kin-openapi/openapi3/header.go:62.2,63.16 2 0
github.com/getkin/kin-openapi/openapi3/header.go:63.16,65.3 1 0
github.com/getkin/kin-openapi/openapi3/header.go:66.2,68.63 1 0
github.com/getkin/kin-openapi/openapi3/header.go:68.63,71.3 2 0
github.com/getkin/kin-openapi/openapi3/header.go:73.2,73.58 1 0
github.com/getkin/kin-openapi/openapi3/header.go:73.58,76.3 1 0
github.com/getkin/kin-openapi/openapi3/header.go:77.2,77.44 1 0
github.com/getkin/kin-openapi/openapi3/header.go:77.44,78.46 1 0
github.com/getkin/kin-openapi/openapi3/header.go:78.46,80.4 1 0
github.com/getkin/kin-openapi/openapi3/header.go:83.2,83.47 1 0
github.com/getkin/kin-openapi/openapi3/header.go:83.47,84.23 1 0
github.com/getkin/kin-openapi/openapi3/header.go:84.23,87.4 1 0
github.com/getkin/kin-openapi/openapi3/header.go:89.3,89.47 1 0
github.com/getkin/kin-openapi/openapi3/header.go:89.47,91.4 1 0
github.com/getkin/kin-openapi/openapi3/header.go:93.2,93.12 1 0
github.com/getkin/kin-openapi/openapi3/header.go:97.64,100.2 2 0
github.com/getkin/kin-openapi/openapi3/helpers.go:27.45,28.41 1 1
github.com/getkin/kin-openapi/openapi3/helpers.go:28.41,30.3 1 1
github.com/getkin/kin-openapi/openapi3/helpers.go:31.2,31.115 1 0
github.com/getkin/kin-openapi/openapi3/helpers.go:35.29,37.2 1 0
github.com/getkin/kin-openapi/openapi3/helpers.go:42.41,44.2 1 0
github.com/getkin/kin-openapi/openapi3/helpers.go:49.32,51.2 1 0
github.com/getkin/kin-openapi/openapi3/helpers.go:56.35,58.2 1 0
github.com/getkin/kin-openapi/openapi3/helpers.go:63.38,65.2 1 0
github.com/getkin/kin-openapi/openapi3/helpers.go:68.53,70.19 2 1
github.com/getkin/kin-openapi/openapi3/helpers.go:70.19,72.3 1 1
github.com/getkin/kin-openapi/openapi3/helpers.go:73.2,74.12 2 1
github.com/getkin/kin-openapi/openapi3/helpers.go:78.35,79.14 1 1
github.com/getkin/kin-openapi/openapi3/helpers.go:79.14,81.3 1 0
github.com/getkin/kin-openapi/openapi3/helpers.go:83.2,84.11 2 1
github.com/getkin/kin-openapi/openapi3/helpers.go:104.66,105.28 1 0
github.com/getkin/kin-openapi/openapi3/helpers.go:105.28,107.3 1 0
github.com/getkin/kin-openapi/openapi3/helpers.go:109.2,112.28 3 0
github.com/getkin/kin-openapi/openapi3/helpers.go:112.28,114.3 1 0
github.com/getkin/kin-openapi/openapi3/helpers.go:117.2,117.34 1 0
github.com/getkin/kin-openapi/openapi3/helpers.go:123.60,124.58 1 0
github.com/getkin/kin-openapi/openapi3/helpers.go:124.58,126.3 1 0
github.com/getkin/kin-openapi/openapi3/helpers.go:128.2,132.44 3 0
github.com/getkin/kin-openapi/openapi3/helpers.go:135.55,137.21 2 0
github.com/getkin/kin-openapi/openapi3/helpers.go:137.21,139.3 1 0
github.com/getkin/kin-openapi/openapi3/helpers.go:140.2,140.21 1 0
github.com/getkin/kin-openapi/openapi3/helpers.go:140.21,142.3 1 0
github.com/getkin/kin-openapi/openapi3/helpers.go:144.2,144.35 1 0
github.com/getkin/kin-openapi/openapi3/helpers.go:187.81,188.41 1 0
github.com/getkin/kin-openapi/openapi3/helpers.go:188.41,190.3 1 0
github.com/getkin/kin-openapi/openapi3/helpers.go:194.2,194.107 1 0
github.com/getkin/kin-openapi/openapi3/helpers.go:194.107,196.39 1 0
github.com/getkin/kin-openapi/openapi3/helpers.go:196.39,200.4 2 0
github.com/getkin/kin-openapi/openapi3/helpers.go:204.2,204.27 1 0
github.com/getkin/kin-openapi/openapi3/helpers.go:204.27,206.3 1 0
github.com/getkin/kin-openapi/openapi3/helpers.go:208.2,209.16 2 0
github.com/getkin/kin-openapi/openapi3/helpers.go:209.16,210.13 1 0
github.com/getkin/kin-openapi/openapi3/helpers.go:213.2,218.43 3 0
github.com/getkin/kin-openapi/openapi3/helpers.go:218.43,222.35 3 0
github.com/getkin/kin-openapi/openapi3/helpers.go:222.35,226.4 2 0
github.com/getkin/kin-openapi/openapi3/helpers.go:227.8,229.3 1 0
github.com/getkin/kin-openapi/openapi3/helpers.go:233.2,233.50 1 0
github.com/getkin/kin-openapi/openapi3/helpers.go:233.50,236.47 2 0
github.com/getkin/kin-openapi/openapi3/helpers.go:236.47,237.12 1 0
github.com/getkin/kin-openapi/openapi3/helpers.go:241.3,241.36 1 0
github.com/getkin/kin-openapi/openapi3/helpers.go:241.36,242.12 1 0
github.com/getkin/kin-openapi/openapi3/helpers.go:246.3,246.70 1 0
github.com/getkin/kin-openapi/openapi3/helpers.go:249.2,249.18 1 0
github.com/getkin/kin-openapi/openapi3/helpers.go:253.42,255.2 1 0
github.com/getkin/kin-openapi/openapi3/helpers.go:258.65,260.2 1 0
github.com/getkin/kin-openapi/openapi3/helpers.go:263.48,265.2 1 0
github.com/getkin/kin-openapi/openapi3/helpers.go:268.41,270.2 1 0
github.com/getkin/kin-openapi/openapi3/helpers.go:273.38,275.2 1 0
github.com/getkin/kin-openapi/openapi3/info.go:26.48,28.16 2 0
github.com/getkin/kin-openapi/openapi3/info.go:28.16,30.3 1 0
github.com/getkin/kin-openapi/openapi3/info.go:31.2,31.24 1 0
github.com/getkin/kin-openapi/openapi3/info.go:35.46,36.17 1 0
github.com/getkin/kin-openapi/openapi3/info.go:36.17,38.3 1 0
github.com/getkin/kin-openapi/openapi3/info.go:39.2,42.32 4 0
github.com/getkin/kin-openapi/openapi3/info.go:42.32,44.3 1 0
github.com/getkin/kin-openapi/openapi3/info.go:45.2,45.36 1 0
github.com/getkin/kin-openapi/openapi3/info.go:45.36,47.3 1 0
github.com/getkin/kin-openapi/openapi3/info.go:48.2,48.39 1 0
github.com/getkin/kin-openapi/openapi3/info.go:48.39,50.3 1 0
github.com/getkin/kin-openapi/openapi3/info.go:51.2,51.33 1 0
github.com/getkin/kin-openapi/openapi3/info.go:51.33,53.3 1 0
github.com/getkin/kin-openapi/openapi3/info.go:54.2,54.33 1 0
github.com/getkin/kin-openapi/openapi3/info.go:54.33,56.3 1 0
github.com/getkin/kin-openapi/openapi3/info.go:57.2,58.15 2 0
github.com/getkin/kin-openapi/openapi3/info.go:62.52,65.49 3 1
github.com/getkin/kin-openapi/openapi3/info.go:65.49,67.3 1 0
github.com/getkin/kin-openapi/openapi3/info.go:68.2,76.28 9 1
github.com/getkin/kin-openapi/openapi3/info.go:76.28,78.3 1 1
github.com/getkin/kin-openapi/openapi3/info.go:79.2,80.12 2 1
github.com/getkin/kin-openapi/openapi3/info.go:84.81,88.73 3 1
github.com/getkin/kin-openapi/openapi3/info.go:88.73,89.76 1 0
github.com/getkin/kin-openapi/openapi3/info.go:89.76,91.4 1 0
github.com/getkin/kin-openapi/openapi3/info.go:94.2,94.45 1 1
github.com/getkin/kin-openapi/openapi3/info.go:94.45,95.56 1 0
github.com/getkin/kin-openapi/openapi3/info.go:95.56,97.4 1 0
github.com/getkin/kin-openapi/openapi3/info.go:100.2,100.45 1 1
github.com/getkin/kin-openapi/openapi3/info.go:100.45,101.56 1 0
github.com/getkin/kin-openapi/openapi3/info.go:101.56,103.4 1 0
github.com/getkin/kin-openapi/openapi3/info.go:106.2,106.24 1 1
github.com/getkin/kin-openapi/openapi3/info.go:106.24,107.70 1 0
github.com/getkin/kin-openapi/openapi3/info.go:107.70,109.4 1 0
github.com/getkin/kin-openapi/openapi3/info.go:112.2,112.22 1 1
github.com/getkin/kin-openapi/openapi3/info.go:112.22,113.68 1 0
github.com/getkin/kin-openapi/openapi3/info.go:113.68,115.4 1 0
github.com/getkin/kin-openapi/openapi3/info.go:118.2,118.75 1 1
github.com/getkin/kin-openapi/openapi3/internalize_refs.go:30.62,31.51 1 0
github.com/getkin/kin-openapi/openapi3/internalize_refs.go:31.51,32.47 1 0
github.com/getkin/kin-openapi/openapi3/internalize_refs.go:35.2,44.77 2 0
github.com/getkin/kin-openapi/openapi3/internalize_refs.go:44.77,50.3 4 0
github.com/getkin/kin-openapi/openapi3/internalize_refs.go:52.2,56.99 2 0
github.com/getkin/kin-openapi/openapi3/internalize_refs.go:56.99,58.3 1 0
github.com/getkin/kin-openapi/openapi3/internalize_refs.go:60.2,60.20 1 0
github.com/getkin/kin-openapi/openapi3/internalize_refs.go:60.20,62.49 1 0
github.com/getkin/kin-openapi/openapi3/internalize_refs.go:62.49,64.4 1 0
github.com/getkin/kin-openapi/openapi3/internalize_refs.go:67.3,67.73 1 0
github.com/getkin/kin-openapi/openapi3/internalize_refs.go:67.73,69.4 1 0
github.com/getkin/kin-openapi/openapi3/internalize_refs.go:72.3,72.21 1 0
github.com/getkin/kin-openapi/openapi3/internalize_refs.go:72.21,73.116 1 0
github.com/getkin/kin-openapi/openapi3/internalize_refs.go:73.116,74.63 1 0
github.com/getkin/kin-openapi/openapi3/internalize_refs.go:74.63,76.11 2 0
github.com/getkin/kin-openapi/openapi3/internalize_refs.go:82.2,85.20 2 0
github.com/getkin/kin-openapi/openapi3/internalize_refs.go:85.20,87.3 1 0
github.com/getkin/kin-openapi/openapi3/internalize_refs.go:89.2,89.25 1 0
github.com/getkin/kin-openapi/openapi3/internalize_refs.go:89.25,90.29 1 0
github.com/getkin/kin-openapi/openapi3/internalize_refs.go:90.29,92.4 1 0
github.com/getkin/kin-openapi/openapi3/internalize_refs.go:94.3,94.60 1 0
github.com/getkin/kin-openapi/openapi3/internalize_refs.go:98.2,100.25 2 0
github.com/getkin/kin-openapi/openapi3/internalize_refs.go:105.52,106.27 1 0
github.com/getkin/kin-openapi/openapi3/internalize_refs.go:106.27,108.3 1 0
github.com/getkin/kin-openapi/openapi3/internalize_refs.go:110.2,115.49 5 0
github.com/getkin/kin-openapi/openapi3/internalize_refs.go:115.49,118.23 2 0
github.com/getkin/kin-openapi/openapi3/internalize_refs.go:118.23,120.4 1 0
github.com/getkin/kin-openapi/openapi3/internalize_refs.go:122.3,122.20 1 0
github.com/getkin/kin-openapi/openapi3/internalize_refs.go:125.2,125.17 1 0
github.com/getkin/kin-openapi/openapi3/internalize_refs.go:128.60,130.2 1 0
github.com/getkin/kin-openapi/openapi3/internalize_refs.go:132.106,133.57 1 0
github.com/getkin/kin-openapi/openapi3/internalize_refs.go:133.57,135.3 1 0
github.com/getkin/kin-openapi/openapi3/internalize_refs.go:137.2,138.27 2 0
github.com/getkin/kin-openapi/openapi3/internalize_refs.go:138.27,139.48 1 0
github.com/getkin/kin-openapi/openapi3/internalize_refs.go:139.48,142.4 2 0
github.com/getkin/kin-openapi/openapi3/internalize_refs.go:145.2,145.27 1 0
github.com/getkin/kin-openapi/openapi3/internalize_refs.go:145.27,147.3 1 0
github.com/getkin/kin-openapi/openapi3/internalize_refs.go:148.2,148.35 1 0
github.com/getkin/kin-openapi/openapi3/internalize_refs.go:148.35,150.3 1 0
github.com/getkin/kin-openapi/openapi3/internalize_refs.go:151.2,153.13 3 0
github.com/getkin/kin-openapi/openapi3/internalize_refs.go:156.112,157.57 1 0
github.com/getkin/kin-openapi/openapi3/internalize_refs.go:157.57,159.3 1 0
github.com/getkin/kin-openapi/openapi3/internalize_refs.go:160.2,161.27 2 0
github.com/getkin/kin-openapi/openapi3/internalize_refs.go:161.27,162.51 1 0
github.com/getkin/kin-openapi/openapi3/internalize_refs.go:162.51,165.4 2 0
github.com/getkin/kin-openapi/openapi3/internalize_refs.go:168.2,168.27 1 0
github.com/getkin/kin-openapi/openapi3/internalize_refs.go:168.27,170.3 1 0
github.com/getkin/kin-openapi/openapi3/internalize_refs.go:171.2,171.38 1 0
github.com/getkin/kin-openapi/openapi3/internalize_refs.go:171.38,173.3 1 0
github.com/getkin/kin-openapi/openapi3/internalize_refs.go:174.2,176.13 3 0
github.com/getkin/kin-openapi/openapi3/internalize_refs.go:179.106,180.57 1 0
github.com/getkin/kin-openapi/openapi3/internalize_refs.go:180.57,182.3 1 0
github.com/getkin/kin-openapi/openapi3/internalize_refs.go:183.2,184.27 2 0
github.com/getkin/kin-openapi/openapi3/internalize_refs.go:184.27,185.48 1 0
github.com/getkin/kin-openapi/openapi3/internalize_refs.go:185.48,188.4 2 0
github.com/getkin/kin-openapi/openapi3/internalize_refs.go:191.2,191.27 1 0
github.com/getkin/kin-openapi/openapi3/internalize_refs.go:191.27,193.3 1 0
github.com/getkin/kin-openapi/openapi3/internalize_refs.go:194.2,194.35 1 0
github.com/getkin/kin-openapi/openapi3/internalize_refs.go:194.35,196.3 1 0
github.com/getkin/kin-openapi/openapi3/internalize_refs.go:197.2,199.13 3 0
github.com/getkin/kin-openapi/openapi3/internalize_refs.go:202.116,203.57 1 0
github.com/getkin/kin-openapi/openapi3/internalize_refs.go:203.57,205.3 1 0
github.com/getkin/kin-openapi/openapi3/internalize_refs.go:206.2,207.27 2 0
github.com/getkin/kin-openapi/openapi3/internalize_refs.go:207.27,208.54 1 0
github.com/getkin/kin-openapi/openapi3/internalize_refs.go:208.54,211.4 2 0
github.com/getkin/kin-openapi/openapi3/internalize_refs.go:214.2,214.27 1 0
github.com/getkin/kin-openapi/openapi3/internalize_refs.go:214.27,216.3 1 0
github.com/getkin/kin-openapi/openapi3/internalize_refs.go:217.2,217.41 1 0
github.com/getkin/kin-openapi/openapi3/internalize_refs.go:217.41,219.3 1 0
github.com/getkin/kin-openapi/openapi3/internalize_refs.go:220.2,222.13 3 0
github.com/getkin/kin-openapi/openapi3/internalize_refs.go:225.110,226.57 1 0
github.com/getkin/kin-openapi/openapi3/internalize_refs.go:226.57,228.3 1 0
github.com/getkin/kin-openapi/openapi3/internalize_refs.go:229.2,230.27 2 0
github.com/getkin/kin-openapi/openapi3/internalize_refs.go:230.27,231.50 1 0
github.com/getkin/kin-openapi/openapi3/internalize_refs.go:231.50,234.4 2 0
github.com/getkin/kin-openapi/openapi3/internalize_refs.go:237.2,237.27 1 0
github.com/getkin/kin-openapi/openapi3/internalize_refs.go:237.27,239.3 1 0
github.com/getkin/kin-openapi/openapi3/internalize_refs.go:240.2,240.37 1 0
github.com/getkin/kin-openapi/openapi3/internalize_refs.go:240.37,242.3 1 0
github.com/getkin/kin-openapi/openapi3/internalize_refs.go:243.2,245.13 3 0
github.com/getkin/kin-openapi/openapi3/internalize_refs.go:248.118,249.59 1 0
github.com/getkin/kin-openapi/openapi3/internalize_refs.go:249.59,251.3 1 0
github.com/getkin/kin-openapi/openapi3/internalize_refs.go:252.2,253.27 2 0
github.com/getkin/kin-openapi/openapi3/internalize_refs.go:253.27,254.56 1 0
github.com/getkin/kin-openapi/openapi3/internalize_refs.go:254.56,257.4 2 0
github.com/getkin/kin-openapi/openapi3/internalize_refs.go:260.2,260.27 1 0
github.com/getkin/kin-openapi/openapi3/internalize_refs.go:260.27,262.3 1 0
github.com/getkin/kin-openapi/openapi3/internalize_refs.go:263.2,263.43 1 0
github.com/getkin/kin-openapi/openapi3/internalize_refs.go:263.43,265.3 1 0
github.com/getkin/kin-openapi/openapi3/internalize_refs.go:266.2,267.49 2 0
github.com/getkin/kin-openapi/openapi3/internalize_refs.go:271.103,272.57 1 0
github.com/getkin/kin-openapi/openapi3/internalize_refs.go:272.57,274.3 1 0
github.com/getkin/kin-openapi/openapi3/internalize_refs.go:275.2,276.27 2 0
github.com/getkin/kin-openapi/openapi3/internalize_refs.go:276.27,277.49 1 0
github.com/getkin/kin-openapi/openapi3/internalize_refs.go:277.49,280.4 2 0
github.com/getkin/kin-openapi/openapi3/internalize_refs.go:283.2,283.27 1 0
github.com/getkin/kin-openapi/openapi3/internalize_refs.go:283.27,285.3 1 0
github.com/getkin/kin-openapi/openapi3/internalize_refs.go:286.2,286.36 1 0
github.com/getkin/kin-openapi/openapi3/internalize_refs.go:286.36,288.3 1 0
github.com/getkin/kin-openapi/openapi3/internalize_refs.go:289.2,290.41 2 0
github.com/getkin/kin-openapi/openapi3/internalize_refs.go:294.97,295.57 1 0
github.com/getkin/kin-openapi/openapi3/internalize_refs.go:295.57,297.3 1 0
github.com/getkin/kin-openapi/openapi3/internalize_refs.go:298.2,299.27 2 0
github.com/getkin/kin-openapi/openapi3/internalize_refs.go:299.27,300.46 1 0
github.com/getkin/kin-openapi/openapi3/internalize_refs.go:300.46,303.4 2 0
github.com/getkin/kin-openapi/openapi3/internalize_refs.go:306.2,306.27 1 0
github.com/getkin/kin-openapi/openapi3/internalize_refs.go:306.27,308.3 1 0
github.com/getkin/kin-openapi/openapi3/internalize_refs.go:309.2,309.33 1 0
github.com/getkin/kin-openapi/openapi3/internalize_refs.go:309.33,311.3 1 0
github.com/getkin/kin-openapi/openapi3/internalize_refs.go:312.2,313.38 2 0
github.com/getkin/kin-openapi/openapi3/internalize_refs.go:317.110,318.57 1 0
github.com/getkin/kin-openapi/openapi3/internalize_refs.go:318.57,320.3 1 0
github.com/getkin/kin-openapi/openapi3/internalize_refs.go:321.2,323.27 2 0
github.com/getkin/kin-openapi/openapi3/internalize_refs.go:323.27,325.3 1 0
github.com/getkin/kin-openapi/openapi3/internalize_refs.go:326.2,326.37 1 0
github.com/getkin/kin-openapi/openapi3/internalize_refs.go:326.37,328.3 1 0
github.com/getkin/kin-openapi/openapi3/internalize_refs.go:329.2,331.13 3 0
github.com/getkin/kin-openapi/openapi3/internalize_refs.go:334.94,335.40 1 0
github.com/getkin/kin-openapi/openapi3/internalize_refs.go:335.40,337.3 1 0
github.com/getkin/kin-openapi/openapi3/internalize_refs.go:339.2,339.63 1 0
github.com/getkin/kin-openapi/openapi3/internalize_refs.go:339.63,340.27 1 0
github.com/getkin/kin-openapi/openapi3/internalize_refs.go:340.27,342.17 2 0
github.com/getkin/kin-openapi/openapi3/internalize_refs.go:342.17,344.5 1 0
github.com/getkin/kin-openapi/openapi3/internalize_refs.go:350.2,350.28 1 0
github.com/getkin/kin-openapi/openapi3/internalize_refs.go:350.28,351.61 1 0
github.com/getkin/kin-openapi/openapi3/internalize_refs.go:351.61,357.4 5 0
github.com/getkin/kin-openapi/openapi3/internalize_refs.go:360.2,360.52 1 0
github.com/getkin/kin-openapi/openapi3/internalize_refs.go:360.52,363.16 3 0
github.com/getkin/kin-openapi/openapi3/internalize_refs.go:363.16,365.4 1 0
github.com/getkin/kin-openapi/openapi3/internalize_refs.go:367.2,367.82 1 0
github.com/getkin/kin-openapi/openapi3/internalize_refs.go:367.82,369.17 2 0
github.com/getkin/kin-openapi/openapi3/internalize_refs.go:369.17,371.4 1 0
github.com/getkin/kin-openapi/openapi3/internalize_refs.go:375.96,376.42 1 0
github.com/getkin/kin-openapi/openapi3/internalize_refs.go:376.42,379.35 3 0
github.com/getkin/kin-openapi/openapi3/internalize_refs.go:379.35,380.12 1 0
github.com/getkin/kin-openapi/openapi3/internalize_refs.go:382.3,382.89 1 0
github.com/getkin/kin-openapi/openapi3/internalize_refs.go:386.98,387.42 1 0
github.com/getkin/kin-openapi/openapi3/internalize_refs.go:387.42,390.3 2 0
github.com/getkin/kin-openapi/openapi3/internalize_refs.go:393.95,394.41 1 0
github.com/getkin/kin-openapi/openapi3/internalize_refs.go:394.41,397.30 3 0
github.com/getkin/kin-openapi/openapi3/internalize_refs.go:397.30,399.4 1 0
github.com/getkin/kin-openapi/openapi3/internalize_refs.go:400.3,401.59 2 0
github.com/getkin/kin-openapi/openapi3/internalize_refs.go:401.59,404.4 2 0
github.com/getkin/kin-openapi/openapi3/internalize_refs.go:408.92,409.42 1 0
github.com/getkin/kin-openapi/openapi3/internalize_refs.go:409.42,412.3 2 0
github.com/getkin/kin-openapi/openapi3/internalize_refs.go:415.101,417.28 2 0
github.com/getkin/kin-openapi/openapi3/internalize_refs.go:417.28,421.3 3 0
github.com/getkin/kin-openapi/openapi3/internalize_refs.go:424.101,426.2 1 0
github.com/getkin/kin-openapi/openapi3/internalize_refs.go:428.110,429.42 1 0
github.com/getkin/kin-openapi/openapi3/internalize_refs.go:429.42,432.3 2 0
github.com/getkin/kin-openapi/openapi3/internalize_refs.go:435.99,438.21 3 0
github.com/getkin/kin-openapi/openapi3/internalize_refs.go:438.21,440.3 1 0
github.com/getkin/kin-openapi/openapi3/internalize_refs.go:443.103,445.2 1 0
github.com/getkin/kin-openapi/openapi3/internalize_refs.go:447.110,448.45 1 0
github.com/getkin/kin-openapi/openapi3/internalize_refs.go:448.45,454.40 4 0
github.com/getkin/kin-openapi/openapi3/internalize_refs.go:454.40,456.26 2 0
github.com/getkin/kin-openapi/openapi3/internalize_refs.go:456.26,458.5 1 0
github.com/getkin/kin-openapi/openapi3/internalize_refs.go:461.3,462.54 2 0
github.com/getkin/kin-openapi/openapi3/internalize_refs.go:462.54,465.60 3 0
github.com/getkin/kin-openapi/openapi3/internalize_refs.go:465.60,467.5 1 0
github.com/getkin/kin-openapi/openapi3/internalize_refs.go:468.4,468.54 1 0
github.com/getkin/kin-openapi/openapi3/internalize_refs.go:468.54,471.24 3 0
github.com/getkin/kin-openapi/openapi3/internalize_refs.go:471.24,474.6 2 0
github.com/getkin/kin-openapi/openapi3/internalize_refs.go:476.4,477.40 2 0
github.com/getkin/kin-openapi/openapi3/internalize_refs.go:477.40,479.27 2 0
github.com/getkin/kin-openapi/openapi3/internalize_refs.go:479.27,481.6 1 0
github.com/getkin/kin-openapi/openapi3/internalize_refs.go:498.99,501.28 2 0
github.com/getkin/kin-openapi/openapi3/internalize_refs.go:501.28,503.3 1 0
github.com/getkin/kin-openapi/openapi3/internalize_refs.go:505.2,505.53 1 0
github.com/getkin/kin-openapi/openapi3/internalize_refs.go:505.53,506.59 1 0
github.com/getkin/kin-openapi/openapi3/internalize_refs.go:506.59,509.21 3 0
github.com/getkin/kin-openapi/openapi3/internalize_refs.go:509.21,512.5 2 0
github.com/getkin/kin-openapi/openapi3/internalize_refs.go:514.3,514.62 1 0
github.com/getkin/kin-openapi/openapi3/internalize_refs.go:514.62,517.34 3 0
github.com/getkin/kin-openapi/openapi3/internalize_refs.go:517.34,520.5 2 0
github.com/getkin/kin-openapi/openapi3/internalize_refs.go:522.3,523.65 2 0
github.com/getkin/kin-openapi/openapi3/internalize_refs.go:523.65,526.38 3 0
github.com/getkin/kin-openapi/openapi3/internalize_refs.go:526.38,529.5 2 0
github.com/getkin/kin-openapi/openapi3/internalize_refs.go:531.3,532.67 2 0
github.com/getkin/kin-openapi/openapi3/internalize_refs.go:532.67,535.4 2 0
github.com/getkin/kin-openapi/openapi3/internalize_refs.go:536.3,539.61 3 0
github.com/getkin/kin-openapi/openapi3/internalize_refs.go:539.61,542.36 3 0
github.com/getkin/kin-openapi/openapi3/internalize_refs.go:542.36,546.5 3 0
github.com/getkin/kin-openapi/openapi3/internalize_refs.go:550.2,550.57 1 0
github.com/getkin/kin-openapi/openapi3/license.go:25.54,27.16 2 0
github.com/getkin/kin-openapi/openapi3/license.go:27.16,29.3 1 0
github.com/getkin/kin-openapi/openapi3/license.go:30.2,30.24 1 0
github.com/getkin/kin-openapi/openapi3/license.go:34.51,38.31 4 0
github.com/getkin/kin-openapi/openapi3/license.go:38.31,40.3 1 0
github.com/getkin/kin-openapi/openapi3/license.go:41.2,41.38 1 0
github.com/getkin/kin-openapi/openapi3/license.go:41.38,43.3 1 0
github.com/getkin/kin-openapi/openapi3/license.go:44.2,44.15 1 0
github.com/getkin/kin-openapi/openapi3/license.go:48.58,51.49 3 0
github.com/getkin/kin-openapi/openapi3/license.go:51.49,53.3 1 0
github.com/getkin/kin-openapi/openapi3/license.go:54.2,58.28 5 0
github.com/getkin/kin-openapi/openapi3/license.go:58.28,60.3 1 0
github.com/getkin/kin-openapi/openapi3/license.go:61.2,62.12 2 0
github.com/getkin/kin-openapi/openapi3/license.go:66.87,70.79 3 0
github.com/getkin/kin-openapi/openapi3/license.go:70.79,71.85 1 0
github.com/getkin/kin-openapi/openapi3/license.go:71.85,73.4 1 0
github.com/getkin/kin-openapi/openapi3/license.go:76.2,76.24 1 0
github.com/getkin/kin-openapi/openapi3/license.go:76.24,77.73 1 0
github.com/getkin/kin-openapi/openapi3/license.go:77.73,79.4 1 0
github.com/getkin/kin-openapi/openapi3/license.go:82.2,82.51 1 0
github.com/getkin/kin-openapi/openapi3/license.go:82.51,83.83 1 0
github.com/getkin/kin-openapi/openapi3/license.go:83.83,85.4 1 0
github.com/getkin/kin-openapi/openapi3/license.go:88.2,88.81 1 0
github.com/getkin/kin-openapi/openapi3/link.go:24.48,26.16 2 0
github.com/getkin/kin-openapi/openapi3/link.go:26.16,28.3 1 0
github.com/getkin/kin-openapi/openapi3/link.go:29.2,29.24 1 0
github.com/getkin/kin-openapi/openapi3/link.go:33.45,37.37 3 0
github.com/getkin/kin-openapi/openapi3/link.go:37.37,39.3 1 0
github.com/getkin/kin-openapi/openapi3/link.go:40.2,40.36 1 0
github.com/getkin/kin-openapi/openapi3/link.go:40.36,42.3 1 0
github.com/getkin/kin-openapi/openapi3/link.go:43.2,43.36 1 0
github.com/getkin/kin-openapi/openapi3/link.go:43.36,45.3 1 0
github.com/getkin/kin-openapi/openapi3/link.go:46.2,46.39 1 0
github.com/getkin/kin-openapi/openapi3/link.go:46.39,48.3 1 0
github.com/getkin/kin-openapi/openapi3/link.go:49.2,49.32 1 0
github.com/getkin/kin-openapi/openapi3/link.go:49.32,51.3 1 0
github.com/getkin/kin-openapi/openapi3/link.go:52.2,52.37 1 0
github.com/getkin/kin-openapi/openapi3/link.go:52.37,54.3 1 0
github.com/getkin/kin-openapi/openapi3/link.go:56.2,56.15 1 0
github.com/getkin/kin-openapi/openapi3/link.go:60.52,63.49 3 0
github.com/getkin/kin-openapi/openapi3/link.go:63.49,65.3 1 0
github.com/getkin/kin-openapi/openapi3/link.go:66.2,74.28 8 0
github.com/getkin/kin-openapi/openapi3/link.go:74.28,76.3 1 0
github.com/getkin/kin-openapi/openapi3/link.go:77.2,78.12 2 0
github.com/getkin/kin-openapi/openapi3/link.go:82.81,85.55 2 0
github.com/getkin/kin-openapi/openapi3/link.go:85.55,87.3 1 0
github.com/getkin/kin-openapi/openapi3/link.go:88.2,88.55 1 0
github.com/getkin/kin-openapi/openapi3/link.go:88.55,90.3 1 0
github.com/getkin/kin-openapi/openapi3/link.go:92.2,92.62 1 0
github.com/getkin/kin-openapi/openapi3/link.go:96.60,99.2 2 0
github.com/getkin/kin-openapi/openapi3/loader.go:23.63,25.2 1 0
github.com/getkin/kin-openapi/openapi3/loader.go:62.26,67.2 1 1
github.com/getkin/kin-openapi/openapi3/loader.go:69.50,74.2 4 1
github.com/getkin/kin-openapi/openapi3/loader.go:77.66,80.2 2 1
github.com/getkin/kin-openapi/openapi3/loader.go:83.65,86.2 2 1
github.com/getkin/kin-openapi/openapi3/loader.go:88.74,90.16 2 1
github.com/getkin/kin-openapi/openapi3/loader.go:90.16,92.3 1 0
github.com/getkin/kin-openapi/openapi3/loader.go:93.2,93.60 1 1
github.com/getkin/kin-openapi/openapi3/loader.go:96.66,97.35 1 0
github.com/getkin/kin-openapi/openapi3/loader.go:97.35,99.3 1 0
github.com/getkin/kin-openapi/openapi3/loader.go:100.2,100.8 1 0
github.com/getkin/kin-openapi/openapi3/loader.go:103.110,107.35 1 0
github.com/getkin/kin-openapi/openapi3/loader.go:107.35,108.56 1 0
github.com/getkin/kin-openapi/openapi3/loader.go:108.56,110.4 1 0
github.com/getkin/kin-openapi/openapi3/loader.go:113.2,114.16 2 0
github.com/getkin/kin-openapi/openapi3/loader.go:114.16,116.3 1 0
github.com/getkin/kin-openapi/openapi3/loader.go:117.2,117.47 1 0
github.com/getkin/kin-openapi/openapi3/loader.go:117.47,119.3 1 0
github.com/getkin/kin-openapi/openapi3/loader.go:121.2,122.16 2 0
github.com/getkin/kin-openapi/openapi3/loader.go:122.16,124.3 1 0
github.com/getkin/kin-openapi/openapi3/loader.go:125.2,125.85 1 0
github.com/getkin/kin-openapi/openapi3/loader.go:125.85,127.3 1 0
github.com/getkin/kin-openapi/openapi3/loader.go:129.2,129.26 1 0
github.com/getkin/kin-openapi/openapi3/loader.go:132.66,133.43 1 1
github.com/getkin/kin-openapi/openapi3/loader.go:133.43,135.3 1 0
github.com/getkin/kin-openapi/openapi3/loader.go:136.2,136.45 1 1
github.com/getkin/kin-openapi/openapi3/loader.go:140.51,142.2 1 0
github.com/getkin/kin-openapi/openapi3/loader.go:145.70,146.19 1 0
github.com/getkin/kin-openapi/openapi3/loader.go:146.19,148.3 1 0
github.com/getkin/kin-openapi/openapi3/loader.go:150.2,151.16 2 0
github.com/getkin/kin-openapi/openapi3/loader.go:151.16,153.3 1 0
github.com/getkin/kin-openapi/openapi3/loader.go:154.2,154.34 1 0
github.com/getkin/kin-openapi/openapi3/loader.go:158.61,161.72 3 0
github.com/getkin/kin-openapi/openapi3/loader.go:161.72,163.3 1 0
github.com/getkin/kin-openapi/openapi3/loader.go:164.2,164.55 1 0
github.com/getkin/kin-openapi/openapi3/loader.go:164.55,166.3 1 0
github.com/getkin/kin-openapi/openapi3/loader.go:167.2,167.17 1 0
github.com/getkin/kin-openapi/openapi3/loader.go:172.88,175.2 2 0
github.com/getkin/kin-openapi/openapi3/loader.go:177.96,178.36 1 1
github.com/getkin/kin-openapi/openapi3/loader.go:178.36,181.3 2 1
github.com/getkin/kin-openapi/openapi3/loader.go:182.2,183.49 2 1
github.com/getkin/kin-openapi/openapi3/loader.go:183.49,185.3 1 0
github.com/getkin/kin-openapi/openapi3/loader.go:187.2,190.77 3 1
github.com/getkin/kin-openapi/openapi3/loader.go:190.77,192.3 1 0
github.com/getkin/kin-openapi/openapi3/loader.go:194.2,196.60 2 1
github.com/getkin/kin-openapi/openapi3/loader.go:196.60,198.3 1 0
github.com/getkin/kin-openapi/openapi3/loader.go:200.2,200.17 1 1
github.com/getkin/kin-openapi/openapi3/loader.go:204.76,205.27 1 1
github.com/getkin/kin-openapi/openapi3/loader.go:205.27,207.3 1 0
github.com/getkin/kin-openapi/openapi3/loader.go:209.2,209.39 1 1
github.com/getkin/kin-openapi/openapi3/loader.go:209.39,211.3 1 0
github.com/getkin/kin-openapi/openapi3/loader.go:213.2,213.53 1 1
github.com/getkin/kin-openapi/openapi3/loader.go:213.53,214.59 1 1
github.com/getkin/kin-openapi/openapi3/loader.go:214.59,216.75 2 0
github.com/getkin/kin-openapi/openapi3/loader.go:216.75,218.5 1 0
github.com/getkin/kin-openapi/openapi3/loader.go:220.3,220.62 1 1
github.com/getkin/kin-openapi/openapi3/loader.go:220.62,222.78 2 0
github.com/getkin/kin-openapi/openapi3/loader.go:222.78,224.5 1 0
github.com/getkin/kin-openapi/openapi3/loader.go:226.3,226.65 1 1
github.com/getkin/kin-openapi/openapi3/loader.go:226.65,228.80 2 0
github.com/getkin/kin-openapi/openapi3/loader.go:228.80,230.5 1 0
github.com/getkin/kin-openapi/openapi3/loader.go:232.3,232.61 1 1
github.com/getkin/kin-openapi/openapi3/loader.go:232.61,234.77 2 0
github.com/getkin/kin-openapi/openapi3/loader.go:234.77,236.5 1 0
github.com/getkin/kin-openapi/openapi3/loader.go:238.3,238.59 1 1
github.com/getkin/kin-openapi/openapi3/loader.go:238.59,240.87 2 0
github.com/getkin/kin-openapi/openapi3/loader.go:240.87,242.5 1 0
github.com/getkin/kin-openapi/openapi3/loader.go:244.3,244.67 1 1
github.com/getkin/kin-openapi/openapi3/loader.go:244.67,246.83 2 1
github.com/getkin/kin-openapi/openapi3/loader.go:246.83,248.5 1 0
github.com/getkin/kin-openapi/openapi3/loader.go:250.3,250.60 1 1
github.com/getkin/kin-openapi/openapi3/loader.go:250.60,252.76 2 0
github.com/getkin/kin-openapi/openapi3/loader.go:252.76,254.5 1 0
github.com/getkin/kin-openapi/openapi3/loader.go:256.3,256.61 1 1
github.com/getkin/kin-openapi/openapi3/loader.go:256.61,258.77 2 0
github.com/getkin/kin-openapi/openapi3/loader.go:258.77,260.5 1 0
github.com/getkin/kin-openapi/openapi3/loader.go:265.2,266.49 2 1
github.com/getkin/kin-openapi/openapi3/loader.go:266.49,268.22 2 1
github.com/getkin/kin-openapi/openapi3/loader.go:268.22,269.12 1 0
github.com/getkin/kin-openapi/openapi3/loader.go:271.3,271.75 1 1
github.com/getkin/kin-openapi/openapi3/loader.go:271.75,273.4 1 0
github.com/getkin/kin-openapi/openapi3/loader.go:276.2,276.52 1 1
github.com/getkin/kin-openapi/openapi3/loader.go:276.52,277.54 1 0
github.com/getkin/kin-openapi/openapi3/loader.go:277.54,278.76 1 0
github.com/getkin/kin-openapi/openapi3/loader.go:278.76,280.5 1 0
github.com/getkin/kin-openapi/openapi3/loader.go:284.2,284.8 1 1
github.com/getkin/kin-openapi/openapi3/loader.go:287.69,288.21 1 0
github.com/getkin/kin-openapi/openapi3/loader.go:288.21,290.3 1 0
github.com/getkin/kin-openapi/openapi3/loader.go:291.2,293.17 3 0
github.com/getkin/kin-openapi/openapi3/loader.go:296.87,297.28 1 0
github.com/getkin/kin-openapi/openapi3/loader.go:297.28,299.41 1 0
github.com/getkin/kin-openapi/openapi3/loader.go:299.41,301.4 1 0
github.com/getkin/kin-openapi/openapi3/loader.go:302.3,302.29 1 0
github.com/getkin/kin-openapi/openapi3/loader.go:302.29,304.4 1 0
github.com/getkin/kin-openapi/openapi3/loader.go:305.3,305.46 1 0
github.com/getkin/kin-openapi/openapi3/loader.go:307.2,307.22 1 0
github.com/getkin/kin-openapi/openapi3/loader.go:310.91,312.16 2 0
github.com/getkin/kin-openapi/openapi3/loader.go:312.16,314.3 1 0
github.com/getkin/kin-openapi/openapi3/loader.go:316.2,318.26 3 0
github.com/getkin/kin-openapi/openapi3/loader.go:321.83,322.32 1 0
github.com/getkin/kin-openapi/openapi3/loader.go:322.32,326.18 2 0
github.com/getkin/kin-openapi/openapi3/loader.go:326.18,328.4 1 0
github.com/getkin/kin-openapi/openapi3/loader.go:330.3,331.19 2 0
github.com/getkin/kin-openapi/openapi3/loader.go:335.2,335.35 1 0
github.com/getkin/kin-openapi/openapi3/loader.go:335.35,336.56 1 0
github.com/getkin/kin-openapi/openapi3/loader.go:336.56,338.4 1 0
github.com/getkin/kin-openapi/openapi3/loader.go:341.2,342.16 2 0
github.com/getkin/kin-openapi/openapi3/loader.go:342.16,344.3 1 0
github.com/getkin/kin-openapi/openapi3/loader.go:346.2,346.26 1 0
github.com/getkin/kin-openapi/openapi3/loader.go:349.42,351.2 1 0
github.com/getkin/kin-openapi/openapi3/loader.go:353.44,354.31 1 0
github.com/getkin/kin-openapi/openapi3/loader.go:354.31,357.3 2 0
github.com/getkin/kin-openapi/openapi3/loader.go:358.2,359.38 2 0
github.com/getkin/kin-openapi/openapi3/loader.go:362.57,363.18 1 0
github.com/getkin/kin-openapi/openapi3/loader.go:363.18,364.44 1 0
github.com/getkin/kin-openapi/openapi3/loader.go:364.44,366.4 1 0
github.com/getkin/kin-openapi/openapi3/loader.go:368.2,370.69 3 0
github.com/getkin/kin-openapi/openapi3/loader.go:373.75,374.42 1 0
github.com/getkin/kin-openapi/openapi3/loader.go:374.42,377.3 2 0
github.com/getkin/kin-openapi/openapi3/loader.go:378.2,378.13 1 0
github.com/getkin/kin-openapi/openapi3/loader.go:385.3,386.102 1 0
github.com/getkin/kin-openapi/openapi3/loader.go:386.102,388.3 1 0
github.com/getkin/kin-openapi/openapi3/loader.go:390.2,391.16 2 0
github.com/getkin/kin-openapi/openapi3/loader.go:391.16,393.3 1 0
github.com/getkin/kin-openapi/openapi3/loader.go:394.2,395.20 2 0
github.com/getkin/kin-openapi/openapi3/loader.go:395.20,397.3 1 0
github.com/getkin/kin-openapi/openapi3/loader.go:398.2,398.24 1 0
github.com/getkin/kin-openapi/openapi3/loader.go:398.24,400.3 1 0
github.com/getkin/kin-openapi/openapi3/loader.go:402.2,402.41 1 0
github.com/getkin/kin-openapi/openapi3/loader.go:402.41,403.61 1 0
github.com/getkin/kin-openapi/openapi3/loader.go:403.61,407.30 3 0
github.com/getkin/kin-openapi/openapi3/loader.go:410.12,411.23 1 0
github.com/getkin/kin-openapi/openapi3/loader.go:411.23,414.6 2 0
github.com/getkin/kin-openapi/openapi3/loader.go:417.20,418.43 1 0
github.com/getkin/kin-openapi/openapi3/loader.go:418.43,419.59 1 0
github.com/getkin/kin-openapi/openapi3/loader.go:419.59,421.7 1 0
github.com/getkin/kin-openapi/openapi3/loader.go:421.12,423.7 1 0
github.com/getkin/kin-openapi/openapi3/loader.go:424.6,424.22 1 0
github.com/getkin/kin-openapi/openapi3/loader.go:427.20,428.17 1 0
github.com/getkin/kin-openapi/openapi3/loader.go:429.19,430.17 1 0
github.com/getkin/kin-openapi/openapi3/loader.go:431.16,432.17 1 0
github.com/getkin/kin-openapi/openapi3/loader.go:435.4,435.18 1 0
github.com/getkin/kin-openapi/openapi3/loader.go:435.18,436.67 1 0
github.com/getkin/kin-openapi/openapi3/loader.go:436.67,439.6 2 0
github.com/getkin/kin-openapi/openapi3/loader.go:442.4,442.21 1 0
github.com/getkin/kin-openapi/openapi3/loader.go:442.21,444.5 1 0
github.com/getkin/kin-openapi/openapi3/loader.go:446.3,446.21 1 0
github.com/getkin/kin-openapi/openapi3/loader.go:448.2,449.51 2 0
github.com/getkin/kin-openapi/openapi3/loader.go:449.51,450.18 1 0
github.com/getkin/kin-openapi/openapi3/loader.go:450.18,452.4 1 0
github.com/getkin/kin-openapi/openapi3/loader.go:453.3,455.18 3 0
github.com/getkin/kin-openapi/openapi3/loader.go:455.18,457.4 1 0
github.com/getkin/kin-openapi/openapi3/loader.go:458.3,458.79 1 0
github.com/getkin/kin-openapi/openapi3/loader.go:458.79,460.4 1 0
github.com/getkin/kin-openapi/openapi3/loader.go:461.3,461.65 1 0
github.com/getkin/kin-openapi/openapi3/loader.go:461.65,463.4 1 0
github.com/getkin/kin-openapi/openapi3/loader.go:464.3,464.12 1 0
github.com/getkin/kin-openapi/openapi3/loader.go:467.2,467.33 1 0
github.com/getkin/kin-openapi/openapi3/loader.go:467.33,470.10 1 0
github.com/getkin/kin-openapi/openapi3/loader.go:470.10,474.22 2 0
github.com/getkin/kin-openapi/openapi3/loader.go:474.22,476.5 1 0
github.com/getkin/kin-openapi/openapi3/loader.go:477.4,479.25 2 0
github.com/getkin/kin-openapi/openapi3/loader.go:483.2,483.9 1 0
github.com/getkin/kin-openapi/openapi3/loader.go:484.58,488.42 3 0
github.com/getkin/kin-openapi/openapi3/loader.go:490.66,491.40 1 0
github.com/getkin/kin-openapi/openapi3/loader.go:491.40,493.18 2 0
github.com/getkin/kin-openapi/openapi3/loader.go:493.18,495.5 1 0
github.com/getkin/kin-openapi/openapi3/loader.go:496.4,496.53 1 0
github.com/getkin/kin-openapi/openapi3/loader.go:496.53,498.5 1 0
github.com/getkin/kin-openapi/openapi3/loader.go:500.4,501.14 2 0
github.com/getkin/kin-openapi/openapi3/loader.go:503.3,503.49 1 0
github.com/getkin/kin-openapi/openapi3/loader.go:503.49,505.4 1 0
github.com/getkin/kin-openapi/openapi3/loader.go:506.3,506.42 1 0
github.com/getkin/kin-openapi/openapi3/loader.go:508.10,509.92 1 0
github.com/getkin/kin-openapi/openapi3/loader.go:513.33,514.18 1 0
github.com/getkin/kin-openapi/openapi3/loader.go:515.17,516.27 1 0
github.com/getkin/kin-openapi/openapi3/loader.go:517.20,518.34 1 0
github.com/getkin/kin-openapi/openapi3/loader.go:519.19,520.33 1 0
github.com/getkin/kin-openapi/openapi3/loader.go:521.18,522.32 1 0
github.com/getkin/kin-openapi/openapi3/loader.go:523.16,524.30 1 0
github.com/getkin/kin-openapi/openapi3/loader.go:525.21,526.35 1 0
github.com/getkin/kin-openapi/openapi3/loader.go:527.17,528.27 1 0
github.com/getkin/kin-openapi/openapi3/loader.go:529.23,530.37 1 0
github.com/getkin/kin-openapi/openapi3/loader.go:531.20,532.34 1 0
github.com/getkin/kin-openapi/openapi3/loader.go:533.18,534.32 1 0
github.com/getkin/kin-openapi/openapi3/loader.go:535.26,536.40 1 0
github.com/getkin/kin-openapi/openapi3/loader.go:537.10,538.42 1 0
github.com/getkin/kin-openapi/openapi3/loader.go:542.64,543.70 1 0
github.com/getkin/kin-openapi/openapi3/loader.go:545.19,547.30 2 0
github.com/getkin/kin-openapi/openapi3/loader.go:547.30,549.4 1 0
github.com/getkin/kin-openapi/openapi3/loader.go:550.3,550.39 1 0
github.com/getkin/kin-openapi/openapi3/loader.go:552.21,554.17 2 0
github.com/getkin/kin-openapi/openapi3/loader.go:554.17,556.4 1 0
github.com/getkin/kin-openapi/openapi3/loader.go:557.3,558.38 2 0
github.com/getkin/kin-openapi/openapi3/loader.go:558.38,560.4 1 0
github.com/getkin/kin-openapi/openapi3/loader.go:561.3,561.43 1 0
github.com/getkin/kin-openapi/openapi3/loader.go:563.22,565.33 2 0
github.com/getkin/kin-openapi/openapi3/loader.go:565.33,567.70 2 0
github.com/getkin/kin-openapi/openapi3/loader.go:567.70,568.65 1 0
github.com/getkin/kin-openapi/openapi3/loader.go:568.65,569.30 1 0
github.com/getkin/kin-openapi/openapi3/loader.go:569.30,571.7 1 0
github.com/getkin/kin-openapi/openapi3/loader.go:577.3,577.51 1 0
github.com/getkin/kin-openapi/openapi3/loader.go:577.51,580.4 1 0
github.com/getkin/kin-openapi/openapi3/loader.go:581.3,581.16 1 0
github.com/getkin/kin-openapi/openapi3/loader.go:581.16,582.78 1 0
github.com/getkin/kin-openapi/openapi3/loader.go:582.78,584.45 2 0
github.com/getkin/kin-openapi/openapi3/loader.go:584.45,586.6 1 0
github.com/getkin/kin-openapi/openapi3/loader.go:589.3,589.65 1 0
github.com/getkin/kin-openapi/openapi3/loader.go:591.10,592.56 1 0
github.com/getkin/kin-openapi/openapi3/loader.go:596.110,597.32 1 0
github.com/getkin/kin-openapi/openapi3/loader.go:597.32,599.3 1 0
github.com/getkin/kin-openapi/openapi3/loader.go:601.2,602.16 2 0
github.com/getkin/kin-openapi/openapi3/loader.go:602.16,604.3 1 0
github.com/getkin/kin-openapi/openapi3/loader.go:606.2,606.69 1 0
github.com/getkin/kin-openapi/openapi3/loader.go:606.69,608.3 1 0
github.com/getkin/kin-openapi/openapi3/loader.go:610.2,610.41 1 0
github.com/getkin/kin-openapi/openapi3/loader.go:613.87,615.16 2 0
github.com/getkin/kin-openapi/openapi3/loader.go:615.16,617.3 1 0
github.com/getkin/kin-openapi/openapi3/loader.go:619.2,621.39 3 0
github.com/getkin/kin-openapi/openapi3/loader.go:637.105,638.25 1 0
github.com/getkin/kin-openapi/openapi3/loader.go:638.25,640.3 1 0
github.com/getkin/kin-openapi/openapi3/loader.go:642.2,642.37 1 0
github.com/getkin/kin-openapi/openapi3/loader.go:642.37,643.29 1 0
github.com/getkin/kin-openapi/openapi3/loader.go:643.29,645.4 1 0
github.com/getkin/kin-openapi/openapi3/loader.go:646.3,646.50 1 0
github.com/getkin/kin-openapi/openapi3/loader.go:646.50,650.4 3 0
github.com/getkin/kin-openapi/openapi3/loader.go:650.6,652.4 1 0
github.com/getkin/kin-openapi/openapi3/loader.go:653.3,654.30 2 0
github.com/getkin/kin-openapi/openapi3/loader.go:654.30,656.99 2 0
github.com/getkin/kin-openapi/openapi3/loader.go:656.99,658.5 1 0
github.com/getkin/kin-openapi/openapi3/loader.go:659.4,660.38 2 0
github.com/getkin/kin-openapi/openapi3/loader.go:661.9,664.18 3 0
github.com/getkin/kin-openapi/openapi3/loader.go:664.18,666.5 1 0
github.com/getkin/kin-openapi/openapi3/loader.go:667.4,667.81 1 0
github.com/getkin/kin-openapi/openapi3/loader.go:667.81,668.29 1 0
github.com/getkin/kin-openapi/openapi3/loader.go:668.29,670.6 1 0
github.com/getkin/kin-openapi/openapi3/loader.go:671.5,671.15 1 0
github.com/getkin/kin-openapi/openapi3/loader.go:673.4,674.44 2 0
github.com/getkin/kin-openapi/openapi3/loader.go:676.3,676.48 1 0
github.com/getkin/kin-openapi/openapi3/loader.go:678.2,679.18 2 0
github.com/getkin/kin-openapi/openapi3/loader.go:679.18,681.3 1 0
github.com/getkin/kin-openapi/openapi3/loader.go:683.2,683.43 1 0
github.com/getkin/kin-openapi/openapi3/loader.go:683.43,684.88 1 0
github.com/getkin/kin-openapi/openapi3/loader.go:684.88,686.4 1 0
github.com/getkin/kin-openapi/openapi3/loader.go:688.2,688.51 1 0
github.com/getkin/kin-openapi/openapi3/loader.go:688.51,689.88 1 0
github.com/getkin/kin-openapi/openapi3/loader.go:689.88,691.4 1 0
github.com/getkin/kin-openapi/openapi3/loader.go:693.2,693.12 1 0
github.com/getkin/kin-openapi/openapi3/loader.go:696.111,697.25 1 0
github.com/getkin/kin-openapi/openapi3/loader.go:697.25,699.3 1 0
github.com/getkin/kin-openapi/openapi3/loader.go:701.2,701.37 1 0
github.com/getkin/kin-openapi/openapi3/loader.go:701.37,702.29 1 0
github.com/getkin/kin-openapi/openapi3/loader.go:702.29,704.4 1 0
github.com/getkin/kin-openapi/openapi3/loader.go:705.3,705.50 1 0
github.com/getkin/kin-openapi/openapi3/loader.go:705.50,709.4 3 0
github.com/getkin/kin-openapi/openapi3/loader.go:709.6,711.4 1 0
github.com/getkin/kin-openapi/openapi3/loader.go:712.3,713.30 2 0
github.com/getkin/kin-openapi/openapi3/loader.go:713.30,715.98 2 0
github.com/getkin/kin-openapi/openapi3/loader.go:715.98,717.5 1 0
github.com/getkin/kin-openapi/openapi3/loader.go:718.4,719.38 2 0
github.com/getkin/kin-openapi/openapi3/loader.go:720.9,723.18 3 0
github.com/getkin/kin-openapi/openapi3/loader.go:723.18,725.5 1 0
github.com/getkin/kin-openapi/openapi3/loader.go:726.4,726.84 1 0
github.com/getkin/kin-openapi/openapi3/loader.go:726.84,727.32 1 0
github.com/getkin/kin-openapi/openapi3/loader.go:727.32,729.6 1 0
github.com/getkin/kin-openapi/openapi3/loader.go:730.5,730.15 1 0
github.com/getkin/kin-openapi/openapi3/loader.go:732.4,733.44 2 0
github.com/getkin/kin-openapi/openapi3/loader.go:735.3,735.48 1 0
github.com/getkin/kin-openapi/openapi3/loader.go:737.2,738.18 2 0
github.com/getkin/kin-openapi/openapi3/loader.go:738.18,740.3 1 0
github.com/getkin/kin-openapi/openapi3/loader.go:742.2,742.49 1 0
github.com/getkin/kin-openapi/openapi3/loader.go:742.49,744.3 1 0
github.com/getkin/kin-openapi/openapi3/loader.go:745.2,745.53 1 0
github.com/getkin/kin-openapi/openapi3/loader.go:745.53,747.50 2 0
github.com/getkin/kin-openapi/openapi3/loader.go:747.50,748.89 1 0
github.com/getkin/kin-openapi/openapi3/loader.go:748.89,750.5 1 0
github.com/getkin/kin-openapi/openapi3/loader.go:752.3,752.58 1 0
github.com/getkin/kin-openapi/openapi3/loader.go:752.58,753.95 1 0
github.com/getkin/kin-openapi/openapi3/loader.go:753.95,755.5 1 0
github.com/getkin/kin-openapi/openapi3/loader.go:758.2,758.43 1 0
github.com/getkin/kin-openapi/openapi3/loader.go:758.43,759.88 1 0
github.com/getkin/kin-openapi/openapi3/loader.go:759.88,761.4 1 0
github.com/getkin/kin-openapi/openapi3/loader.go:763.2,763.51 1 0
github.com/getkin/kin-openapi/openapi3/loader.go:763.51,764.88 1 0
github.com/getkin/kin-openapi/openapi3/loader.go:764.88,766.4 1 0
github.com/getkin/kin-openapi/openapi3/loader.go:768.2,768.12 1 0
github.com/getkin/kin-openapi/openapi3/loader.go:771.115,772.25 1 0
github.com/getkin/kin-openapi/openapi3/loader.go:772.25,774.3 1 0
github.com/getkin/kin-openapi/openapi3/loader.go:776.2,776.37 1 0
github.com/getkin/kin-openapi/openapi3/loader.go:776.37,777.29 1 0
github.com/getkin/kin-openapi/openapi3/loader.go:777.29,779.4 1 0
github.com/getkin/kin-openapi/openapi3/loader.go:780.3,780.50 1 0
github.com/getkin/kin-openapi/openapi3/loader.go:780.50,784.4 3 0
github.com/getkin/kin-openapi/openapi3/loader.go:784.6,786.4 1 0
github.com/getkin/kin-openapi/openapi3/loader.go:787.3,788.30 2 0
github.com/getkin/kin-openapi/openapi3/loader.go:788.30,790.104 2 0
github.com/getkin/kin-openapi/openapi3/loader.go:790.104,792.5 1 0
github.com/getkin/kin-openapi/openapi3/loader.go:793.4,794.38 2 0
github.com/getkin/kin-openapi/openapi3/loader.go:795.9,798.18 3 0
github.com/getkin/kin-openapi/openapi3/loader.go:798.18,800.5 1 0
github.com/getkin/kin-openapi/openapi3/loader.go:801.4,801.85 1 0
github.com/getkin/kin-openapi/openapi3/loader.go:801.85,802.34 1 0
github.com/getkin/kin-openapi/openapi3/loader.go:802.34,804.6 1 0
github.com/getkin/kin-openapi/openapi3/loader.go:805.5,805.15 1 0
github.com/getkin/kin-openapi/openapi3/loader.go:807.4,808.44 2 0
github.com/getkin/kin-openapi/openapi3/loader.go:810.3,810.48 1 0
github.com/getkin/kin-openapi/openapi3/loader.go:812.2,813.18 2 0
github.com/getkin/kin-openapi/openapi3/loader.go:813.18,815.3 1 0
github.com/getkin/kin-openapi/openapi3/loader.go:817.2,817.53 1 0
github.com/getkin/kin-openapi/openapi3/loader.go:817.53,819.25 2 0
github.com/getkin/kin-openapi/openapi3/loader.go:819.25,820.12 1 0
github.com/getkin/kin-openapi/openapi3/loader.go:822.3,822.61 1 0
github.com/getkin/kin-openapi/openapi3/loader.go:822.61,824.79 2 0
github.com/getkin/kin-openapi/openapi3/loader.go:824.79,826.5 1 0
github.com/getkin/kin-openapi/openapi3/loader.go:827.4,827.40 1 0
github.com/getkin/kin-openapi/openapi3/loader.go:829.3,829.50 1 0
github.com/getkin/kin-openapi/openapi3/loader.go:829.50,830.89 1 0
github.com/getkin/kin-openapi/openapi3/loader.go:830.89,832.5 1 0
github.com/getkin/kin-openapi/openapi3/loader.go:835.2,835.12 1 0
github.com/getkin/kin-openapi/openapi3/loader.go:838.109,839.25 1 1
github.com/getkin/kin-openapi/openapi3/loader.go:839.25,841.3 1 0
github.com/getkin/kin-openapi/openapi3/loader.go:843.2,843.37 1 1
github.com/getkin/kin-openapi/openapi3/loader.go:843.37,844.29 1 0
github.com/getkin/kin-openapi/openapi3/loader.go:844.29,846.4 1 0
github.com/getkin/kin-openapi/openapi3/loader.go:847.3,847.50 1 0
github.com/getkin/kin-openapi/openapi3/loader.go:847.50,851.4 3 0
github.com/getkin/kin-openapi/openapi3/loader.go:851.6,853.4 1 0
github.com/getkin/kin-openapi/openapi3/loader.go:854.3,855.30 2 0
github.com/getkin/kin-openapi/openapi3/loader.go:855.30,857.97 2 0
github.com/getkin/kin-openapi/openapi3/loader.go:857.97,859.5 1 0
github.com/getkin/kin-openapi/openapi3/loader.go:860.4,861.38 2 0
github.com/getkin/kin-openapi/openapi3/loader.go:862.9,865.18 3 0
github.com/getkin/kin-openapi/openapi3/loader.go:865.18,867.5 1 0
github.com/getkin/kin-openapi/openapi3/loader.go:868.4,868.83 1 0
github.com/getkin/kin-openapi/openapi3/loader.go:868.83,869.31 1 0
github.com/getkin/kin-openapi/openapi3/loader.go:869.31,871.6 1 0
github.com/getkin/kin-openapi/openapi3/loader.go:872.5,872.15 1 0
github.com/getkin/kin-openapi/openapi3/loader.go:874.4,875.44 2 0
github.com/getkin/kin-openapi/openapi3/loader.go:877.3,877.48 1 0
github.com/getkin/kin-openapi/openapi3/loader.go:879.2,880.18 2 1
github.com/getkin/kin-openapi/openapi3/loader.go:880.18,882.3 1 0
github.com/getkin/kin-openapi/openapi3/loader.go:884.2,884.53 1 1
github.com/getkin/kin-openapi/openapi3/loader.go:884.53,886.76 2 0
github.com/getkin/kin-openapi/openapi3/loader.go:886.76,888.4 1 0
github.com/getkin/kin-openapi/openapi3/loader.go:890.2,890.53 1 1
github.com/getkin/kin-openapi/openapi3/loader.go:890.53,892.25 2 0
github.com/getkin/kin-openapi/openapi3/loader.go:892.25,893.12 1 0
github.com/getkin/kin-openapi/openapi3/loader.go:895.3,895.61 1 0
github.com/getkin/kin-openapi/openapi3/loader.go:895.61,897.79 2 0
github.com/getkin/kin-openapi/openapi3/loader.go:897.79,899.5 1 0
github.com/getkin/kin-openapi/openapi3/loader.go:900.4,900.40 1 0
github.com/getkin/kin-openapi/openapi3/loader.go:902.3,902.50 1 0
github.com/getkin/kin-openapi/openapi3/loader.go:902.50,903.89 1 0
github.com/getkin/kin-openapi/openapi3/loader.go:903.89,905.5 1 0
github.com/getkin/kin-openapi/openapi3/loader.go:906.4,906.31 1 0
github.com/getkin/kin-openapi/openapi3/loader.go:909.2,909.51 1 1
github.com/getkin/kin-openapi/openapi3/loader.go:909.51,911.72 2 0
github.com/getkin/kin-openapi/openapi3/loader.go:911.72,913.4 1 0
github.com/getkin/kin-openapi/openapi3/loader.go:915.2,915.12 1 1
github.com/getkin/kin-openapi/openapi3/loader.go:918.123,919.25 1 0
github.com/getkin/kin-openapi/openapi3/loader.go:919.25,921.3 1 0
github.com/getkin/kin-openapi/openapi3/loader.go:923.2,923.37 1 0
github.com/getkin/kin-openapi/openapi3/loader.go:923.37,924.29 1 0
github.com/getkin/kin-openapi/openapi3/loader.go:924.29,926.4 1 0
github.com/getkin/kin-openapi/openapi3/loader.go:927.3,927.50 1 0
github.com/getkin/kin-openapi/openapi3/loader.go:927.50,931.4 3 0
github.com/getkin/kin-openapi/openapi3/loader.go:931.6,933.4 1 0
github.com/getkin/kin-openapi/openapi3/loader.go:934.3,935.30 2 0
github.com/getkin/kin-openapi/openapi3/loader.go:935.30,937.99 2 0
github.com/getkin/kin-openapi/openapi3/loader.go:937.99,939.5 1 0
github.com/getkin/kin-openapi/openapi3/loader.go:940.4,941.38 2 0
github.com/getkin/kin-openapi/openapi3/loader.go:942.9,945.18 3 0
github.com/getkin/kin-openapi/openapi3/loader.go:945.18,947.5 1 0
github.com/getkin/kin-openapi/openapi3/loader.go:948.4,948.90 1 0
github.com/getkin/kin-openapi/openapi3/loader.go:948.90,949.29 1 0
github.com/getkin/kin-openapi/openapi3/loader.go:949.29,951.6 1 0
github.com/getkin/kin-openapi/openapi3/loader.go:952.5,952.15 1 0
github.com/getkin/kin-openapi/openapi3/loader.go:954.4,955.44 2 0
github.com/getkin/kin-openapi/openapi3/loader.go:957.3,964.85 2 0
github.com/getkin/kin-openapi/openapi3/loader.go:964.85,969.4 3 0
github.com/getkin/kin-openapi/openapi3/loader.go:971.2,972.18 2 0
github.com/getkin/kin-openapi/openapi3/loader.go:972.18,974.3 1 0
github.com/getkin/kin-openapi/openapi3/loader.go:977.2,977.32 1 0
github.com/getkin/kin-openapi/openapi3/loader.go:977.32,978.80 1 0
github.com/getkin/kin-openapi/openapi3/loader.go:978.80,980.4 1 0
github.com/getkin/kin-openapi/openapi3/loader.go:982.2,982.56 1 0
github.com/getkin/kin-openapi/openapi3/loader.go:982.56,984.80 2 0
github.com/getkin/kin-openapi/openapi3/loader.go:984.80,986.4 1 0
github.com/getkin/kin-openapi/openapi3/loader.go:988.2,988.54 1 0
github.com/getkin/kin-openapi/openapi3/loader.go:988.54,989.80 1 0
github.com/getkin/kin-openapi/openapi3/loader.go:989.80,991.4 1 0
github.com/getkin/kin-openapi/openapi3/loader.go:993.2,993.30 1 0
github.com/getkin/kin-openapi/openapi3/loader.go:993.30,994.80 1 0
github.com/getkin/kin-openapi/openapi3/loader.go:994.80,996.4 1 0
github.com/getkin/kin-openapi/openapi3/loader.go:998.2,998.32 1 0
github.com/getkin/kin-openapi/openapi3/loader.go:998.32,999.80 1 0
github.com/getkin/kin-openapi/openapi3/loader.go:999.80,1001.4 1 0
github.com/getkin/kin-openapi/openapi3/loader.go:1003.2,1003.32 1 0
github.com/getkin/kin-openapi/openapi3/loader.go:1003.32,1004.80 1 0
github.com/getkin/kin-openapi/openapi3/loader.go:1004.80,1006.4 1 0
github.com/getkin/kin-openapi/openapi3/loader.go:1008.2,1008.32 1 0
github.com/getkin/kin-openapi/openapi3/loader.go:1008.32,1009.80 1 0
github.com/getkin/kin-openapi/openapi3/loader.go:1009.80,1011.4 1 0
github.com/getkin/kin-openapi/openapi3/loader.go:1018.2,1018.32 1 0
github.com/getkin/kin-openapi/openapi3/loader.go:1018.32,1019.65 1 0
github.com/getkin/kin-openapi/openapi3/loader.go:1019.65,1022.70 2 0
github.com/getkin/kin-openapi/openapi3/loader.go:1022.70,1023.97 1 0
github.com/getkin/kin-openapi/openapi3/loader.go:1023.97,1025.6 1 0
github.com/getkin/kin-openapi/openapi3/loader.go:1026.5,1026.39 1 0
github.com/getkin/kin-openapi/openapi3/loader.go:1032.2,1032.38 1 0
github.com/getkin/kin-openapi/openapi3/loader.go:1032.38,1033.80 1 0
github.com/getkin/kin-openapi/openapi3/loader.go:1033.80,1035.4 1 0
github.com/getkin/kin-openapi/openapi3/loader.go:1037.2,1037.35 1 0
github.com/getkin/kin-openapi/openapi3/loader.go:1037.35,1038.80 1 0
github.com/getkin/kin-openapi/openapi3/loader.go:1038.80,1040.4 1 0
github.com/getkin/kin-openapi/openapi3/loader.go:1042.2,1042.63 1 0
github.com/getkin/kin-openapi/openapi3/loader.go:1042.63,1044.80 2 0
github.com/getkin/kin-openapi/openapi3/loader.go:1044.80,1046.4 1 0
github.com/getkin/kin-openapi/openapi3/loader.go:1048.2,1048.62 1 0
github.com/getkin/kin-openapi/openapi3/loader.go:1048.62,1050.80 2 0
github.com/getkin/kin-openapi/openapi3/loader.go:1050.80,1052.4 1 0
github.com/getkin/kin-openapi/openapi3/loader.go:1054.2,1054.50 1 0
github.com/getkin/kin-openapi/openapi3/loader.go:1054.50,1056.80 2 0
github.com/getkin/kin-openapi/openapi3/loader.go:1056.80,1058.4 1 0
github.com/getkin/kin-openapi/openapi3/loader.go:1060.2,1060.40 1 0
github.com/getkin/kin-openapi/openapi3/loader.go:1060.40,1061.80 1 0
github.com/getkin/kin-openapi/openapi3/loader.go:1061.80,1063.4 1 0
github.com/getkin/kin-openapi/openapi3/loader.go:1065.2,1065.50 1 0
github.com/getkin/kin-openapi/openapi3/loader.go:1065.50,1066.80 1 0
github.com/getkin/kin-openapi/openapi3/loader.go:1066.80,1068.4 1 0
github.com/getkin/kin-openapi/openapi3/loader.go:1070.2,1070.55 1 0
github.com/getkin/kin-openapi/openapi3/loader.go:1070.55,1071.80 1 0
github.com/getkin/kin-openapi/openapi3/loader.go:1071.80,1073.4 1 0
github.com/getkin/kin-openapi/openapi3/loader.go:1075.2,1075.29 1 0
github.com/getkin/kin-openapi/openapi3/loader.go:1075.29,1076.80 1 0
github.com/getkin/kin-openapi/openapi3/loader.go:1076.80,1078.4 1 0
github.com/getkin/kin-openapi/openapi3/loader.go:1080.2,1080.31 1 0
github.com/getkin/kin-openapi/openapi3/loader.go:1080.31,1081.80 1 0
github.com/getkin/kin-openapi/openapi3/loader.go:1081.80,1083.4 1 0
github.com/getkin/kin-openapi/openapi3/loader.go:1085.2,1085.31 1 0
github.com/getkin/kin-openapi/openapi3/loader.go:1085.31,1086.80 1 0
github.com/getkin/kin-openapi/openapi3/loader.go:1086.80,1088.4 1 0
github.com/getkin/kin-openapi/openapi3/loader.go:1090.2,1090.40 1 0
github.com/getkin/kin-openapi/openapi3/loader.go:1090.40,1091.80 1 0
github.com/getkin/kin-openapi/openapi3/loader.go:1091.80,1093.4 1 0
github.com/getkin/kin-openapi/openapi3/loader.go:1096.2,1096.12 1 0
github.com/getkin/kin-openapi/openapi3/loader.go:1099.121,1100.25 1 1
github.com/getkin/kin-openapi/openapi3/loader.go:1100.25,1102.3 1 0
github.com/getkin/kin-openapi/openapi3/loader.go:1104.2,1104.37 1 1
github.com/getkin/kin-openapi/openapi3/loader.go:1104.37,1105.29 1 0
github.com/getkin/kin-openapi/openapi3/loader.go:1105.29,1107.4 1 0
github.com/getkin/kin-openapi/openapi3/loader.go:1108.3,1108.50 1 0
github.com/getkin/kin-openapi/openapi3/loader.go:1108.50,1112.4 3 0
github.com/getkin/kin-openapi/openapi3/loader.go:1112.6,1114.4 1 0
github.com/getkin/kin-openapi/openapi3/loader.go:1115.3,1116.30 2 0
github.com/getkin/kin-openapi/openapi3/loader.go:1116.30,1118.88 2 0
github.com/getkin/kin-openapi/openapi3/loader.go:1118.88,1120.5 1 0
github.com/getkin/kin-openapi/openapi3/loader.go:1121.4,1122.38 2 0
github.com/getkin/kin-openapi/openapi3/loader.go:1123.9,1126.18 3 0
github.com/getkin/kin-openapi/openapi3/loader.go:1126.18,1128.5 1 0
github.com/getkin/kin-openapi/openapi3/loader.go:1129.4,1129.89 1 0
github.com/getkin/kin-openapi/openapi3/loader.go:1129.89,1130.37 1 0
github.com/getkin/kin-openapi/openapi3/loader.go:1130.37,1132.6 1 0
github.com/getkin/kin-openapi/openapi3/loader.go:1133.5,1133.15 1 0
github.com/getkin/kin-openapi/openapi3/loader.go:1135.4,1136.44 2 0
github.com/getkin/kin-openapi/openapi3/loader.go:1138.3,1138.48 1 0
github.com/getkin/kin-openapi/openapi3/loader.go:1140.2,1140.12 1 1
github.com/getkin/kin-openapi/openapi3/loader.go:1143.107,1144.37 1 0
github.com/getkin/kin-openapi/openapi3/loader.go:1144.37,1145.29 1 0
github.com/getkin/kin-openapi/openapi3/loader.go:1145.29,1147.4 1 0
github.com/getkin/kin-openapi/openapi3/loader.go:1148.3,1148.50 1 0
github.com/getkin/kin-openapi/openapi3/loader.go:1148.50,1152.4 3 0
github.com/getkin/kin-openapi/openapi3/loader.go:1152.6,1154.4 1 0
github.com/getkin/kin-openapi/openapi3/loader.go:1155.3,1156.30 2 0
github.com/getkin/kin-openapi/openapi3/loader.go:1156.30,1158.89 2 0
github.com/getkin/kin-openapi/openapi3/loader.go:1158.89,1160.5 1 0
github.com/getkin/kin-openapi/openapi3/loader.go:1161.4,1162.38 2 0
github.com/getkin/kin-openapi/openapi3/loader.go:1163.9,1166.18 3 0
github.com/getkin/kin-openapi/openapi3/loader.go:1166.18,1168.5 1 0
github.com/getkin/kin-openapi/openapi3/loader.go:1169.4,1169.82 1 0
github.com/getkin/kin-openapi/openapi3/loader.go:1169.82,1170.30 1 0
github.com/getkin/kin-openapi/openapi3/loader.go:1170.30,1172.6 1 0
github.com/getkin/kin-openapi/openapi3/loader.go:1173.5,1173.15 1 0
github.com/getkin/kin-openapi/openapi3/loader.go:1175.4,1176.44 2 0
github.com/getkin/kin-openapi/openapi3/loader.go:1178.3,1178.48 1 0
github.com/getkin/kin-openapi/openapi3/loader.go:1180.2,1180.12 1 0
github.com/getkin/kin-openapi/openapi3/loader.go:1183.109,1184.25 1 0
github.com/getkin/kin-openapi/openapi3/loader.go:1184.25,1186.3 1 0
github.com/getkin/kin-openapi/openapi3/loader.go:1188.2,1188.37 1 0
github.com/getkin/kin-openapi/openapi3/loader.go:1188.37,1189.29 1 0
github.com/getkin/kin-openapi/openapi3/loader.go:1189.29,1191.4 1 0
github.com/getkin/kin-openapi/openapi3/loader.go:1192.3,1192.50 1 0
github.com/getkin/kin-openapi/openapi3/loader.go:1192.50,1196.4 3 0
github.com/getkin/kin-openapi/openapi3/loader.go:1196.6,1198.4 1 0
github.com/getkin/kin-openapi/openapi3/loader.go:1199.3,1200.30 2 0
github.com/getkin/kin-openapi/openapi3/loader.go:1200.30,1202.101 2 0
github.com/getkin/kin-openapi/openapi3/loader.go:1202.101,1204.5 1 0
github.com/getkin/kin-openapi/openapi3/loader.go:1205.4,1206.38 2 0
github.com/getkin/kin-openapi/openapi3/loader.go:1207.9,1210.18 3 0
github.com/getkin/kin-openapi/openapi3/loader.go:1210.18,1212.5 1 0
github.com/getkin/kin-openapi/openapi3/loader.go:1213.4,1213.82 1 0
github.com/getkin/kin-openapi/openapi3/loader.go:1213.82,1214.31 1 0
github.com/getkin/kin-openapi/openapi3/loader.go:1214.31,1216.6 1 0
github.com/getkin/kin-openapi/openapi3/loader.go:1217.5,1217.15 1 0
github.com/getkin/kin-openapi/openapi3/loader.go:1219.4,1220.44 2 0
github.com/getkin/kin-openapi/openapi3/loader.go:1222.3,1222.48 1 0
github.com/getkin/kin-openapi/openapi3/loader.go:1224.2,1225.18 2 0
github.com/getkin/kin-openapi/openapi3/loader.go:1225.18,1227.3 1 0
github.com/getkin/kin-openapi/openapi3/loader.go:1229.2,1230.49 2 0
github.com/getkin/kin-openapi/openapi3/loader.go:1230.49,1232.79 2 0
github.com/getkin/kin-openapi/openapi3/loader.go:1232.79,1234.4 1 0
github.com/getkin/kin-openapi/openapi3/loader.go:1236.2,1236.12 1 0
github.com/getkin/kin-openapi/openapi3/loader.go:1239.101,1240.25 1 0
github.com/getkin/kin-openapi/openapi3/loader.go:1240.25,1242.3 1 0
github.com/getkin/kin-openapi/openapi3/loader.go:1244.2,1244.37 1 0
github.com/getkin/kin-openapi/openapi3/loader.go:1244.37,1245.29 1 0
github.com/getkin/kin-openapi/openapi3/loader.go:1245.29,1247.4 1 0
github.com/getkin/kin-openapi/openapi3/loader.go:1248.3,1248.50 1 0
github.com/getkin/kin-openapi/openapi3/loader.go:1248.50,1252.4 3 0
github.com/getkin/kin-openapi/openapi3/loader.go:1252.6,1254.4 1 0
github.com/getkin/kin-openapi/openapi3/loader.go:1255.3,1256.30 2 0
github.com/getkin/kin-openapi/openapi3/loader.go:1256.30,1258.86 2 0
github.com/getkin/kin-openapi/openapi3/loader.go:1258.86,1260.5 1 0
github.com/getkin/kin-openapi/openapi3/loader.go:1261.4,1262.38 2 0
github.com/getkin/kin-openapi/openapi3/loader.go:1263.9,1266.18 3 0
github.com/getkin/kin-openapi/openapi3/loader.go:1266.18,1268.5 1 0
github.com/getkin/kin-openapi/openapi3/loader.go:1269.4,1269.79 1 0
github.com/getkin/kin-openapi/openapi3/loader.go:1269.79,1270.27 1 0
github.com/getkin/kin-openapi/openapi3/loader.go:1270.27,1272.6 1 0
github.com/getkin/kin-openapi/openapi3/loader.go:1273.5,1273.15 1 0
github.com/getkin/kin-openapi/openapi3/loader.go:1275.4,1276.44 2 0
github.com/getkin/kin-openapi/openapi3/loader.go:1278.3,1278.48 1 0
github.com/getkin/kin-openapi/openapi3/loader.go:1280.2,1280.12 1 0
github.com/getkin/kin-openapi/openapi3/loader.go:1283.105,1284.21 1 1
github.com/getkin/kin-openapi/openapi3/loader.go:1284.21,1287.3 2 0
github.com/getkin/kin-openapi/openapi3/loader.go:1289.2,1289.36 1 1
github.com/getkin/kin-openapi/openapi3/loader.go:1289.36,1290.26 1 0
github.com/getkin/kin-openapi/openapi3/loader.go:1290.26,1292.4 1 0
github.com/getkin/kin-openapi/openapi3/loader.go:1293.3,1293.50 1 0
github.com/getkin/kin-openapi/openapi3/loader.go:1293.50,1295.4 1 0
github.com/getkin/kin-openapi/openapi3/loader.go:1295.6,1297.4 1 0
github.com/getkin/kin-openapi/openapi3/loader.go:1298.3,1299.30 2 0
github.com/getkin/kin-openapi/openapi3/loader.go:1299.30,1301.94 2 0
github.com/getkin/kin-openapi/openapi3/loader.go:1301.94,1303.5 1 0
github.com/getkin/kin-openapi/openapi3/loader.go:1304.4,1304.17 1 0
github.com/getkin/kin-openapi/openapi3/loader.go:1305.9,1307.103 2 0
github.com/getkin/kin-openapi/openapi3/loader.go:1307.103,1308.31 1 0
github.com/getkin/kin-openapi/openapi3/loader.go:1308.31,1310.6 1 0
github.com/getkin/kin-openapi/openapi3/loader.go:1311.5,1311.11 1 0
github.com/getkin/kin-openapi/openapi3/loader.go:1313.4,1313.24 1 0
github.com/getkin/kin-openapi/openapi3/loader.go:1315.3,1316.41 2 0
github.com/getkin/kin-openapi/openapi3/loader.go:1319.2,1319.48 1 1
github.com/getkin/kin-openapi/openapi3/loader.go:1319.48,1320.81 1 0
github.com/getkin/kin-openapi/openapi3/loader.go:1320.81,1322.4 1 0
github.com/getkin/kin-openapi/openapi3/loader.go:1324.2,1325.50 2 1
github.com/getkin/kin-openapi/openapi3/loader.go:1325.50,1327.50 2 1
github.com/getkin/kin-openapi/openapi3/loader.go:1327.50,1328.82 1 0
github.com/getkin/kin-openapi/openapi3/loader.go:1328.82,1330.5 1 0
github.com/getkin/kin-openapi/openapi3/loader.go:1332.3,1332.63 1 1
github.com/getkin/kin-openapi/openapi3/loader.go:1332.63,1333.86 1 0
github.com/getkin/kin-openapi/openapi3/loader.go:1333.86,1335.5 1 0
github.com/getkin/kin-openapi/openapi3/loader.go:1337.3,1338.50 2 1
github.com/getkin/kin-openapi/openapi3/loader.go:1338.50,1340.80 2 1
github.com/getkin/kin-openapi/openapi3/loader.go:1340.80,1342.5 1 0
github.com/getkin/kin-openapi/openapi3/loader.go:1344.3,1344.60 1 1
github.com/getkin/kin-openapi/openapi3/loader.go:1344.60,1346.80 2 0
github.com/getkin/kin-openapi/openapi3/loader.go:1346.80,1348.5 1 0
github.com/getkin/kin-openapi/openapi3/loader.go:1351.2,1351.8 1 1
github.com/getkin/kin-openapi/openapi3/loader.go:1354.43,1356.2 1 0
github.com/getkin/kin-openapi/openapi3/loader.go:1363.77,1364.38 1 0
github.com/getkin/kin-openapi/openapi3/loader.go:1364.38,1365.16 1 0
github.com/getkin/kin-openapi/openapi3/loader.go:1366.16,1367.29 1 0
github.com/getkin/kin-openapi/openapi3/loader.go:1368.16,1369.29 1 0
github.com/getkin/kin-openapi/openapi3/loader.go:1370.16,1371.29 1 0
github.com/getkin/kin-openapi/openapi3/loader.go:1372.14,1373.25 1 0
github.com/getkin/kin-openapi/openapi3/loader.go:1374.15,1375.27 1 0
github.com/getkin/kin-openapi/openapi3/loader.go:1376.16,1377.29 1 0
github.com/getkin/kin-openapi/openapi3/loader.go:1378.17,1379.31 1 0
github.com/getkin/kin-openapi/openapi3/loader.go:1380.22,1381.41 1 0
github.com/getkin/kin-openapi/openapi3/loader.go:1382.15,1383.27 1 0
github.com/getkin/kin-openapi/openapi3/loader.go:1384.18,1385.33 1 0
github.com/getkin/kin-openapi/openapi3/loader.go:1386.18,1387.33 1 0
github.com/getkin/kin-openapi/openapi3/loader.go:1388.23,1389.43 1 0
github.com/getkin/kin-openapi/openapi3/loader.go:1390.22,1391.41 1 0
github.com/getkin/kin-openapi/openapi3/loader.go:1392.27,1393.43 1 0
github.com/getkin/kin-openapi/openapi3/loader.go:1394.27,1395.43 1 0
github.com/getkin/kin-openapi/openapi3/loader.go:1396.19,1397.35 1 0
github.com/getkin/kin-openapi/openapi3/loader.go:1398.19,1399.35 1 0
github.com/getkin/kin-openapi/openapi3/loader.go:1400.20,1401.37 1 0
github.com/getkin/kin-openapi/openapi3/loader.go:1402.26,1403.49 1 0
github.com/getkin/kin-openapi/openapi3/loader.go:1404.21,1405.39 1 0
github.com/getkin/kin-openapi/openapi3/loader.go:1406.14,1407.25 1 0
github.com/getkin/kin-openapi/openapi3/loader.go:1408.18,1409.25 1 0
github.com/getkin/kin-openapi/openapi3/loader.go:1410.18,1411.25 1 0
github.com/getkin/kin-openapi/openapi3/loader.go:1412.21,1413.39 1 0
github.com/getkin/kin-openapi/openapi3/loader.go:1414.20,1415.37 1 0
github.com/getkin/kin-openapi/openapi3/loader.go:1416.20,1417.37 1 0
github.com/getkin/kin-openapi/openapi3/loader.go:1418.18,1419.33 1 0
github.com/getkin/kin-openapi/openapi3/loader.go:1420.19,1421.35 1 0
github.com/getkin/kin-openapi/openapi3/loader.go:1422.19,1423.35 1 0
github.com/getkin/kin-openapi/openapi3/loader.go:1424.16,1425.29 1 0
github.com/getkin/kin-openapi/openapi3/loader.go:1426.19,1427.35 1 0
github.com/getkin/kin-openapi/openapi3/loader.go:1428.21,1429.39 1 0
github.com/getkin/kin-openapi/openapi3/loader.go:1430.24,1431.35 1 0
github.com/getkin/kin-openapi/openapi3/loader.go:1432.24,1433.35 1 0
github.com/getkin/kin-openapi/openapi3/loader.go:1434.31,1435.59 1 0
github.com/getkin/kin-openapi/openapi3/loader.go:1436.24,1437.45 1 0
github.com/getkin/kin-openapi/openapi3/loader.go:1438.16,1439.29 1 0
github.com/getkin/kin-openapi/openapi3/loader.go:1440.19,1441.35 1 0
github.com/getkin/kin-openapi/openapi3/loader.go:1442.22,1443.41 1 0
github.com/getkin/kin-openapi/openapi3/loader.go:1444.19,1445.35 1 0
github.com/getkin/kin-openapi/openapi3/loader.go:1446.22,1447.41 1 0
github.com/getkin/kin-openapi/openapi3/loader.go:1448.22,1449.41 1 0
github.com/getkin/kin-openapi/openapi3/loader.go:1450.28,1451.53 1 0
github.com/getkin/kin-openapi/openapi3/loader.go:1452.27,1453.51 1 0
github.com/getkin/kin-openapi/openapi3/loader.go:1454.24,1455.45 1 0
github.com/getkin/kin-openapi/openapi3/loader.go:1456.27,1457.51 1 0
github.com/getkin/kin-openapi/openapi3/loader.go:1458.32,1459.61 1 0
github.com/getkin/kin-openapi/openapi3/loader.go:1460.13,1461.23 1 0
github.com/getkin/kin-openapi/openapi3/loader.go:1462.15,1463.27 1 0
github.com/getkin/kin-openapi/openapi3/loader.go:1464.15,1465.27 1 0
github.com/getkin/kin-openapi/openapi3/loader.go:1466.28,1467.53 1 0
github.com/getkin/kin-openapi/openapi3/loader.go:1468.16,1469.27 1 0
github.com/getkin/kin-openapi/openapi3/loader.go:1470.18,1471.45 1 0
github.com/getkin/kin-openapi/openapi3/loader.go:1472.19,1473.33 1 0
github.com/getkin/kin-openapi/openapi3/loader.go:1474.14,1475.35 1 0
github.com/getkin/kin-openapi/openapi3/loader.go:1476.18,1477.31 1 0
github.com/getkin/kin-openapi/openapi3/loader.go:1478.22,1479.39 1 0
github.com/getkin/kin-openapi/openapi3/loader.go:1480.25,1481.45 1 0
github.com/getkin/kin-openapi/openapi3/loader.go:1482.27,1483.51 1 0
github.com/getkin/kin-openapi/openapi3/loader.go:1484.26,1485.49 1 0
github.com/getkin/kin-openapi/openapi3/loader.go:1486.24,1487.45 1 0
github.com/getkin/kin-openapi/openapi3/loader_uri_reader.go:29.63,30.60 1 1
github.com/getkin/kin-openapi/openapi3/loader_uri_reader.go:30.60,31.26 1 1
github.com/getkin/kin-openapi/openapi3/loader_uri_reader.go:31.26,33.33 2 1
github.com/getkin/kin-openapi/openapi3/loader_uri_reader.go:33.33,34.13 1 1
github.com/getkin/kin-openapi/openapi3/loader_uri_reader.go:35.10,35.25 1 1
github.com/getkin/kin-openapi/openapi3/loader_uri_reader.go:35.25,37.5 1 0
github.com/getkin/kin-openapi/openapi3/loader_uri_reader.go:38.4,38.19 1 1
github.com/getkin/kin-openapi/openapi3/loader_uri_reader.go:40.3,40.33 1 0
github.com/getkin/kin-openapi/openapi3/loader_uri_reader.go:51.52,52.65 1 1
github.com/getkin/kin-openapi/openapi3/loader_uri_reader.go:52.65,53.51 1 1
github.com/getkin/kin-openapi/openapi3/loader_uri_reader.go:53.51,55.4 1 1
github.com/getkin/kin-openapi/openapi3/loader_uri_reader.go:56.3,57.17 2 0
github.com/getkin/kin-openapi/openapi3/loader_uri_reader.go:57.17,59.4 1 0
github.com/getkin/kin-openapi/openapi3/loader_uri_reader.go:60.3,61.17 2 0
github.com/getkin/kin-openapi/openapi3/loader_uri_reader.go:61.17,63.4 1 0
github.com/getkin/kin-openapi/openapi3/loader_uri_reader.go:64.3,65.28 2 0
github.com/getkin/kin-openapi/openapi3/loader_uri_reader.go:65.28,67.4 1 0
github.com/getkin/kin-openapi/openapi3/loader_uri_reader.go:68.3,68.31 1 0
github.com/getkin/kin-openapi/openapi3/loader_uri_reader.go:72.38,76.2 1 1
github.com/getkin/kin-openapi/openapi3/loader_uri_reader.go:79.70,80.24 1 1
github.com/getkin/kin-openapi/openapi3/loader_uri_reader.go:80.24,82.3 1 0
github.com/getkin/kin-openapi/openapi3/loader_uri_reader.go:83.2,83.67 1 1
github.com/getkin/kin-openapi/openapi3/loader_uri_reader.go:90.58,92.73 2 1
github.com/getkin/kin-openapi/openapi3/loader_uri_reader.go:92.73,93.57 1 1
github.com/getkin/kin-openapi/openapi3/loader_uri_reader.go:93.57,94.38 1 1
github.com/getkin/kin-openapi/openapi3/loader_uri_reader.go:94.38,99.5 1 0
github.com/getkin/kin-openapi/openapi3/loader_uri_reader.go:101.3,104.31 4 1
github.com/getkin/kin-openapi/openapi3/loader_uri_reader.go:104.31,107.4 2 0
github.com/getkin/kin-openapi/openapi3/loader_uri_reader.go:108.3,109.54 2 1
github.com/getkin/kin-openapi/openapi3/loader_uri_reader.go:109.54,111.4 1 0
github.com/getkin/kin-openapi/openapi3/loader_uri_reader.go:112.3,115.9 4 1
github.com/getkin/kin-openapi/openapi3/maplike.go:12.51,13.14 1 0
github.com/getkin/kin-openapi/openapi3/maplike.go:13.14,15.3 1 0
github.com/getkin/kin-openapi/openapi3/maplike.go:16.2,16.58 1 0
github.com/getkin/kin-openapi/openapi3/maplike.go:20.45,22.2 1 1
github.com/getkin/kin-openapi/openapi3/maplike.go:25.60,26.26 1 1
github.com/getkin/kin-openapi/openapi3/maplike.go:26.26,28.3 1 0
github.com/getkin/kin-openapi/openapi3/maplike.go:29.2,29.25 1 1
github.com/getkin/kin-openapi/openapi3/maplike.go:34.65,35.24 1 0
github.com/getkin/kin-openapi/openapi3/maplike.go:35.24,37.3 1 0
github.com/getkin/kin-openapi/openapi3/maplike.go:38.2,38.26 1 0
github.com/getkin/kin-openapi/openapi3/maplike.go:42.39,43.44 1 1
github.com/getkin/kin-openapi/openapi3/maplike.go:43.44,45.3 1 0
github.com/getkin/kin-openapi/openapi3/maplike.go:46.2,46.25 1 1
github.com/getkin/kin-openapi/openapi3/maplike.go:50.48,51.44 1 0
github.com/getkin/kin-openapi/openapi3/maplike.go:51.44,53.3 1 0
github.com/getkin/kin-openapi/openapi3/maplike.go:58.63,59.47 1 1
github.com/getkin/kin-openapi/openapi3/maplike.go:59.47,61.3 1 0
github.com/getkin/kin-openapi/openapi3/maplike.go:62.2,64.8 3 1
github.com/getkin/kin-openapi/openapi3/maplike.go:70.66,71.43 1 0
github.com/getkin/kin-openapi/openapi3/maplike.go:71.43,74.3 2 0
github.com/getkin/kin-openapi/openapi3/maplike.go:74.8,74.36 1 0
github.com/getkin/kin-openapi/openapi3/maplike.go:74.36,76.3 1 0
github.com/getkin/kin-openapi/openapi3/maplike.go:76.8,78.3 1 0
github.com/getkin/kin-openapi/openapi3/maplike.go:82.56,83.22 1 0
github.com/getkin/kin-openapi/openapi3/maplike.go:83.22,85.3 1 0
github.com/getkin/kin-openapi/openapi3/maplike.go:86.2,88.37 3 0
github.com/getkin/kin-openapi/openapi3/maplike.go:88.37,90.3 1 0
github.com/getkin/kin-openapi/openapi3/maplike.go:91.2,91.15 1 0
github.com/getkin/kin-openapi/openapi3/maplike.go:95.59,97.16 2 0
github.com/getkin/kin-openapi/openapi3/maplike.go:97.16,99.3 1 0
github.com/getkin/kin-openapi/openapi3/maplike.go:100.2,100.36 1 0
github.com/getkin/kin-openapi/openapi3/maplike.go:104.68,106.48 2 1
github.com/getkin/kin-openapi/openapi3/maplike.go:106.48,108.3 1 0
github.com/getkin/kin-openapi/openapi3/maplike.go:110.2,115.38 2 1
github.com/getkin/kin-openapi/openapi3/maplike.go:115.38,117.33 2 1
github.com/getkin/kin-openapi/openapi3/maplike.go:117.33,119.12 2 0
github.com/getkin/kin-openapi/openapi3/maplike.go:122.3,123.46 2 1
github.com/getkin/kin-openapi/openapi3/maplike.go:123.46,125.4 1 0
github.com/getkin/kin-openapi/openapi3/maplike.go:126.3,127.47 2 1
github.com/getkin/kin-openapi/openapi3/maplike.go:127.47,129.4 1 0
github.com/getkin/kin-openapi/openapi3/maplike.go:130.3,130.15 1 1
github.com/getkin/kin-openapi/openapi3/maplike.go:132.2,133.8 2 1
github.com/getkin/kin-openapi/openapi3/maplike.go:137.49,138.14 1 0
github.com/getkin/kin-openapi/openapi3/maplike.go:138.14,140.3 1 0
github.com/getkin/kin-openapi/openapi3/maplike.go:141.2,141.54 1 0
github.com/getkin/kin-openapi/openapi3/maplike.go:145.43,147.2 1 0
github.com/getkin/kin-openapi/openapi3/maplike.go:150.55,151.25 1 0
github.com/getkin/kin-openapi/openapi3/maplike.go:151.25,153.3 1 0
github.com/getkin/kin-openapi/openapi3/maplike.go:154.2,154.24 1 0
github.com/getkin/kin-openapi/openapi3/maplike.go:159.60,160.23 1 0
github.com/getkin/kin-openapi/openapi3/maplike.go:160.23,162.3 1 0
github.com/getkin/kin-openapi/openapi3/maplike.go:163.2,163.25 1 0
github.com/getkin/kin-openapi/openapi3/maplike.go:167.37,168.42 1 0
github.com/getkin/kin-openapi/openapi3/maplike.go:168.42,170.3 1 0
github.com/getkin/kin-openapi/openapi3/maplike.go:171.2,171.24 1 0
github.com/getkin/kin-openapi/openapi3/maplike.go:175.46,176.42 1 0
github.com/getkin/kin-openapi/openapi3/maplike.go:176.42,178.3 1 0
github.com/getkin/kin-openapi/openapi3/maplike.go:183.58,184.45 1 0
github.com/getkin/kin-openapi/openapi3/maplike.go:184.45,186.3 1 0
github.com/getkin/kin-openapi/openapi3/maplike.go:187.2,189.8 3 0
github.com/getkin/kin-openapi/openapi3/maplike.go:195.64,196.42 1 0
github.com/getkin/kin-openapi/openapi3/maplike.go:196.42,199.3 2 0
github.com/getkin/kin-openapi/openapi3/maplike.go:199.8,199.36 1 0
github.com/getkin/kin-openapi/openapi3/maplike.go:199.36,201.3 1 0
github.com/getkin/kin-openapi/openapi3/maplike.go:201.8,203.3 1 0
github.com/getkin/kin-openapi/openapi3/maplike.go:207.54,208.21 1 0
github.com/getkin/kin-openapi/openapi3/maplike.go:208.21,210.3 1 0
github.com/getkin/kin-openapi/openapi3/maplike.go:211.2,213.36 3 0
github.com/getkin/kin-openapi/openapi3/maplike.go:213.36,215.3 1 0
github.com/getkin/kin-openapi/openapi3/maplike.go:216.2,216.15 1 0
github.com/getkin/kin-openapi/openapi3/maplike.go:220.57,222.16 2 0
github.com/getkin/kin-openapi/openapi3/maplike.go:222.16,224.3 1 0
github.com/getkin/kin-openapi/openapi3/maplike.go:225.2,225.35 1 0
github.com/getkin/kin-openapi/openapi3/maplike.go:229.66,231.48 2 0
github.com/getkin/kin-openapi/openapi3/maplike.go:231.48,233.3 1 0
github.com/getkin/kin-openapi/openapi3/maplike.go:235.2,240.38 2 0
github.com/getkin/kin-openapi/openapi3/maplike.go:240.38,242.33 2 0
github.com/getkin/kin-openapi/openapi3/maplike.go:242.33,244.12 2 0
github.com/getkin/kin-openapi/openapi3/maplike.go:247.3,248.46 2 0
github.com/getkin/kin-openapi/openapi3/maplike.go:248.46,250.4 1 0
github.com/getkin/kin-openapi/openapi3/maplike.go:251.3,252.47 2 0
github.com/getkin/kin-openapi/openapi3/maplike.go:252.47,254.4 1 0
github.com/getkin/kin-openapi/openapi3/maplike.go:255.3,255.15 1 0
github.com/getkin/kin-openapi/openapi3/maplike.go:257.2,258.8 2 0
github.com/getkin/kin-openapi/openapi3/maplike.go:262.43,263.14 1 0
github.com/getkin/kin-openapi/openapi3/maplike.go:263.14,265.3 1 0
github.com/getkin/kin-openapi/openapi3/maplike.go:266.2,266.51 1 0
github.com/getkin/kin-openapi/openapi3/maplike.go:270.37,272.2 1 1
github.com/getkin/kin-openapi/openapi3/maplike.go:275.49,276.22 1 1
github.com/getkin/kin-openapi/openapi3/maplike.go:276.22,278.3 1 0
github.com/getkin/kin-openapi/openapi3/maplike.go:279.2,279.21 1 1
github.com/getkin/kin-openapi/openapi3/maplike.go:284.54,285.20 1 0
github.com/getkin/kin-openapi/openapi3/maplike.go:285.20,287.3 1 0
github.com/getkin/kin-openapi/openapi3/maplike.go:288.2,288.22 1 0
github.com/getkin/kin-openapi/openapi3/maplike.go:292.31,293.36 1 1
github.com/getkin/kin-openapi/openapi3/maplike.go:293.36,295.3 1 0
github.com/getkin/kin-openapi/openapi3/maplike.go:296.2,296.21 1 1
github.com/getkin/kin-openapi/openapi3/maplike.go:300.40,301.36 1 0
github.com/getkin/kin-openapi/openapi3/maplike.go:301.36,303.3 1 0
github.com/getkin/kin-openapi/openapi3/maplike.go:308.52,309.39 1 1
github.com/getkin/kin-openapi/openapi3/maplike.go:309.39,311.3 1 0
github.com/getkin/kin-openapi/openapi3/maplike.go:312.2,314.8 3 1
github.com/getkin/kin-openapi/openapi3/maplike.go:320.58,321.39 1 0
github.com/getkin/kin-openapi/openapi3/maplike.go:321.39,324.3 2 0
github.com/getkin/kin-openapi/openapi3/maplike.go:324.8,324.36 1 0
github.com/getkin/kin-openapi/openapi3/maplike.go:324.36,326.3 1 0
github.com/getkin/kin-openapi/openapi3/maplike.go:326.8,328.3 1 0
github.com/getkin/kin-openapi/openapi3/maplike.go:332.48,333.18 1 0
github.com/getkin/kin-openapi/openapi3/maplike.go:333.18,335.3 1 0
github.com/getkin/kin-openapi/openapi3/maplike.go:336.2,338.33 3 0
github.com/getkin/kin-openapi/openapi3/maplike.go:338.33,340.3 1 0
github.com/getkin/kin-openapi/openapi3/maplike.go:341.2,341.15 1 0
github.com/getkin/kin-openapi/openapi3/maplike.go:345.51,347.16 2 0
github.com/getkin/kin-openapi/openapi3/maplike.go:347.16,349.3 1 0
github.com/getkin/kin-openapi/openapi3/maplike.go:350.2,350.32 1 0
github.com/getkin/kin-openapi/openapi3/maplike.go:354.60,356.48 2 1
github.com/getkin/kin-openapi/openapi3/maplike.go:356.48,358.3 1 0
github.com/getkin/kin-openapi/openapi3/maplike.go:360.2,365.38 2 1
github.com/getkin/kin-openapi/openapi3/maplike.go:365.38,367.33 2 1
github.com/getkin/kin-openapi/openapi3/maplike.go:367.33,369.12 2 0
github.com/getkin/kin-openapi/openapi3/maplike.go:372.3,373.46 2 1
github.com/getkin/kin-openapi/openapi3/maplike.go:373.46,375.4 1 0
github.com/getkin/kin-openapi/openapi3/maplike.go:376.3,377.47 2 1
github.com/getkin/kin-openapi/openapi3/maplike.go:377.47,379.4 1 0
github.com/getkin/kin-openapi/openapi3/maplike.go:380.3,380.15 1 1
github.com/getkin/kin-openapi/openapi3/maplike.go:382.2,383.8 2 1
github.com/getkin/kin-openapi/openapi3/marsh.go:12.51,13.112 1 0
github.com/getkin/kin-openapi/openapi3/marsh.go:13.112,16.3 2 0
github.com/getkin/kin-openapi/openapi3/marsh.go:17.2,17.25 1 0
github.com/getkin/kin-openapi/openapi3/marsh.go:20.81,24.55 2 1
github.com/getkin/kin-openapi/openapi3/marsh.go:24.55,26.3 1 0
github.com/getkin/kin-openapi/openapi3/marsh.go:29.2,30.21 2 1
github.com/getkin/kin-openapi/openapi3/marsh.go:30.21,32.3 1 1
github.com/getkin/kin-openapi/openapi3/marsh.go:33.2,36.17 1 1
github.com/getkin/kin-openapi/openapi3/marsh.go:36.17,39.3 2 1
github.com/getkin/kin-openapi/openapi3/marsh.go:39.8,41.3 1 0
github.com/getkin/kin-openapi/openapi3/marsh.go:44.2,44.97 1 0
github.com/getkin/kin-openapi/openapi3/media_type.go:25.32,27.2 1 0
github.com/getkin/kin-openapi/openapi3/media_type.go:29.67,30.19 1 0
github.com/getkin/kin-openapi/openapi3/media_type.go:30.19,32.3 1 0
github.com/getkin/kin-openapi/openapi3/media_type.go:32.8,34.3 1 0
github.com/getkin/kin-openapi/openapi3/media_type.go:35.2,35.18 1 0
github.com/getkin/kin-openapi/openapi3/media_type.go:38.73,41.2 2 0
github.com/getkin/kin-openapi/openapi3/media_type.go:43.76,45.20 2 0
github.com/getkin/kin-openapi/openapi3/media_type.go:45.20,48.3 2 0
github.com/getkin/kin-openapi/openapi3/media_type.go:49.2,52.18 2 0
github.com/getkin/kin-openapi/openapi3/media_type.go:55.81,57.21 2 0
github.com/getkin/kin-openapi/openapi3/media_type.go:57.21,60.3 2 0
github.com/getkin/kin-openapi/openapi3/media_type.go:61.2,62.18 2 0
github.com/getkin/kin-openapi/openapi3/media_type.go:66.58,68.16 2 0
github.com/getkin/kin-openapi/openapi3/media_type.go:68.16,70.3 1 0
github.com/getkin/kin-openapi/openapi3/media_type.go:71.2,71.24 1 0
github.com/getkin/kin-openapi/openapi3/media_type.go:75.55,78.37 3 0
github.com/getkin/kin-openapi/openapi3/media_type.go:78.37,80.3 1 0
github.com/getkin/kin-openapi/openapi3/media_type.go:81.2,81.38 1 0
github.com/getkin/kin-openapi/openapi3/media_type.go:81.38,83.3 1 0
github.com/getkin/kin-openapi/openapi3/media_type.go:84.2,84.42 1 0
github.com/getkin/kin-openapi/openapi3/media_type.go:84.42,86.3 1 0
github.com/getkin/kin-openapi/openapi3/media_type.go:87.2,87.42 1 0
github.com/getkin/kin-openapi/openapi3/media_type.go:87.42,89.3 1 0
github.com/getkin/kin-openapi/openapi3/media_type.go:90.2,90.15 1 0
github.com/getkin/kin-openapi/openapi3/media_type.go:94.62,97.49 3 0
github.com/getkin/kin-openapi/openapi3/media_type.go:97.49,99.3 1 0
github.com/getkin/kin-openapi/openapi3/media_type.go:100.2,105.28 6 0
github.com/getkin/kin-openapi/openapi3/media_type.go:105.28,107.3 1 0
github.com/getkin/kin-openapi/openapi3/media_type.go:108.2,110.12 3 0
github.com/getkin/kin-openapi/openapi3/media_type.go:114.91,117.22 2 0
github.com/getkin/kin-openapi/openapi3/media_type.go:117.22,119.3 1 0
github.com/getkin/kin-openapi/openapi3/media_type.go:120.2,120.47 1 0
github.com/getkin/kin-openapi/openapi3/media_type.go:120.47,121.46 1 0
github.com/getkin/kin-openapi/openapi3/media_type.go:121.46,123.4 1 0
github.com/getkin/kin-openapi/openapi3/media_type.go:125.3,125.60 1 0
github.com/getkin/kin-openapi/openapi3/media_type.go:125.60,127.4 1 0
github.com/getkin/kin-openapi/openapi3/media_type.go:129.3,129.70 1 0
github.com/getkin/kin-openapi/openapi3/media_type.go:129.70,130.52 1 0
github.com/getkin/kin-openapi/openapi3/media_type.go:130.52,131.76 1 0
github.com/getkin/kin-openapi/openapi3/media_type.go:131.76,133.6 1 0
github.com/getkin/kin-openapi/openapi3/media_type.go:136.4,136.55 1 0
github.com/getkin/kin-openapi/openapi3/media_type.go:136.55,137.48 1 0
github.com/getkin/kin-openapi/openapi3/media_type.go:137.48,139.44 2 0
github.com/getkin/kin-openapi/openapi3/media_type.go:139.44,141.7 1 0
github.com/getkin/kin-openapi/openapi3/media_type.go:142.6,142.83 1 0
github.com/getkin/kin-openapi/openapi3/media_type.go:142.83,146.7 1 0
github.com/getkin/kin-openapi/openapi3/media_type.go:152.2,152.72 1 0
github.com/getkin/kin-openapi/openapi3/media_type.go:156.66,157.15 1 0
github.com/getkin/kin-openapi/openapi3/media_type.go:158.16,159.30 1 0
github.com/getkin/kin-openapi/openapi3/media_type.go:159.30,160.34 1 0
github.com/getkin/kin-openapi/openapi3/media_type.go:160.34,162.5 1 0
github.com/getkin/kin-openapi/openapi3/media_type.go:163.4,163.38 1 0
github.com/getkin/kin-openapi/openapi3/media_type.go:165.17,166.32 1 0
github.com/getkin/kin-openapi/openapi3/media_type.go:167.18,168.33 1 0
github.com/getkin/kin-openapi/openapi3/media_type.go:169.18,170.33 1 0
github.com/getkin/kin-openapi/openapi3/media_type.go:172.2,173.15 2 0
github.com/getkin/kin-openapi/openapi3/openapi3.go:45.34,47.2 1 0
github.com/getkin/kin-openapi/openapi3/openapi3.go:52.41,54.2 1 1
github.com/getkin/kin-openapi/openapi3/openapi3.go:56.60,58.2 1 0
github.com/getkin/kin-openapi/openapi3/openapi3.go:60.62,62.2 1 0
github.com/getkin/kin-openapi/openapi3/openapi3.go:66.42,67.16 1 1
github.com/getkin/kin-openapi/openapi3/openapi3.go:67.16,69.3 1 0
github.com/getkin/kin-openapi/openapi3/openapi3.go:70.2,70.21 1 1
github.com/getkin/kin-openapi/openapi3/openapi3.go:71.63,72.15 1 1
github.com/getkin/kin-openapi/openapi3/openapi3.go:73.40,74.15 1 0
github.com/getkin/kin-openapi/openapi3/openapi3.go:75.22,76.15 1 0
github.com/getkin/kin-openapi/openapi3/openapi3.go:77.10,78.12 1 0
github.com/getkin/kin-openapi/openapi3/openapi3.go:85.53,86.15 1 0
github.com/getkin/kin-openapi/openapi3/openapi3.go:87.17,88.26 1 0
github.com/getkin/kin-openapi/openapi3/openapi3.go:89.20,90.29 1 0
github.com/getkin/kin-openapi/openapi3/openapi3.go:91.14,92.23 1 0
github.com/getkin/kin-openapi/openapi3/openapi3.go:93.15,94.24 1 0
github.com/getkin/kin-openapi/openapi3/openapi3.go:95.18,96.27 1 0
github.com/getkin/kin-openapi/openapi3/openapi3.go:97.17,98.26 1 0
github.com/getkin/kin-openapi/openapi3/openapi3.go:99.14,100.23 1 0
github.com/getkin/kin-openapi/openapi3/openapi3.go:101.22,102.31 1 0
github.com/getkin/kin-openapi/openapi3/openapi3.go:103.18,104.27 1 0
github.com/getkin/kin-openapi/openapi3/openapi3.go:105.27,106.36 1 0
github.com/getkin/kin-openapi/openapi3/openapi3.go:109.2,110.15 2 0
github.com/getkin/kin-openapi/openapi3/openapi3.go:114.45,116.16 2 0
github.com/getkin/kin-openapi/openapi3/openapi3.go:116.16,118.3 1 0
github.com/getkin/kin-openapi/openapi3/openapi3.go:119.2,119.24 1 0
github.com/getkin/kin-openapi/openapi3/openapi3.go:123.42,124.16 1 0
github.com/getkin/kin-openapi/openapi3/openapi3.go:124.16,126.3 1 0
github.com/getkin/kin-openapi/openapi3/openapi3.go:127.2,130.35 4 0
github.com/getkin/kin-openapi/openapi3/openapi3.go:130.35,132.3 1 0
github.com/getkin/kin-openapi/openapi3/openapi3.go:133.2,135.36 3 0
github.com/getkin/kin-openapi/openapi3/openapi3.go:135.36,137.3 1 0
github.com/getkin/kin-openapi/openapi3/openapi3.go:138.2,138.35 1 0
github.com/getkin/kin-openapi/openapi3/openapi3.go:138.35,140.3 1 0
github.com/getkin/kin-openapi/openapi3/openapi3.go:141.2,141.32 1 0
github.com/getkin/kin-openapi/openapi3/openapi3.go:141.32,143.3 1 0
github.com/getkin/kin-openapi/openapi3/openapi3.go:144.2,144.37 1 0
github.com/getkin/kin-openapi/openapi3/openapi3.go:144.37,146.3 1 0
github.com/getkin/kin-openapi/openapi3/openapi3.go:147.2,147.36 1 0
github.com/getkin/kin-openapi/openapi3/openapi3.go:147.36,149.3 1 0
github.com/getkin/kin-openapi/openapi3/openapi3.go:150.2,150.41 1 0
github.com/getkin/kin-openapi/openapi3/openapi3.go:150.41,152.3 1 0
github.com/getkin/kin-openapi/openapi3/openapi3.go:153.2,153.15 1 0
github.com/getkin/kin-openapi/openapi3/openapi3.go:157.48,160.49 3 1
github.com/getkin/kin-openapi/openapi3/openapi3.go:160.49,162.3 1 0
github.com/getkin/kin-openapi/openapi3/openapi3.go:163.2,174.28 12 1
github.com/getkin/kin-openapi/openapi3/openapi3.go:174.28,176.3 1 1
github.com/getkin/kin-openapi/openapi3/openapi3.go:177.2,179.12 3 1
github.com/getkin/kin-openapi/openapi3/openapi3.go:182.78,183.22 1 0
github.com/getkin/kin-openapi/openapi3/openapi3.go:183.22,185.3 1 0
github.com/getkin/kin-openapi/openapi3/openapi3.go:186.2,187.21 2 0
github.com/getkin/kin-openapi/openapi3/openapi3.go:187.21,190.3 2 0
github.com/getkin/kin-openapi/openapi3/openapi3.go:191.2,191.42 1 0
github.com/getkin/kin-openapi/openapi3/openapi3.go:194.41,196.2 1 0
github.com/getkin/kin-openapi/openapi3/openapi3.go:198.46,200.2 1 0
github.com/getkin/kin-openapi/openapi3/openapi3.go:204.86,206.2 1 0
github.com/getkin/kin-openapi/openapi3/openapi3.go:209.86,210.30 1 0
github.com/getkin/kin-openapi/openapi3/openapi3.go:210.30,212.3 1 0
github.com/getkin/kin-openapi/openapi3/openapi3.go:213.2,213.37 1 0
github.com/getkin/kin-openapi/openapi3/openapi3.go:218.86,220.2 1 0
github.com/getkin/kin-openapi/openapi3/openapi3.go:223.86,224.30 1 0
github.com/getkin/kin-openapi/openapi3/openapi3.go:224.30,226.3 1 0
github.com/getkin/kin-openapi/openapi3/openapi3.go:227.2,227.37 1 0
github.com/getkin/kin-openapi/openapi3/openapi3.go:232.88,234.2 1 0
github.com/getkin/kin-openapi/openapi3/openapi3.go:237.88,238.31 1 0
github.com/getkin/kin-openapi/openapi3/openapi3.go:238.31,240.3 1 0
github.com/getkin/kin-openapi/openapi3/openapi3.go:241.2,241.38 1 0
github.com/getkin/kin-openapi/openapi3/openapi3.go:246.69,248.30 2 0
github.com/getkin/kin-openapi/openapi3/openapi3.go:248.30,250.3 1 0
github.com/getkin/kin-openapi/openapi3/openapi3.go:251.2,251.30 1 0
github.com/getkin/kin-openapi/openapi3/openapi3.go:251.30,253.3 1 0
github.com/getkin/kin-openapi/openapi3/openapi3.go:254.2,254.31 1 0
github.com/getkin/kin-openapi/openapi3/openapi3.go:254.31,256.3 1 0
github.com/getkin/kin-openapi/openapi3/openapi3.go:257.2,257.13 1 0
github.com/getkin/kin-openapi/openapi3/openapi3.go:265.77,266.30 1 1
github.com/getkin/kin-openapi/openapi3/openapi3.go:266.30,268.3 1 0
github.com/getkin/kin-openapi/openapi3/openapi3.go:269.2,272.23 3 1
github.com/getkin/kin-openapi/openapi3/openapi3.go:272.23,273.72 1 0
github.com/getkin/kin-openapi/openapi3/openapi3.go:273.72,275.4 1 0
github.com/getkin/kin-openapi/openapi3/openapi3.go:278.2,278.54 1 1
github.com/getkin/kin-openapi/openapi3/openapi3.go:278.54,279.72 1 0
github.com/getkin/kin-openapi/openapi3/openapi3.go:279.72,281.4 1 0
github.com/getkin/kin-openapi/openapi3/openapi3.go:283.2,283.62 1 1
github.com/getkin/kin-openapi/openapi3/openapi3.go:283.62,284.81 1 0
github.com/getkin/kin-openapi/openapi3/openapi3.go:284.81,286.4 1 0
github.com/getkin/kin-openapi/openapi3/openapi3.go:289.2,289.56 1 1
github.com/getkin/kin-openapi/openapi3/openapi3.go:289.56,290.30 1 1
github.com/getkin/kin-openapi/openapi3/openapi3.go:290.30,290.92 1 0
github.com/getkin/kin-openapi/openapi3/openapi3.go:293.2,296.35 3 1
github.com/getkin/kin-openapi/openapi3/openapi3.go:296.35,297.63 1 1
github.com/getkin/kin-openapi/openapi3/openapi3.go:297.63,299.4 1 0
github.com/getkin/kin-openapi/openapi3/openapi3.go:302.2,303.29 2 1
github.com/getkin/kin-openapi/openapi3/openapi3.go:303.29,304.63 1 1
github.com/getkin/kin-openapi/openapi3/openapi3.go:304.63,306.4 1 0
github.com/getkin/kin-openapi/openapi3/openapi3.go:307.8,307.74 1 0
github.com/getkin/kin-openapi/openapi3/openapi3.go:307.74,309.3 1 0
github.com/getkin/kin-openapi/openapi3/openapi3.go:311.2,312.30 2 1
github.com/getkin/kin-openapi/openapi3/openapi3.go:312.30,313.63 1 1
github.com/getkin/kin-openapi/openapi3/openapi3.go:313.63,315.4 1 0
github.com/getkin/kin-openapi/openapi3/openapi3.go:316.8,316.30 1 0
github.com/getkin/kin-openapi/openapi3/openapi3.go:316.30,317.69 1 0
github.com/getkin/kin-openapi/openapi3/openapi3.go:317.69,319.4 1 0
github.com/getkin/kin-openapi/openapi3/openapi3.go:322.2,323.33 2 1
github.com/getkin/kin-openapi/openapi3/openapi3.go:323.33,324.63 1 0
github.com/getkin/kin-openapi/openapi3/openapi3.go:324.63,326.4 1 0
github.com/getkin/kin-openapi/openapi3/openapi3.go:329.2,330.32 2 1
github.com/getkin/kin-openapi/openapi3/openapi3.go:330.32,331.63 1 0
github.com/getkin/kin-openapi/openapi3/openapi3.go:331.63,333.4 1 0
github.com/getkin/kin-openapi/openapi3/openapi3.go:336.2,337.29 2 1
github.com/getkin/kin-openapi/openapi3/openapi3.go:337.29,338.63 1 0
github.com/getkin/kin-openapi/openapi3/openapi3.go:338.63,340.4 1 0
github.com/getkin/kin-openapi/openapi3/openapi3.go:343.2,344.37 2 1
github.com/getkin/kin-openapi/openapi3/openapi3.go:344.37,345.63 1 0
github.com/getkin/kin-openapi/openapi3/openapi3.go:345.63,347.4 1 0
github.com/getkin/kin-openapi/openapi3/openapi3.go:350.2,351.52 2 1
github.com/getkin/kin-openapi/openapi3/openapi3.go:351.52,353.22 2 0
github.com/getkin/kin-openapi/openapi3/openapi3.go:353.22,354.61 1 0
github.com/getkin/kin-openapi/openapi3/openapi3.go:354.61,356.5 1 0
github.com/getkin/kin-openapi/openapi3/openapi3.go:360.4,360.12 1 0
github.com/getkin/kin-openapi/openapi3/openapi3.go:362.3,362.38 1 0
github.com/getkin/kin-openapi/openapi3/openapi3.go:362.38,362.100 1 0
github.com/getkin/kin-openapi/openapi3/openapi3.go:363.3,363.77 1 0
github.com/getkin/kin-openapi/openapi3/openapi3.go:363.77,365.4 1 0
github.com/getkin/kin-openapi/openapi3/openapi3.go:368.2,369.33 2 1
github.com/getkin/kin-openapi/openapi3/openapi3.go:369.33,371.17 2 0
github.com/getkin/kin-openapi/openapi3/openapi3.go:371.17,372.44 1 0
github.com/getkin/kin-openapi/openapi3/openapi3.go:372.44,374.5 1 0
github.com/getkin/kin-openapi/openapi3/openapi3.go:375.9,375.28 1 0
github.com/getkin/kin-openapi/openapi3/openapi3.go:375.28,376.93 1 0
github.com/getkin/kin-openapi/openapi3/openapi3.go:376.93,378.5 1 0
github.com/getkin/kin-openapi/openapi3/openapi3.go:382.2,382.73 1 1
github.com/getkin/kin-openapi/openapi3/openapi3.go:387.99,391.2 2 0
github.com/getkin/kin-openapi/openapi3/operation.go:55.32,57.2 1 0
github.com/getkin/kin-openapi/openapi3/operation.go:60.58,62.16 2 0
github.com/getkin/kin-openapi/openapi3/operation.go:62.16,64.3 1 0
github.com/getkin/kin-openapi/openapi3/operation.go:65.2,65.24 1 0
github.com/getkin/kin-openapi/openapi3/operation.go:69.55,72.38 3 0
github.com/getkin/kin-openapi/openapi3/operation.go:72.38,74.3 1 0
github.com/getkin/kin-openapi/openapi3/operation.go:75.2,75.37 1 0
github.com/getkin/kin-openapi/openapi3/operation.go:75.37,77.3 1 0
github.com/getkin/kin-openapi/openapi3/operation.go:78.2,78.41 1 0
github.com/getkin/kin-openapi/openapi3/operation.go:78.41,80.3 1 0
github.com/getkin/kin-openapi/openapi3/operation.go:81.2,81.41 1 0
github.com/getkin/kin-openapi/openapi3/operation.go:81.41,83.3 1 0
github.com/getkin/kin-openapi/openapi3/operation.go:84.2,84.44 1 0
github.com/getkin/kin-openapi/openapi3/operation.go:84.44,86.3 1 0
github.com/getkin/kin-openapi/openapi3/operation.go:87.2,87.42 1 0
github.com/getkin/kin-openapi/openapi3/operation.go:87.42,89.3 1 0
github.com/getkin/kin-openapi/openapi3/operation.go:90.2,91.43 2 0
github.com/getkin/kin-openapi/openapi3/operation.go:91.43,93.3 1 0
github.com/getkin/kin-openapi/openapi3/operation.go:94.2,94.34 1 0
github.com/getkin/kin-openapi/openapi3/operation.go:94.34,96.3 1 0
github.com/getkin/kin-openapi/openapi3/operation.go:97.2,97.39 1 0
github.com/getkin/kin-openapi/openapi3/operation.go:97.39,99.3 1 0
github.com/getkin/kin-openapi/openapi3/operation.go:100.2,100.38 1 0
github.com/getkin/kin-openapi/openapi3/operation.go:100.38,102.3 1 0
github.com/getkin/kin-openapi/openapi3/operation.go:103.2,103.43 1 0
github.com/getkin/kin-openapi/openapi3/operation.go:103.43,105.3 1 0
github.com/getkin/kin-openapi/openapi3/operation.go:106.2,106.15 1 0
github.com/getkin/kin-openapi/openapi3/operation.go:110.62,113.49 3 1
github.com/getkin/kin-openapi/openapi3/operation.go:113.49,115.3 1 0
github.com/getkin/kin-openapi/openapi3/operation.go:116.2,129.28 14 1
github.com/getkin/kin-openapi/openapi3/operation.go:129.28,131.3 1 1
github.com/getkin/kin-openapi/openapi3/operation.go:132.2,133.12 2 1
github.com/getkin/kin-openapi/openapi3/operation.go:137.66,138.15 1 0
github.com/getkin/kin-openapi/openapi3/operation.go:139.21,140.35 1 0
github.com/getkin/kin-openapi/openapi3/operation.go:140.35,141.39 1 0
github.com/getkin/kin-openapi/openapi3/operation.go:141.39,143.5 1 0
github.com/getkin/kin-openapi/openapi3/operation.go:144.4,144.43 1 0
github.com/getkin/kin-openapi/openapi3/operation.go:146.14,147.29 1 0
github.com/getkin/kin-openapi/openapi3/operation.go:148.17,149.32 1 0
github.com/getkin/kin-openapi/openapi3/operation.go:150.21,151.36 1 0
github.com/getkin/kin-openapi/openapi3/operation.go:152.21,153.36 1 0
github.com/getkin/kin-openapi/openapi3/operation.go:154.20,155.35 1 0
github.com/getkin/kin-openapi/openapi3/operation.go:156.19,157.34 1 0
github.com/getkin/kin-openapi/openapi3/operation.go:158.19,159.34 1 0
github.com/getkin/kin-openapi/openapi3/operation.go:160.20,161.35 1 0
github.com/getkin/kin-openapi/openapi3/operation.go:162.18,163.33 1 0
github.com/getkin/kin-openapi/openapi3/operation.go:164.17,165.32 1 0
github.com/getkin/kin-openapi/openapi3/operation.go:166.22,167.37 1 0
github.com/getkin/kin-openapi/openapi3/operation.go:170.2,171.15 2 0
github.com/getkin/kin-openapi/openapi3/operation.go:174.56,176.2 1 0
github.com/getkin/kin-openapi/openapi3/operation.go:178.73,180.33 2 0
github.com/getkin/kin-openapi/openapi3/operation.go:180.33,182.3 1 0
github.com/getkin/kin-openapi/openapi3/operation.go:183.2,183.32 1 0
github.com/getkin/kin-openapi/openapi3/operation.go:183.32,185.3 1 0
github.com/getkin/kin-openapi/openapi3/operation.go:186.2,186.62 1 0
github.com/getkin/kin-openapi/openapi3/operation.go:190.91,194.41 3 1
github.com/getkin/kin-openapi/openapi3/operation.go:194.41,195.50 1 0
github.com/getkin/kin-openapi/openapi3/operation.go:195.50,197.4 1 0
github.com/getkin/kin-openapi/openapi3/operation.go:200.2,200.42 1 1
github.com/getkin/kin-openapi/openapi3/operation.go:200.42,201.50 1 0
github.com/getkin/kin-openapi/openapi3/operation.go:201.50,203.4 1 0
github.com/getkin/kin-openapi/openapi3/operation.go:206.2,206.40 1 1
github.com/getkin/kin-openapi/openapi3/operation.go:206.40,207.50 1 1
github.com/getkin/kin-openapi/openapi3/operation.go:207.50,209.4 1 0
github.com/getkin/kin-openapi/openapi3/operation.go:210.8,210.88 1 0
github.com/getkin/kin-openapi/openapi3/operation.go:210.88,212.3 1 0
github.com/getkin/kin-openapi/openapi3/operation.go:214.2,214.43 1 1
github.com/getkin/kin-openapi/openapi3/operation.go:214.43,215.31 1 0
github.com/getkin/kin-openapi/openapi3/operation.go:215.31,215.101 1 0
github.com/getkin/kin-openapi/openapi3/operation.go:216.3,216.63 1 0
github.com/getkin/kin-openapi/openapi3/operation.go:216.63,218.4 1 0
github.com/getkin/kin-openapi/openapi3/operation.go:221.2,221.85 1 1
github.com/getkin/kin-openapi/openapi3/origin.go:35.37,37.16 1 0
github.com/getkin/kin-openapi/openapi3/origin.go:37.16,39.3 1 0
github.com/getkin/kin-openapi/openapi3/origin.go:40.2,57.34 9 0
github.com/getkin/kin-openapi/openapi3/origin.go:57.34,59.16 2 0
github.com/getkin/kin-openapi/openapi3/origin.go:59.16,70.4 5 0
github.com/getkin/kin-openapi/openapi3/origin.go:73.2,73.19 1 0
github.com/getkin/kin-openapi/openapi3/origin.go:73.19,75.3 1 0
github.com/getkin/kin-openapi/openapi3/origin.go:76.2,78.12 3 0
github.com/getkin/kin-openapi/openapi3/origin.go:78.12,80.16 2 0
github.com/getkin/kin-openapi/openapi3/origin.go:80.16,81.21 1 0
github.com/getkin/kin-openapi/openapi3/origin.go:81.21,82.10 1 0
github.com/getkin/kin-openapi/openapi3/origin.go:84.4,86.21 3 0
github.com/getkin/kin-openapi/openapi3/origin.go:86.21,87.10 1 0
github.com/getkin/kin-openapi/openapi3/origin.go:89.4,92.49 4 0
github.com/getkin/kin-openapi/openapi3/origin.go:92.49,98.5 5 0
github.com/getkin/kin-openapi/openapi3/origin.go:99.4,99.29 1 0
github.com/getkin/kin-openapi/openapi3/origin.go:102.2,102.10 1 0
github.com/getkin/kin-openapi/openapi3/origin.go:106.23,107.23 1 0
github.com/getkin/kin-openapi/openapi3/origin.go:108.11,109.11 1 0
github.com/getkin/kin-openapi/openapi3/origin.go:110.14,111.16 1 0
github.com/getkin/kin-openapi/openapi3/origin.go:113.2,113.10 1 0
github.com/getkin/kin-openapi/openapi3/origin.go:118.49,119.17 1 1
github.com/getkin/kin-openapi/openapi3/origin.go:119.17,121.3 1 1
github.com/getkin/kin-openapi/openapi3/origin.go:122.2,122.47 1 0
github.com/getkin/kin-openapi/openapi3/origin.go:125.68,129.71 2 0
github.com/getkin/kin-openapi/openapi3/origin.go:129.71,130.18 1 0
github.com/getkin/kin-openapi/openapi3/origin.go:130.18,132.4 1 0
github.com/getkin/kin-openapi/openapi3/origin.go:133.3,133.36 1 0
github.com/getkin/kin-openapi/openapi3/origin.go:133.36,135.4 1 0
github.com/getkin/kin-openapi/openapi3/origin.go:136.3,136.19 1 0
github.com/getkin/kin-openapi/openapi3/origin.go:139.2,139.20 1 0
github.com/getkin/kin-openapi/openapi3/origin.go:140.22,141.39 1 0
github.com/getkin/kin-openapi/openapi3/origin.go:142.19,143.31 1 0
github.com/getkin/kin-openapi/openapi3/origin.go:144.21,145.33 1 0
github.com/getkin/kin-openapi/openapi3/origin.go:149.88,153.24 2 0
github.com/getkin/kin-openapi/openapi3/origin.go:153.24,154.74 1 0
github.com/getkin/kin-openapi/openapi3/origin.go:154.74,156.18 2 0
github.com/getkin/kin-openapi/openapi3/origin.go:156.18,157.41 1 0
github.com/getkin/kin-openapi/openapi3/origin.go:157.41,159.6 1 0
github.com/getkin/kin-openapi/openapi3/origin.go:165.2,165.32 1 0
github.com/getkin/kin-openapi/openapi3/origin.go:165.32,167.23 2 0
github.com/getkin/kin-openapi/openapi3/origin.go:167.23,168.12 1 0
github.com/getkin/kin-openapi/openapi3/origin.go:170.3,171.30 2 0
github.com/getkin/kin-openapi/openapi3/origin.go:171.30,172.12 1 0
github.com/getkin/kin-openapi/openapi3/origin.go:174.3,175.23 2 0
github.com/getkin/kin-openapi/openapi3/origin.go:175.23,177.4 1 0
github.com/getkin/kin-openapi/openapi3/origin.go:184.2,184.56 1 0
github.com/getkin/kin-openapi/openapi3/origin.go:184.56,186.66 2 0
github.com/getkin/kin-openapi/openapi3/origin.go:186.66,187.12 1 0
github.com/getkin/kin-openapi/openapi3/origin.go:189.3,190.31 2 0
github.com/getkin/kin-openapi/openapi3/origin.go:190.31,192.4 1 0
github.com/getkin/kin-openapi/openapi3/origin.go:199.2,200.19 2 0
github.com/getkin/kin-openapi/openapi3/origin.go:200.19,202.3 1 0
github.com/getkin/kin-openapi/openapi3/origin.go:202.8,202.26 1 0
github.com/getkin/kin-openapi/openapi3/origin.go:202.26,204.3 1 0
github.com/getkin/kin-openapi/openapi3/origin.go:205.2,205.40 1 0
github.com/getkin/kin-openapi/openapi3/origin.go:205.40,206.69 1 0
github.com/getkin/kin-openapi/openapi3/origin.go:206.69,208.25 2 0
github.com/getkin/kin-openapi/openapi3/origin.go:208.25,210.5 1 0
github.com/getkin/kin-openapi/openapi3/origin.go:215.66,216.24 1 0
github.com/getkin/kin-openapi/openapi3/origin.go:216.24,218.3 1 0
github.com/getkin/kin-openapi/openapi3/origin.go:219.2,219.36 1 0
github.com/getkin/kin-openapi/openapi3/origin.go:219.36,221.23 2 0
github.com/getkin/kin-openapi/openapi3/origin.go:221.23,222.12 1 0
github.com/getkin/kin-openapi/openapi3/origin.go:224.3,227.73 2 0
github.com/getkin/kin-openapi/openapi3/origin.go:227.73,229.4 1 0
github.com/getkin/kin-openapi/openapi3/origin.go:229.9,229.43 1 0
github.com/getkin/kin-openapi/openapi3/origin.go:229.43,235.4 4 0
github.com/getkin/kin-openapi/openapi3/origin.go:239.68,240.56 1 0
github.com/getkin/kin-openapi/openapi3/origin.go:240.56,241.27 1 0
github.com/getkin/kin-openapi/openapi3/origin.go:241.27,243.4 1 0
github.com/getkin/kin-openapi/openapi3/origin.go:248.48,250.15 2 0
github.com/getkin/kin-openapi/openapi3/origin.go:250.15,252.3 1 0
github.com/getkin/kin-openapi/openapi3/origin.go:253.2,254.13 2 0
github.com/getkin/kin-openapi/openapi3/parameter.go:19.59,21.16 2 0
github.com/getkin/kin-openapi/openapi3/parameter.go:21.16,23.3 1 0
github.com/getkin/kin-openapi/openapi3/parameter.go:24.2,24.34 1 0
github.com/getkin/kin-openapi/openapi3/parameter.go:24.34,26.3 1 0
github.com/getkin/kin-openapi/openapi3/parameter.go:28.2,29.33 2 0
github.com/getkin/kin-openapi/openapi3/parameter.go:29.33,31.3 1 0
github.com/getkin/kin-openapi/openapi3/parameter.go:32.2,32.23 1 0
github.com/getkin/kin-openapi/openapi3/parameter.go:35.33,37.2 1 0
github.com/getkin/kin-openapi/openapi3/parameter.go:39.80,40.34 1 0
github.com/getkin/kin-openapi/openapi3/parameter.go:40.34,41.32 1 0
github.com/getkin/kin-openapi/openapi3/parameter.go:41.32,42.36 1 0
github.com/getkin/kin-openapi/openapi3/parameter.go:42.36,44.5 1 0
github.com/getkin/kin-openapi/openapi3/parameter.go:47.2,47.12 1 0
github.com/getkin/kin-openapi/openapi3/parameter.go:51.92,55.42 3 0
github.com/getkin/kin-openapi/openapi3/parameter.go:55.42,56.40 1 0
github.com/getkin/kin-openapi/openapi3/parameter.go:56.40,58.31 2 0
github.com/getkin/kin-openapi/openapi3/parameter.go:58.31,60.5 1 0
github.com/getkin/kin-openapi/openapi3/parameter.go:61.4,61.27 1 0
github.com/getkin/kin-openapi/openapi3/parameter.go:64.3,64.52 1 0
github.com/getkin/kin-openapi/openapi3/parameter.go:64.52,66.4 1 0
github.com/getkin/kin-openapi/openapi3/parameter.go:68.2,68.12 1 0
github.com/getkin/kin-openapi/openapi3/parameter.go:101.47,107.2 1 0
github.com/getkin/kin-openapi/openapi3/parameter.go:109.48,114.2 1 0
github.com/getkin/kin-openapi/openapi3/parameter.go:116.49,121.2 1 0
github.com/getkin/kin-openapi/openapi3/parameter.go:123.49,128.2 1 0
github.com/getkin/kin-openapi/openapi3/parameter.go:130.70,133.2 2 0
github.com/getkin/kin-openapi/openapi3/parameter.go:135.65,138.2 2 0
github.com/getkin/kin-openapi/openapi3/parameter.go:140.66,141.18 1 0
github.com/getkin/kin-openapi/openapi3/parameter.go:141.18,143.3 1 0
github.com/getkin/kin-openapi/openapi3/parameter.go:143.8,147.3 1 0
github.com/getkin/kin-openapi/openapi3/parameter.go:148.2,148.18 1 0
github.com/getkin/kin-openapi/openapi3/parameter.go:152.58,154.16 2 0
github.com/getkin/kin-openapi/openapi3/parameter.go:154.16,156.3 1 0
github.com/getkin/kin-openapi/openapi3/parameter.go:157.2,157.24 1 0
github.com/getkin/kin-openapi/openapi3/parameter.go:161.55,165.34 3 0
github.com/getkin/kin-openapi/openapi3/parameter.go:165.34,167.3 1 0
github.com/getkin/kin-openapi/openapi3/parameter.go:168.2,168.32 1 0
github.com/getkin/kin-openapi/openapi3/parameter.go:168.32,170.3 1 0
github.com/getkin/kin-openapi/openapi3/parameter.go:171.2,171.41 1 0
github.com/getkin/kin-openapi/openapi3/parameter.go:171.41,173.3 1 0
github.com/getkin/kin-openapi/openapi3/parameter.go:174.2,174.35 1 0
github.com/getkin/kin-openapi/openapi3/parameter.go:174.35,176.3 1 0
github.com/getkin/kin-openapi/openapi3/parameter.go:177.2,177.38 1 0
github.com/getkin/kin-openapi/openapi3/parameter.go:177.38,179.3 1 0
github.com/getkin/kin-openapi/openapi3/parameter.go:180.2,180.39 1 0
github.com/getkin/kin-openapi/openapi3/parameter.go:180.39,182.3 1 0
github.com/getkin/kin-openapi/openapi3/parameter.go:183.2,183.37 1 0
github.com/getkin/kin-openapi/openapi3/parameter.go:183.37,185.3 1 0
github.com/getkin/kin-openapi/openapi3/parameter.go:186.2,186.34 1 0
github.com/getkin/kin-openapi/openapi3/parameter.go:186.34,188.3 1 0
github.com/getkin/kin-openapi/openapi3/parameter.go:189.2,189.32 1 0
github.com/getkin/kin-openapi/openapi3/parameter.go:189.32,191.3 1 0
github.com/getkin/kin-openapi/openapi3/parameter.go:192.2,192.37 1 0
github.com/getkin/kin-openapi/openapi3/parameter.go:192.37,194.3 1 0
github.com/getkin/kin-openapi/openapi3/parameter.go:195.2,195.38 1 0
github.com/getkin/kin-openapi/openapi3/parameter.go:195.38,197.3 1 0
github.com/getkin/kin-openapi/openapi3/parameter.go:198.2,198.42 1 0
github.com/getkin/kin-openapi/openapi3/parameter.go:198.42,200.3 1 0
github.com/getkin/kin-openapi/openapi3/parameter.go:201.2,201.41 1 0
github.com/getkin/kin-openapi/openapi3/parameter.go:201.41,203.3 1 0
github.com/getkin/kin-openapi/openapi3/parameter.go:205.2,205.15 1 0
github.com/getkin/kin-openapi/openapi3/parameter.go:209.62,212.49 3 0
github.com/getkin/kin-openapi/openapi3/parameter.go:212.49,214.3 1 0
github.com/getkin/kin-openapi/openapi3/parameter.go:215.2,230.28 15 0
github.com/getkin/kin-openapi/openapi3/parameter.go:230.28,232.3 1 0
github.com/getkin/kin-openapi/openapi3/parameter.go:234.2,235.12 2 0
github.com/getkin/kin-openapi/openapi3/parameter.go:239.66,240.15 1 0
github.com/getkin/kin-openapi/openapi3/parameter.go:241.16,242.30 1 0
github.com/getkin/kin-openapi/openapi3/parameter.go:242.30,243.34 1 0
github.com/getkin/kin-openapi/openapi3/parameter.go:243.34,245.5 1 0
github.com/getkin/kin-openapi/openapi3/parameter.go:246.4,246.38 1 0
github.com/getkin/kin-openapi/openapi3/parameter.go:248.14,249.29 1 0
github.com/getkin/kin-openapi/openapi3/parameter.go:250.12,251.27 1 0
github.com/getkin/kin-openapi/openapi3/parameter.go:252.21,253.36 1 0
github.com/getkin/kin-openapi/openapi3/parameter.go:254.15,255.30 1 0
github.com/getkin/kin-openapi/openapi3/parameter.go:256.17,257.32 1 0
github.com/getkin/kin-openapi/openapi3/parameter.go:258.25,259.40 1 0
github.com/getkin/kin-openapi/openapi3/parameter.go:260.23,261.38 1 0
github.com/getkin/kin-openapi/openapi3/parameter.go:262.20,263.35 1 0
github.com/getkin/kin-openapi/openapi3/parameter.go:264.18,265.33 1 0
github.com/getkin/kin-openapi/openapi3/parameter.go:266.17,267.32 1 0
github.com/getkin/kin-openapi/openapi3/parameter.go:268.18,269.33 1 0
github.com/getkin/kin-openapi/openapi3/parameter.go:270.17,271.32 1 0
github.com/getkin/kin-openapi/openapi3/parameter.go:274.2,275.15 2 0
github.com/getkin/kin-openapi/openapi3/parameter.go:281.81,282.22 1 0
github.com/getkin/kin-openapi/openapi3/parameter.go:283.42,285.18 2 0
github.com/getkin/kin-openapi/openapi3/parameter.go:285.18,287.4 1 0
github.com/getkin/kin-openapi/openapi3/parameter.go:288.3,289.31 2 0
github.com/getkin/kin-openapi/openapi3/parameter.go:289.31,291.4 1 0
github.com/getkin/kin-openapi/openapi3/parameter.go:292.3,292.67 1 0
github.com/getkin/kin-openapi/openapi3/parameter.go:293.43,295.18 2 0
github.com/getkin/kin-openapi/openapi3/parameter.go:295.18,297.4 1 0
github.com/getkin/kin-openapi/openapi3/parameter.go:298.3,299.31 2 0
github.com/getkin/kin-openapi/openapi3/parameter.go:299.31,301.4 1 0
github.com/getkin/kin-openapi/openapi3/parameter.go:302.3,302.67 1 0
github.com/getkin/kin-openapi/openapi3/parameter.go:303.10,304.74 1 0
github.com/getkin/kin-openapi/openapi3/parameter.go:309.91,312.26 2 0
github.com/getkin/kin-openapi/openapi3/parameter.go:312.26,314.3 1 0
github.com/getkin/kin-openapi/openapi3/parameter.go:315.2,316.12 2 0
github.com/getkin/kin-openapi/openapi3/parameter.go:321.21,321.21 0 0
github.com/getkin/kin-openapi/openapi3/parameter.go:322.10,323.63 1 0
github.com/getkin/kin-openapi/openapi3/parameter.go:326.2,326.50 1 0
github.com/getkin/kin-openapi/openapi3/parameter.go:326.50,328.3 1 0
github.com/getkin/kin-openapi/openapi3/parameter.go:331.2,332.16 2 0
github.com/getkin/kin-openapi/openapi3/parameter.go:332.16,334.3 1 0
github.com/getkin/kin-openapi/openapi3/parameter.go:335.2,336.9 2 0
github.com/getkin/kin-openapi/openapi3/parameter.go:356.84,357.21 1 0
github.com/getkin/kin-openapi/openapi3/parameter.go:359.2,359.18 1 0
github.com/getkin/kin-openapi/openapi3/parameter.go:359.18,362.3 2 0
github.com/getkin/kin-openapi/openapi3/parameter.go:364.2,364.64 1 0
github.com/getkin/kin-openapi/openapi3/parameter.go:364.64,367.3 1 0
github.com/getkin/kin-openapi/openapi3/parameter.go:369.2,369.50 1 0
github.com/getkin/kin-openapi/openapi3/parameter.go:369.50,370.23 1 0
github.com/getkin/kin-openapi/openapi3/parameter.go:370.23,373.4 1 0
github.com/getkin/kin-openapi/openapi3/parameter.go:375.3,375.47 1 0
github.com/getkin/kin-openapi/openapi3/parameter.go:375.47,377.4 1 0
github.com/getkin/kin-openapi/openapi3/parameter.go:380.2,380.47 1 0
github.com/getkin/kin-openapi/openapi3/parameter.go:380.47,381.46 1 0
github.com/getkin/kin-openapi/openapi3/parameter.go:381.46,383.4 1 0
github.com/getkin/kin-openapi/openapi3/parameter.go:384.3,384.60 1 0
github.com/getkin/kin-openapi/openapi3/parameter.go:384.60,386.4 1 0
github.com/getkin/kin-openapi/openapi3/parameter.go:388.3,388.69 1 0
github.com/getkin/kin-openapi/openapi3/parameter.go:388.69,390.4 1 0
github.com/getkin/kin-openapi/openapi3/parameter.go:391.3,391.51 1 0
github.com/getkin/kin-openapi/openapi3/parameter.go:391.51,392.75 1 0
github.com/getkin/kin-openapi/openapi3/parameter.go:392.75,394.5 1 0
github.com/getkin/kin-openapi/openapi3/parameter.go:395.9,395.61 1 0
github.com/getkin/kin-openapi/openapi3/parameter.go:395.61,396.47 1 0
github.com/getkin/kin-openapi/openapi3/parameter.go:396.47,398.43 2 0
github.com/getkin/kin-openapi/openapi3/parameter.go:398.43,400.6 1 0
github.com/getkin/kin-openapi/openapi3/parameter.go:401.5,401.82 1 0
github.com/getkin/kin-openapi/openapi3/parameter.go:401.82,405.6 1 0
github.com/getkin/kin-openapi/openapi3/parameter.go:410.2,410.72 1 0
github.com/getkin/kin-openapi/openapi3/parameter.go:414.76,417.2 2 0
github.com/getkin/kin-openapi/openapi3/path_item.go:34.56,36.16 2 0
github.com/getkin/kin-openapi/openapi3/path_item.go:36.16,38.3 1 0
github.com/getkin/kin-openapi/openapi3/path_item.go:39.2,39.24 1 0
github.com/getkin/kin-openapi/openapi3/path_item.go:43.53,44.36 1 0
github.com/getkin/kin-openapi/openapi3/path_item.go:44.36,46.3 1 0
github.com/getkin/kin-openapi/openapi3/path_item.go:48.2,50.36 3 0
github.com/getkin/kin-openapi/openapi3/path_item.go:50.36,52.3 1 0
github.com/getkin/kin-openapi/openapi3/path_item.go:53.2,53.40 1 0
github.com/getkin/kin-openapi/openapi3/path_item.go:53.40,55.3 1 0
github.com/getkin/kin-openapi/openapi3/path_item.go:56.2,56.37 1 0
github.com/getkin/kin-openapi/openapi3/path_item.go:56.37,58.3 1 0
github.com/getkin/kin-openapi/openapi3/path_item.go:59.2,59.36 1 0
github.com/getkin/kin-openapi/openapi3/path_item.go:59.36,61.3 1 0
github.com/getkin/kin-openapi/openapi3/path_item.go:62.2,62.33 1 0
github.com/getkin/kin-openapi/openapi3/path_item.go:62.33,64.3 1 0
github.com/getkin/kin-openapi/openapi3/path_item.go:65.2,65.34 1 0
github.com/getkin/kin-openapi/openapi3/path_item.go:65.34,67.3 1 0
github.com/getkin/kin-openapi/openapi3/path_item.go:68.2,68.37 1 0
github.com/getkin/kin-openapi/openapi3/path_item.go:68.37,70.3 1 0
github.com/getkin/kin-openapi/openapi3/path_item.go:71.2,71.35 1 0
github.com/getkin/kin-openapi/openapi3/path_item.go:71.35,73.3 1 0
github.com/getkin/kin-openapi/openapi3/path_item.go:74.2,74.34 1 0
github.com/getkin/kin-openapi/openapi3/path_item.go:74.34,76.3 1 0
github.com/getkin/kin-openapi/openapi3/path_item.go:77.2,77.33 1 0
github.com/getkin/kin-openapi/openapi3/path_item.go:77.33,79.3 1 0
github.com/getkin/kin-openapi/openapi3/path_item.go:80.2,80.35 1 0
github.com/getkin/kin-openapi/openapi3/path_item.go:80.35,82.3 1 0
github.com/getkin/kin-openapi/openapi3/path_item.go:83.2,83.40 1 0
github.com/getkin/kin-openapi/openapi3/path_item.go:83.40,85.3 1 0
github.com/getkin/kin-openapi/openapi3/path_item.go:86.2,86.43 1 0
github.com/getkin/kin-openapi/openapi3/path_item.go:86.43,88.3 1 0
github.com/getkin/kin-openapi/openapi3/path_item.go:89.2,89.15 1 0
github.com/getkin/kin-openapi/openapi3/path_item.go:93.60,96.49 3 1
github.com/getkin/kin-openapi/openapi3/path_item.go:96.49,98.3 1 0
github.com/getkin/kin-openapi/openapi3/path_item.go:99.2,114.28 16 1
github.com/getkin/kin-openapi/openapi3/path_item.go:114.28,116.3 1 1
github.com/getkin/kin-openapi/openapi3/path_item.go:117.2,118.12 2 1
github.com/getkin/kin-openapi/openapi3/path_item.go:121.62,123.37 2 1
github.com/getkin/kin-openapi/openapi3/path_item.go:123.37,125.3 1 0
github.com/getkin/kin-openapi/openapi3/path_item.go:126.2,126.36 1 1
github.com/getkin/kin-openapi/openapi3/path_item.go:126.36,128.3 1 0
github.com/getkin/kin-openapi/openapi3/path_item.go:129.2,129.33 1 1
github.com/getkin/kin-openapi/openapi3/path_item.go:129.33,131.3 1 1
github.com/getkin/kin-openapi/openapi3/path_item.go:132.2,132.34 1 1
github.com/getkin/kin-openapi/openapi3/path_item.go:132.34,134.3 1 0
github.com/getkin/kin-openapi/openapi3/path_item.go:135.2,135.37 1 1
github.com/getkin/kin-openapi/openapi3/path_item.go:135.37,137.3 1 0
github.com/getkin/kin-openapi/openapi3/path_item.go:138.2,138.35 1 1
github.com/getkin/kin-openapi/openapi3/path_item.go:138.35,140.3 1 0
github.com/getkin/kin-openapi/openapi3/path_item.go:141.2,141.34 1 1
github.com/getkin/kin-openapi/openapi3/path_item.go:141.34,143.3 1 0
github.com/getkin/kin-openapi/openapi3/path_item.go:144.2,144.33 1 1
github.com/getkin/kin-openapi/openapi3/path_item.go:144.33,146.3 1 0
github.com/getkin/kin-openapi/openapi3/path_item.go:147.2,147.35 1 1
github.com/getkin/kin-openapi/openapi3/path_item.go:147.35,149.3 1 0
github.com/getkin/kin-openapi/openapi3/path_item.go:150.2,150.19 1 1
github.com/getkin/kin-openapi/openapi3/path_item.go:153.66,154.16 1 0
github.com/getkin/kin-openapi/openapi3/path_item.go:155.26,156.26 1 0
github.com/getkin/kin-openapi/openapi3/path_item.go:157.25,158.25 1 0
github.com/getkin/kin-openapi/openapi3/path_item.go:159.22,160.22 1 0
github.com/getkin/kin-openapi/openapi3/path_item.go:161.23,162.23 1 0
github.com/getkin/kin-openapi/openapi3/path_item.go:163.26,164.26 1 0
github.com/getkin/kin-openapi/openapi3/path_item.go:165.24,166.24 1 0
github.com/getkin/kin-openapi/openapi3/path_item.go:167.23,168.23 1 0
github.com/getkin/kin-openapi/openapi3/path_item.go:169.22,170.22 1 0
github.com/getkin/kin-openapi/openapi3/path_item.go:171.24,172.24 1 0
github.com/getkin/kin-openapi/openapi3/path_item.go:173.10,174.58 1 0
github.com/getkin/kin-openapi/openapi3/path_item.go:178.77,179.16 1 0
github.com/getkin/kin-openapi/openapi3/path_item.go:180.26,181.31 1 0
github.com/getkin/kin-openapi/openapi3/path_item.go:182.25,183.30 1 0
github.com/getkin/kin-openapi/openapi3/path_item.go:184.22,185.27 1 0
github.com/getkin/kin-openapi/openapi3/path_item.go:186.23,187.28 1 0
github.com/getkin/kin-openapi/openapi3/path_item.go:188.26,189.31 1 0
github.com/getkin/kin-openapi/openapi3/path_item.go:190.24,191.29 1 0
github.com/getkin/kin-openapi/openapi3/path_item.go:192.23,193.28 1 0
github.com/getkin/kin-openapi/openapi3/path_item.go:194.22,195.27 1 0
github.com/getkin/kin-openapi/openapi3/path_item.go:196.24,197.29 1 0
github.com/getkin/kin-openapi/openapi3/path_item.go:198.10,199.58 1 0
github.com/getkin/kin-openapi/openapi3/path_item.go:204.89,210.52 4 1
github.com/getkin/kin-openapi/openapi3/path_item.go:210.52,212.33 2 1
github.com/getkin/kin-openapi/openapi3/path_item.go:212.33,212.95 1 0
github.com/getkin/kin-openapi/openapi3/path_item.go:213.3,213.73 1 1
github.com/getkin/kin-openapi/openapi3/path_item.go:213.73,215.4 1 0
github.com/getkin/kin-openapi/openapi3/path_item.go:218.2,218.40 1 1
github.com/getkin/kin-openapi/openapi3/path_item.go:218.40,219.50 1 0
github.com/getkin/kin-openapi/openapi3/path_item.go:219.50,221.4 1 0
github.com/getkin/kin-openapi/openapi3/path_item.go:224.2,224.83 1 1
github.com/getkin/kin-openapi/openapi3/path_item.go:228.42,244.2 1 0
github.com/getkin/kin-openapi/openapi3/paths.go:20.46,22.27 2 0
github.com/getkin/kin-openapi/openapi3/paths.go:22.27,24.3 1 0
github.com/getkin/kin-openapi/openapi3/paths.go:25.2,25.14 1 0
github.com/getkin/kin-openapi/openapi3/paths.go:32.63,33.28 1 0
github.com/getkin/kin-openapi/openapi3/paths.go:33.28,34.44 1 0
github.com/getkin/kin-openapi/openapi3/paths.go:34.44,36.4 1 0
github.com/getkin/kin-openapi/openapi3/paths.go:41.83,47.36 4 1
github.com/getkin/kin-openapi/openapi3/paths.go:47.36,49.35 2 1
github.com/getkin/kin-openapi/openapi3/paths.go:49.35,50.81 1 0
github.com/getkin/kin-openapi/openapi3/paths.go:50.81,52.5 1 0
github.com/getkin/kin-openapi/openapi3/paths.go:56.4,56.12 1 0
github.com/getkin/kin-openapi/openapi3/paths.go:59.3,59.22 1 1
github.com/getkin/kin-openapi/openapi3/paths.go:59.22,62.4 2 0
github.com/getkin/kin-openapi/openapi3/paths.go:64.3,65.57 2 1
github.com/getkin/kin-openapi/openapi3/paths.go:65.57,66.84 1 0
github.com/getkin/kin-openapi/openapi3/paths.go:66.84,68.5 1 0
github.com/getkin/kin-openapi/openapi3/paths.go:73.4,73.12 1 0
github.com/getkin/kin-openapi/openapi3/paths.go:75.3,78.52 3 1
github.com/getkin/kin-openapi/openapi3/paths.go:78.52,79.27 1 0
github.com/getkin/kin-openapi/openapi3/paths.go:79.27,80.93 1 0
github.com/getkin/kin-openapi/openapi3/paths.go:80.93,82.6 1 0
github.com/getkin/kin-openapi/openapi3/paths.go:85.3,86.53 2 1
github.com/getkin/kin-openapi/openapi3/paths.go:86.53,89.54 3 1
github.com/getkin/kin-openapi/openapi3/paths.go:89.54,90.28 1 0
github.com/getkin/kin-openapi/openapi3/paths.go:90.28,91.94 1 0
github.com/getkin/kin-openapi/openapi3/paths.go:91.94,93.7 1 0
github.com/getkin/kin-openapi/openapi3/paths.go:96.4,96.83 1 1
github.com/getkin/kin-openapi/openapi3/paths.go:96.83,98.21 2 0
github.com/getkin/kin-openapi/openapi3/paths.go:98.21,100.6 1 0
github.com/getkin/kin-openapi/openapi3/paths.go:101.5,103.40 3 0
github.com/getkin/kin-openapi/openapi3/paths.go:103.40,104.40 1 0
github.com/getkin/kin-openapi/openapi3/paths.go:104.40,106.7 1 0
github.com/getkin/kin-openapi/openapi3/paths.go:108.5,108.53 1 0
github.com/getkin/kin-openapi/openapi3/paths.go:108.53,109.46 1 0
github.com/getkin/kin-openapi/openapi3/paths.go:109.46,110.12 1 0
github.com/getkin/kin-openapi/openapi3/paths.go:112.6,112.32 1 0
github.com/getkin/kin-openapi/openapi3/paths.go:114.5,114.26 1 0
github.com/getkin/kin-openapi/openapi3/paths.go:114.26,120.21 1 0
github.com/getkin/kin-openapi/openapi3/paths.go:120.21,122.7 1 0
github.com/getkin/kin-openapi/openapi3/paths.go:127.3,127.35 1 1
github.com/getkin/kin-openapi/openapi3/paths.go:127.35,127.88 1 0
github.com/getkin/kin-openapi/openapi3/paths.go:128.3,128.74 1 1
github.com/getkin/kin-openapi/openapi3/paths.go:128.74,130.4 1 0
github.com/getkin/kin-openapi/openapi3/paths.go:133.2,133.68 1 1
github.com/getkin/kin-openapi/openapi3/paths.go:133.68,135.3 1 0
github.com/getkin/kin-openapi/openapi3/paths.go:137.2,137.77 1 1
github.com/getkin/kin-openapi/openapi3/paths.go:144.48,147.22 1 0
github.com/getkin/kin-openapi/openapi3/paths.go:147.22,149.3 1 0
github.com/getkin/kin-openapi/openapi3/paths.go:151.2,153.32 3 0
github.com/getkin/kin-openapi/openapi3/paths.go:153.32,156.18 3 0
github.com/getkin/kin-openapi/openapi3/paths.go:156.18,158.4 1 0
github.com/getkin/kin-openapi/openapi3/paths.go:161.2,162.28 2 0
github.com/getkin/kin-openapi/openapi3/paths.go:162.28,163.28 1 0
github.com/getkin/kin-openapi/openapi3/paths.go:163.28,164.46 1 0
github.com/getkin/kin-openapi/openapi3/paths.go:164.46,164.74 1 0
github.com/getkin/kin-openapi/openapi3/paths.go:165.4,165.36 1 0
github.com/getkin/kin-openapi/openapi3/paths.go:168.2,168.16 1 0
github.com/getkin/kin-openapi/openapi3/paths.go:183.48,186.21 2 0
github.com/getkin/kin-openapi/openapi3/paths.go:186.21,188.3 1 0
github.com/getkin/kin-openapi/openapi3/paths.go:190.2,192.48 3 0
github.com/getkin/kin-openapi/openapi3/paths.go:192.48,194.58 2 0
github.com/getkin/kin-openapi/openapi3/paths.go:194.58,196.4 1 0
github.com/getkin/kin-openapi/openapi3/paths.go:198.2,198.12 1 0
github.com/getkin/kin-openapi/openapi3/paths.go:201.56,204.51 3 1
github.com/getkin/kin-openapi/openapi3/paths.go:204.51,206.22 2 1
github.com/getkin/kin-openapi/openapi3/paths.go:206.22,207.12 1 0
github.com/getkin/kin-openapi/openapi3/paths.go:209.3,210.57 2 1
github.com/getkin/kin-openapi/openapi3/paths.go:210.57,212.55 2 1
github.com/getkin/kin-openapi/openapi3/paths.go:212.55,213.13 1 1
github.com/getkin/kin-openapi/openapi3/paths.go:215.4,216.66 2 0
github.com/getkin/kin-openapi/openapi3/paths.go:216.66,217.31 1 0
github.com/getkin/kin-openapi/openapi3/paths.go:217.31,219.6 1 0
github.com/getkin/kin-openapi/openapi3/paths.go:220.5,220.99 1 0
github.com/getkin/kin-openapi/openapi3/paths.go:222.4,222.50 1 0
github.com/getkin/kin-openapi/openapi3/paths.go:225.2,225.12 1 1
github.com/getkin/kin-openapi/openapi3/paths.go:228.78,229.38 1 1
github.com/getkin/kin-openapi/openapi3/paths.go:229.38,231.3 1 1
github.com/getkin/kin-openapi/openapi3/paths.go:233.2,243.25 4 0
github.com/getkin/kin-openapi/openapi3/paths.go:243.25,244.17 1 0
github.com/getkin/kin-openapi/openapi3/paths.go:244.17,245.16 1 0
github.com/getkin/kin-openapi/openapi3/paths.go:245.16,254.27 4 0
github.com/getkin/kin-openapi/openapi3/paths.go:254.27,256.6 1 0
github.com/getkin/kin-openapi/openapi3/paths.go:257.10,259.13 2 0
github.com/getkin/kin-openapi/openapi3/paths.go:262.9,262.22 1 0
github.com/getkin/kin-openapi/openapi3/paths.go:262.22,268.4 2 0
github.com/getkin/kin-openapi/openapi3/paths.go:271.3,272.9 2 0
github.com/getkin/kin-openapi/openapi3/paths.go:274.2,274.38 1 0
github.com/getkin/kin-openapi/openapi3/ref.go:20.41,23.25 3 0
github.com/getkin/kin-openapi/openapi3/ref.go:23.25,25.3 1 0
github.com/getkin/kin-openapi/openapi3/ref.go:26.2,26.15 1 0
github.com/getkin/kin-openapi/openapi3/ref.go:30.44,32.16 2 0
github.com/getkin/kin-openapi/openapi3/ref.go:32.16,34.3 1 0
github.com/getkin/kin-openapi/openapi3/ref.go:35.2,35.24 1 0
github.com/getkin/kin-openapi/openapi3/ref.go:39.77,42.2 2 0
github.com/getkin/kin-openapi/openapi3/refs.go:31.38,31.90 1 0
github.com/getkin/kin-openapi/openapi3/refs.go:34.42,34.58 1 0
github.com/getkin/kin-openapi/openapi3/refs.go:37.47,37.69 1 0
github.com/getkin/kin-openapi/openapi3/refs.go:40.42,40.71 1 0
github.com/getkin/kin-openapi/openapi3/refs.go:42.46,45.22 1 0
github.com/getkin/kin-openapi/openapi3/refs.go:45.22,47.3 1 0
github.com/getkin/kin-openapi/openapi3/refs.go:49.2,49.24 1 0
github.com/getkin/kin-openapi/openapi3/refs.go:53.49,54.29 1 0
github.com/getkin/kin-openapi/openapi3/refs.go:54.29,56.3 1 0
github.com/getkin/kin-openapi/openapi3/refs.go:57.2,57.30 1 0
github.com/getkin/kin-openapi/openapi3/refs.go:61.52,63.16 2 0
github.com/getkin/kin-openapi/openapi3/refs.go:63.16,65.3 1 0
github.com/getkin/kin-openapi/openapi3/refs.go:66.2,66.24 1 0
github.com/getkin/kin-openapi/openapi3/refs.go:70.56,72.139 2 0
github.com/getkin/kin-openapi/openapi3/refs.go:72.139,75.22 3 0
github.com/getkin/kin-openapi/openapi3/refs.go:75.22,77.25 2 0
github.com/getkin/kin-openapi/openapi3/refs.go:77.25,78.36 1 0
github.com/getkin/kin-openapi/openapi3/refs.go:78.36,80.6 1 0
github.com/getkin/kin-openapi/openapi3/refs.go:82.4,82.23 1 0
github.com/getkin/kin-openapi/openapi3/refs.go:82.23,84.5 1 0
github.com/getkin/kin-openapi/openapi3/refs.go:86.3,86.13 1 0
github.com/getkin/kin-openapi/openapi3/refs.go:88.2,88.39 1 0
github.com/getkin/kin-openapi/openapi3/refs.go:93.65,98.20 4 0
github.com/getkin/kin-openapi/openapi3/refs.go:98.20,100.3 1 0
github.com/getkin/kin-openapi/openapi3/refs.go:101.2,101.29 1 0
github.com/getkin/kin-openapi/openapi3/refs.go:101.29,102.32 1 0
github.com/getkin/kin-openapi/openapi3/refs.go:102.32,103.38 1 0
github.com/getkin/kin-openapi/openapi3/refs.go:103.38,105.5 1 0
github.com/getkin/kin-openapi/openapi3/refs.go:110.2,110.52 1 0
github.com/getkin/kin-openapi/openapi3/refs.go:110.52,111.51 1 0
github.com/getkin/kin-openapi/openapi3/refs.go:111.51,112.33 1 0
github.com/getkin/kin-openapi/openapi3/refs.go:112.33,114.5 1 0
github.com/getkin/kin-openapi/openapi3/refs.go:119.2,119.22 1 0
github.com/getkin/kin-openapi/openapi3/refs.go:119.22,121.3 1 0
github.com/getkin/kin-openapi/openapi3/refs.go:122.2,122.12 1 0
github.com/getkin/kin-openapi/openapi3/refs.go:126.85,128.46 2 0
github.com/getkin/kin-openapi/openapi3/refs.go:128.46,130.3 1 0
github.com/getkin/kin-openapi/openapi3/refs.go:132.2,132.28 1 0
github.com/getkin/kin-openapi/openapi3/refs.go:132.28,134.3 1 0
github.com/getkin/kin-openapi/openapi3/refs.go:136.2,136.42 1 0
github.com/getkin/kin-openapi/openapi3/refs.go:140.61,141.21 1 0
github.com/getkin/kin-openapi/openapi3/refs.go:141.21,143.3 1 0
github.com/getkin/kin-openapi/openapi3/refs.go:145.2,145.38 1 0
github.com/getkin/kin-openapi/openapi3/refs.go:145.38,147.3 1 0
github.com/getkin/kin-openapi/openapi3/refs.go:149.2,150.17 2 0
github.com/getkin/kin-openapi/openapi3/refs.go:170.37,170.89 1 0
github.com/getkin/kin-openapi/openapi3/refs.go:173.41,173.57 1 0
github.com/getkin/kin-openapi/openapi3/refs.go:176.46,176.67 1 0
github.com/getkin/kin-openapi/openapi3/refs.go:179.41,179.70 1 0
github.com/getkin/kin-openapi/openapi3/refs.go:181.45,184.22 1 0
github.com/getkin/kin-openapi/openapi3/refs.go:184.22,186.3 1 0
github.com/getkin/kin-openapi/openapi3/refs.go:188.2,188.24 1 0
github.com/getkin/kin-openapi/openapi3/refs.go:192.48,193.29 1 0
github.com/getkin/kin-openapi/openapi3/refs.go:193.29,195.3 1 0
github.com/getkin/kin-openapi/openapi3/refs.go:196.2,196.30 1 0
github.com/getkin/kin-openapi/openapi3/refs.go:200.51,202.16 2 0
github.com/getkin/kin-openapi/openapi3/refs.go:202.16,204.3 1 0
github.com/getkin/kin-openapi/openapi3/refs.go:205.2,205.24 1 0
github.com/getkin/kin-openapi/openapi3/refs.go:209.55,211.139 2 0
github.com/getkin/kin-openapi/openapi3/refs.go:211.139,214.22 3 0
github.com/getkin/kin-openapi/openapi3/refs.go:214.22,216.25 2 0
github.com/getkin/kin-openapi/openapi3/refs.go:216.25,217.36 1 0
github.com/getkin/kin-openapi/openapi3/refs.go:217.36,219.6 1 0
github.com/getkin/kin-openapi/openapi3/refs.go:221.4,221.23 1 0
github.com/getkin/kin-openapi/openapi3/refs.go:221.23,223.5 1 0
github.com/getkin/kin-openapi/openapi3/refs.go:225.3,225.13 1 0
github.com/getkin/kin-openapi/openapi3/refs.go:227.2,227.39 1 0
github.com/getkin/kin-openapi/openapi3/refs.go:232.64,237.20 4 0
github.com/getkin/kin-openapi/openapi3/refs.go:237.20,239.3 1 0
github.com/getkin/kin-openapi/openapi3/refs.go:240.2,240.29 1 0
github.com/getkin/kin-openapi/openapi3/refs.go:240.29,241.32 1 0
github.com/getkin/kin-openapi/openapi3/refs.go:241.32,242.38 1 0
github.com/getkin/kin-openapi/openapi3/refs.go:242.38,244.5 1 0
github.com/getkin/kin-openapi/openapi3/refs.go:249.2,249.52 1 0
github.com/getkin/kin-openapi/openapi3/refs.go:249.52,250.51 1 0
github.com/getkin/kin-openapi/openapi3/refs.go:250.51,251.33 1 0
github.com/getkin/kin-openapi/openapi3/refs.go:251.33,253.5 1 0
github.com/getkin/kin-openapi/openapi3/refs.go:258.2,258.22 1 0
github.com/getkin/kin-openapi/openapi3/refs.go:258.22,260.3 1 0
github.com/getkin/kin-openapi/openapi3/refs.go:261.2,261.12 1 0
github.com/getkin/kin-openapi/openapi3/refs.go:265.84,267.46 2 0
github.com/getkin/kin-openapi/openapi3/refs.go:267.46,269.3 1 0
github.com/getkin/kin-openapi/openapi3/refs.go:271.2,271.28 1 0
github.com/getkin/kin-openapi/openapi3/refs.go:271.28,273.3 1 0
github.com/getkin/kin-openapi/openapi3/refs.go:275.2,275.42 1 0
github.com/getkin/kin-openapi/openapi3/refs.go:279.60,280.21 1 0
github.com/getkin/kin-openapi/openapi3/refs.go:280.21,282.3 1 0
github.com/getkin/kin-openapi/openapi3/refs.go:284.2,284.38 1 0
github.com/getkin/kin-openapi/openapi3/refs.go:284.38,286.3 1 0
github.com/getkin/kin-openapi/openapi3/refs.go:288.2,289.17 2 0
github.com/getkin/kin-openapi/openapi3/refs.go:309.36,309.88 1 0
github.com/getkin/kin-openapi/openapi3/refs.go:312.40,312.56 1 0
github.com/getkin/kin-openapi/openapi3/refs.go:315.45,315.65 1 0
github.com/getkin/kin-openapi/openapi3/refs.go:318.40,318.69 1 0
github.com/getkin/kin-openapi/openapi3/refs.go:320.44,323.22 1 0
github.com/getkin/kin-openapi/openapi3/refs.go:323.22,325.3 1 0
github.com/getkin/kin-openapi/openapi3/refs.go:327.2,327.24 1 0
github.com/getkin/kin-openapi/openapi3/refs.go:331.47,332.29 1 0
github.com/getkin/kin-openapi/openapi3/refs.go:332.29,334.3 1 0
github.com/getkin/kin-openapi/openapi3/refs.go:335.2,335.30 1 0
github.com/getkin/kin-openapi/openapi3/refs.go:339.50,341.16 2 0
github.com/getkin/kin-openapi/openapi3/refs.go:341.16,343.3 1 0
github.com/getkin/kin-openapi/openapi3/refs.go:344.2,344.24 1 0
github.com/getkin/kin-openapi/openapi3/refs.go:348.54,350.139 2 0
github.com/getkin/kin-openapi/openapi3/refs.go:350.139,353.22 3 0
github.com/getkin/kin-openapi/openapi3/refs.go:353.22,355.25 2 0
github.com/getkin/kin-openapi/openapi3/refs.go:355.25,356.36 1 0
github.com/getkin/kin-openapi/openapi3/refs.go:356.36,358.6 1 0
github.com/getkin/kin-openapi/openapi3/refs.go:360.4,360.23 1 0
github.com/getkin/kin-openapi/openapi3/refs.go:360.23,362.5 1 0
github.com/getkin/kin-openapi/openapi3/refs.go:364.3,364.13 1 0
github.com/getkin/kin-openapi/openapi3/refs.go:366.2,366.39 1 0
github.com/getkin/kin-openapi/openapi3/refs.go:371.63,376.20 4 0
github.com/getkin/kin-openapi/openapi3/refs.go:376.20,378.3 1 0
github.com/getkin/kin-openapi/openapi3/refs.go:379.2,379.29 1 0
github.com/getkin/kin-openapi/openapi3/refs.go:379.29,380.32 1 0
github.com/getkin/kin-openapi/openapi3/refs.go:380.32,381.38 1 0
github.com/getkin/kin-openapi/openapi3/refs.go:381.38,383.5 1 0
github.com/getkin/kin-openapi/openapi3/refs.go:388.2,388.52 1 0
github.com/getkin/kin-openapi/openapi3/refs.go:388.52,389.51 1 0
github.com/getkin/kin-openapi/openapi3/refs.go:389.51,390.33 1 0
github.com/getkin/kin-openapi/openapi3/refs.go:390.33,392.5 1 0
github.com/getkin/kin-openapi/openapi3/refs.go:397.2,397.22 1 0
github.com/getkin/kin-openapi/openapi3/refs.go:397.22,399.3 1 0
github.com/getkin/kin-openapi/openapi3/refs.go:400.2,400.12 1 0
github.com/getkin/kin-openapi/openapi3/refs.go:404.83,406.46 2 0
github.com/getkin/kin-openapi/openapi3/refs.go:406.46,408.3 1 0
github.com/getkin/kin-openapi/openapi3/refs.go:410.2,410.28 1 0
github.com/getkin/kin-openapi/openapi3/refs.go:410.28,412.3 1 0
github.com/getkin/kin-openapi/openapi3/refs.go:414.2,414.42 1 0
github.com/getkin/kin-openapi/openapi3/refs.go:418.59,419.21 1 0
github.com/getkin/kin-openapi/openapi3/refs.go:419.21,421.3 1 0
github.com/getkin/kin-openapi/openapi3/refs.go:423.2,423.38 1 0
github.com/getkin/kin-openapi/openapi3/refs.go:423.38,425.3 1 0
github.com/getkin/kin-openapi/openapi3/refs.go:427.2,428.17 2 0
github.com/getkin/kin-openapi/openapi3/refs.go:448.34,448.86 1 0
github.com/getkin/kin-openapi/openapi3/refs.go:451.38,451.54 1 0
github.com/getkin/kin-openapi/openapi3/refs.go:454.43,454.61 1 0
github.com/getkin/kin-openapi/openapi3/refs.go:457.38,457.67 1 0
github.com/getkin/kin-openapi/openapi3/refs.go:459.42,462.22 1 0
github.com/getkin/kin-openapi/openapi3/refs.go:462.22,464.3 1 0
github.com/getkin/kin-openapi/openapi3/refs.go:466.2,466.24 1 0
github.com/getkin/kin-openapi/openapi3/refs.go:470.45,471.29 1 0
github.com/getkin/kin-openapi/openapi3/refs.go:471.29,473.3 1 0
github.com/getkin/kin-openapi/openapi3/refs.go:474.2,474.30 1 0
github.com/getkin/kin-openapi/openapi3/refs.go:478.48,480.16 2 0
github.com/getkin/kin-openapi/openapi3/refs.go:480.16,482.3 1 0
github.com/getkin/kin-openapi/openapi3/refs.go:483.2,483.24 1 0
github.com/getkin/kin-openapi/openapi3/refs.go:487.52,489.139 2 0
github.com/getkin/kin-openapi/openapi3/refs.go:489.139,492.22 3 0
github.com/getkin/kin-openapi/openapi3/refs.go:492.22,494.25 2 0
github.com/getkin/kin-openapi/openapi3/refs.go:494.25,495.36 1 0
github.com/getkin/kin-openapi/openapi3/refs.go:495.36,497.6 1 0
github.com/getkin/kin-openapi/openapi3/refs.go:499.4,499.23 1 0
github.com/getkin/kin-openapi/openapi3/refs.go:499.23,501.5 1 0
github.com/getkin/kin-openapi/openapi3/refs.go:503.3,503.13 1 0
github.com/getkin/kin-openapi/openapi3/refs.go:505.2,505.39 1 0
github.com/getkin/kin-openapi/openapi3/refs.go:510.61,515.20 4 0
github.com/getkin/kin-openapi/openapi3/refs.go:515.20,517.3 1 0
github.com/getkin/kin-openapi/openapi3/refs.go:518.2,518.29 1 0
github.com/getkin/kin-openapi/openapi3/refs.go:518.29,519.32 1 0
github.com/getkin/kin-openapi/openapi3/refs.go:519.32,520.38 1 0
github.com/getkin/kin-openapi/openapi3/refs.go:520.38,522.5 1 0
github.com/getkin/kin-openapi/openapi3/refs.go:527.2,527.52 1 0
github.com/getkin/kin-openapi/openapi3/refs.go:527.52,528.51 1 0
github.com/getkin/kin-openapi/openapi3/refs.go:528.51,529.33 1 0
github.com/getkin/kin-openapi/openapi3/refs.go:529.33,531.5 1 0
github.com/getkin/kin-openapi/openapi3/refs.go:536.2,536.22 1 0
github.com/getkin/kin-openapi/openapi3/refs.go:536.22,538.3 1 0
github.com/getkin/kin-openapi/openapi3/refs.go:539.2,539.12 1 0
github.com/getkin/kin-openapi/openapi3/refs.go:543.81,545.46 2 0
github.com/getkin/kin-openapi/openapi3/refs.go:545.46,547.3 1 0
github.com/getkin/kin-openapi/openapi3/refs.go:549.2,549.28 1 0
github.com/getkin/kin-openapi/openapi3/refs.go:549.28,551.3 1 0
github.com/getkin/kin-openapi/openapi3/refs.go:553.2,553.42 1 0
github.com/getkin/kin-openapi/openapi3/refs.go:557.57,558.21 1 0
github.com/getkin/kin-openapi/openapi3/refs.go:558.21,560.3 1 0
github.com/getkin/kin-openapi/openapi3/refs.go:562.2,562.38 1 0
github.com/getkin/kin-openapi/openapi3/refs.go:562.38,564.3 1 0
github.com/getkin/kin-openapi/openapi3/refs.go:566.2,567.17 2 0
github.com/getkin/kin-openapi/openapi3/refs.go:587.39,587.91 1 0
github.com/getkin/kin-openapi/openapi3/refs.go:590.43,590.59 1 0
github.com/getkin/kin-openapi/openapi3/refs.go:593.48,593.71 1 0
github.com/getkin/kin-openapi/openapi3/refs.go:596.43,596.72 1 0
github.com/getkin/kin-openapi/openapi3/refs.go:598.47,601.22 1 0
github.com/getkin/kin-openapi/openapi3/refs.go:601.22,603.3 1 0
github.com/getkin/kin-openapi/openapi3/refs.go:605.2,605.24 1 0
github.com/getkin/kin-openapi/openapi3/refs.go:609.50,610.29 1 0
github.com/getkin/kin-openapi/openapi3/refs.go:610.29,612.3 1 0
github.com/getkin/kin-openapi/openapi3/refs.go:613.2,613.30 1 0
github.com/getkin/kin-openapi/openapi3/refs.go:617.53,619.16 2 0
github.com/getkin/kin-openapi/openapi3/refs.go:619.16,621.3 1 0
github.com/getkin/kin-openapi/openapi3/refs.go:622.2,622.24 1 0
github.com/getkin/kin-openapi/openapi3/refs.go:626.57,628.139 2 0
github.com/getkin/kin-openapi/openapi3/refs.go:628.139,631.22 3 0
github.com/getkin/kin-openapi/openapi3/refs.go:631.22,633.25 2 0
github.com/getkin/kin-openapi/openapi3/refs.go:633.25,634.36 1 0
github.com/getkin/kin-openapi/openapi3/refs.go:634.36,636.6 1 0
github.com/getkin/kin-openapi/openapi3/refs.go:638.4,638.23 1 0
github.com/getkin/kin-openapi/openapi3/refs.go:638.23,640.5 1 0
github.com/getkin/kin-openapi/openapi3/refs.go:642.3,642.13 1 0
github.com/getkin/kin-openapi/openapi3/refs.go:644.2,644.39 1 0
github.com/getkin/kin-openapi/openapi3/refs.go:649.66,654.20 4 0
github.com/getkin/kin-openapi/openapi3/refs.go:654.20,656.3 1 0
github.com/getkin/kin-openapi/openapi3/refs.go:657.2,657.29 1 0
github.com/getkin/kin-openapi/openapi3/refs.go:657.29,658.32 1 0
github.com/getkin/kin-openapi/openapi3/refs.go:658.32,659.38 1 0
github.com/getkin/kin-openapi/openapi3/refs.go:659.38,661.5 1 0
github.com/getkin/kin-openapi/openapi3/refs.go:666.2,666.52 1 0
github.com/getkin/kin-openapi/openapi3/refs.go:666.52,667.51 1 0
github.com/getkin/kin-openapi/openapi3/refs.go:667.51,668.33 1 0
github.com/getkin/kin-openapi/openapi3/refs.go:668.33,670.5 1 0
github.com/getkin/kin-openapi/openapi3/refs.go:675.2,675.22 1 0
github.com/getkin/kin-openapi/openapi3/refs.go:675.22,677.3 1 0
github.com/getkin/kin-openapi/openapi3/refs.go:678.2,678.12 1 0
github.com/getkin/kin-openapi/openapi3/refs.go:682.86,684.46 2 0
github.com/getkin/kin-openapi/openapi3/refs.go:684.46,686.3 1 0
github.com/getkin/kin-openapi/openapi3/refs.go:688.2,688.28 1 0
github.com/getkin/kin-openapi/openapi3/refs.go:688.28,690.3 1 0
github.com/getkin/kin-openapi/openapi3/refs.go:692.2,692.42 1 0
github.com/getkin/kin-openapi/openapi3/refs.go:696.62,697.21 1 0
github.com/getkin/kin-openapi/openapi3/refs.go:697.21,699.3 1 0
github.com/getkin/kin-openapi/openapi3/refs.go:701.2,701.38 1 0
github.com/getkin/kin-openapi/openapi3/refs.go:701.38,703.3 1 0
github.com/getkin/kin-openapi/openapi3/refs.go:705.2,706.17 2 0
github.com/getkin/kin-openapi/openapi3/refs.go:726.41,726.93 1 0
github.com/getkin/kin-openapi/openapi3/refs.go:729.45,729.61 1 0
github.com/getkin/kin-openapi/openapi3/refs.go:732.50,732.76 1 0
github.com/getkin/kin-openapi/openapi3/refs.go:735.45,735.74 1 0
github.com/getkin/kin-openapi/openapi3/refs.go:737.49,740.22 1 0
github.com/getkin/kin-openapi/openapi3/refs.go:740.22,742.3 1 0
github.com/getkin/kin-openapi/openapi3/refs.go:744.2,744.24 1 0
github.com/getkin/kin-openapi/openapi3/refs.go:748.52,749.29 1 0
github.com/getkin/kin-openapi/openapi3/refs.go:749.29,751.3 1 0
github.com/getkin/kin-openapi/openapi3/refs.go:752.2,752.30 1 0
github.com/getkin/kin-openapi/openapi3/refs.go:756.55,758.16 2 0
github.com/getkin/kin-openapi/openapi3/refs.go:758.16,760.3 1 0
github.com/getkin/kin-openapi/openapi3/refs.go:761.2,761.24 1 0
github.com/getkin/kin-openapi/openapi3/refs.go:765.59,767.139 2 0
github.com/getkin/kin-openapi/openapi3/refs.go:767.139,770.22 3 0
github.com/getkin/kin-openapi/openapi3/refs.go:770.22,772.25 2 0
github.com/getkin/kin-openapi/openapi3/refs.go:772.25,773.36 1 0
github.com/getkin/kin-openapi/openapi3/refs.go:773.36,775.6 1 0
github.com/getkin/kin-openapi/openapi3/refs.go:777.4,777.23 1 0
github.com/getkin/kin-openapi/openapi3/refs.go:777.23,779.5 1 0
github.com/getkin/kin-openapi/openapi3/refs.go:781.3,781.13 1 0
github.com/getkin/kin-openapi/openapi3/refs.go:783.2,783.39 1 0
github.com/getkin/kin-openapi/openapi3/refs.go:788.68,793.20 4 0
github.com/getkin/kin-openapi/openapi3/refs.go:793.20,795.3 1 0
github.com/getkin/kin-openapi/openapi3/refs.go:796.2,796.29 1 0
github.com/getkin/kin-openapi/openapi3/refs.go:796.29,797.32 1 0
github.com/getkin/kin-openapi/openapi3/refs.go:797.32,798.38 1 0
github.com/getkin/kin-openapi/openapi3/refs.go:798.38,800.5 1 0
github.com/getkin/kin-openapi/openapi3/refs.go:805.2,805.52 1 0
github.com/getkin/kin-openapi/openapi3/refs.go:805.52,806.51 1 0
github.com/getkin/kin-openapi/openapi3/refs.go:806.51,807.33 1 0
github.com/getkin/kin-openapi/openapi3/refs.go:807.33,809.5 1 0
github.com/getkin/kin-openapi/openapi3/refs.go:814.2,814.22 1 0
github.com/getkin/kin-openapi/openapi3/refs.go:814.22,816.3 1 0
github.com/getkin/kin-openapi/openapi3/refs.go:817.2,817.12 1 0
github.com/getkin/kin-openapi/openapi3/refs.go:821.88,823.46 2 0
github.com/getkin/kin-openapi/openapi3/refs.go:823.46,825.3 1 0
github.com/getkin/kin-openapi/openapi3/refs.go:827.2,827.28 1 0
github.com/getkin/kin-openapi/openapi3/refs.go:827.28,829.3 1 0
github.com/getkin/kin-openapi/openapi3/refs.go:831.2,831.42 1 0
github.com/getkin/kin-openapi/openapi3/refs.go:835.64,836.21 1 0
github.com/getkin/kin-openapi/openapi3/refs.go:836.21,838.3 1 0
github.com/getkin/kin-openapi/openapi3/refs.go:840.2,840.38 1 0
github.com/getkin/kin-openapi/openapi3/refs.go:840.38,842.3 1 0
github.com/getkin/kin-openapi/openapi3/refs.go:844.2,845.17 2 0
github.com/getkin/kin-openapi/openapi3/refs.go:865.38,865.90 1 1
github.com/getkin/kin-openapi/openapi3/refs.go:868.42,868.58 1 0
github.com/getkin/kin-openapi/openapi3/refs.go:871.47,871.69 1 0
github.com/getkin/kin-openapi/openapi3/refs.go:874.42,874.71 1 0
github.com/getkin/kin-openapi/openapi3/refs.go:876.46,879.22 1 0
github.com/getkin/kin-openapi/openapi3/refs.go:879.22,881.3 1 0
github.com/getkin/kin-openapi/openapi3/refs.go:883.2,883.24 1 0
github.com/getkin/kin-openapi/openapi3/refs.go:887.49,888.29 1 0
github.com/getkin/kin-openapi/openapi3/refs.go:888.29,890.3 1 0
github.com/getkin/kin-openapi/openapi3/refs.go:891.2,891.30 1 0
github.com/getkin/kin-openapi/openapi3/refs.go:895.52,897.16 2 0
github.com/getkin/kin-openapi/openapi3/refs.go:897.16,899.3 1 0
github.com/getkin/kin-openapi/openapi3/refs.go:900.2,900.24 1 0
github.com/getkin/kin-openapi/openapi3/refs.go:904.56,906.139 2 1
github.com/getkin/kin-openapi/openapi3/refs.go:906.139,909.22 3 0
github.com/getkin/kin-openapi/openapi3/refs.go:909.22,911.25 2 0
github.com/getkin/kin-openapi/openapi3/refs.go:911.25,912.36 1 0
github.com/getkin/kin-openapi/openapi3/refs.go:912.36,914.6 1 0
github.com/getkin/kin-openapi/openapi3/refs.go:916.4,916.23 1 0
github.com/getkin/kin-openapi/openapi3/refs.go:916.23,918.5 1 0
github.com/getkin/kin-openapi/openapi3/refs.go:920.3,920.13 1 0
github.com/getkin/kin-openapi/openapi3/refs.go:922.2,922.39 1 1
github.com/getkin/kin-openapi/openapi3/refs.go:927.65,932.20 4 1
github.com/getkin/kin-openapi/openapi3/refs.go:932.20,934.3 1 1
github.com/getkin/kin-openapi/openapi3/refs.go:935.2,935.29 1 1
github.com/getkin/kin-openapi/openapi3/refs.go:935.29,936.32 1 0
github.com/getkin/kin-openapi/openapi3/refs.go:936.32,937.38 1 0
github.com/getkin/kin-openapi/openapi3/refs.go:937.38,939.5 1 0
github.com/getkin/kin-openapi/openapi3/refs.go:944.2,944.52 1 1
github.com/getkin/kin-openapi/openapi3/refs.go:944.52,945.51 1 0
github.com/getkin/kin-openapi/openapi3/refs.go:945.51,946.33 1 0
github.com/getkin/kin-openapi/openapi3/refs.go:946.33,948.5 1 0
github.com/getkin/kin-openapi/openapi3/refs.go:953.2,953.22 1 1
github.com/getkin/kin-openapi/openapi3/refs.go:953.22,955.3 1 0
github.com/getkin/kin-openapi/openapi3/refs.go:956.2,956.12 1 1
github.com/getkin/kin-openapi/openapi3/refs.go:960.85,962.46 2 1
github.com/getkin/kin-openapi/openapi3/refs.go:962.46,964.3 1 0
github.com/getkin/kin-openapi/openapi3/refs.go:966.2,966.28 1 1
github.com/getkin/kin-openapi/openapi3/refs.go:966.28,968.3 1 1
github.com/getkin/kin-openapi/openapi3/refs.go:970.2,970.42 1 0
github.com/getkin/kin-openapi/openapi3/refs.go:974.61,975.21 1 0
github.com/getkin/kin-openapi/openapi3/refs.go:975.21,977.3 1 0
github.com/getkin/kin-openapi/openapi3/refs.go:979.2,979.38 1 0
github.com/getkin/kin-openapi/openapi3/refs.go:979.38,981.3 1 0
github.com/getkin/kin-openapi/openapi3/refs.go:983.2,984.17 2 0
github.com/getkin/kin-openapi/openapi3/refs.go:1007.36,1007.88 1 0
github.com/getkin/kin-openapi/openapi3/refs.go:1010.40,1010.56 1 0
github.com/getkin/kin-openapi/openapi3/refs.go:1013.45,1013.65 1 0
github.com/getkin/kin-openapi/openapi3/refs.go:1016.40,1016.69 1 0
github.com/getkin/kin-openapi/openapi3/refs.go:1018.44,1021.22 1 0
github.com/getkin/kin-openapi/openapi3/refs.go:1021.22,1023.3 1 0
github.com/getkin/kin-openapi/openapi3/refs.go:1025.2,1025.24 1 0
github.com/getkin/kin-openapi/openapi3/refs.go:1029.47,1030.29 1 0
github.com/getkin/kin-openapi/openapi3/refs.go:1030.29,1032.3 1 0
github.com/getkin/kin-openapi/openapi3/refs.go:1033.2,1033.30 1 0
github.com/getkin/kin-openapi/openapi3/refs.go:1037.50,1039.16 2 0
github.com/getkin/kin-openapi/openapi3/refs.go:1039.16,1041.3 1 0
github.com/getkin/kin-openapi/openapi3/refs.go:1042.2,1042.24 1 0
github.com/getkin/kin-openapi/openapi3/refs.go:1046.54,1048.139 2 0
github.com/getkin/kin-openapi/openapi3/refs.go:1048.139,1051.22 3 0
github.com/getkin/kin-openapi/openapi3/refs.go:1051.22,1057.25 3 0
github.com/getkin/kin-openapi/openapi3/refs.go:1057.25,1058.36 1 0
github.com/getkin/kin-openapi/openapi3/refs.go:1058.36,1060.11 2 0
github.com/getkin/kin-openapi/openapi3/refs.go:1063.4,1063.19 1 0
github.com/getkin/kin-openapi/openapi3/refs.go:1063.19,1065.58 2 0
github.com/getkin/kin-openapi/openapi3/refs.go:1065.58,1067.6 1 0
github.com/getkin/kin-openapi/openapi3/refs.go:1069.4,1069.25 1 0
github.com/getkin/kin-openapi/openapi3/refs.go:1069.25,1070.36 1 0
github.com/getkin/kin-openapi/openapi3/refs.go:1070.36,1072.6 1 0
github.com/getkin/kin-openapi/openapi3/refs.go:1074.4,1074.23 1 0
github.com/getkin/kin-openapi/openapi3/refs.go:1074.23,1076.5 1 0
github.com/getkin/kin-openapi/openapi3/refs.go:1078.3,1078.13 1 0
github.com/getkin/kin-openapi/openapi3/refs.go:1080.2,1080.39 1 0
github.com/getkin/kin-openapi/openapi3/refs.go:1085.63,1090.20 4 0
github.com/getkin/kin-openapi/openapi3/refs.go:1090.20,1092.3 1 0
github.com/getkin/kin-openapi/openapi3/refs.go:1093.2,1093.29 1 0
github.com/getkin/kin-openapi/openapi3/refs.go:1093.29,1094.32 1 0
github.com/getkin/kin-openapi/openapi3/refs.go:1094.32,1095.38 1 0
github.com/getkin/kin-openapi/openapi3/refs.go:1095.38,1097.5 1 0
github.com/getkin/kin-openapi/openapi3/refs.go:1102.2,1102.52 1 0
github.com/getkin/kin-openapi/openapi3/refs.go:1102.52,1103.51 1 0
github.com/getkin/kin-openapi/openapi3/refs.go:1103.51,1104.33 1 0
github.com/getkin/kin-openapi/openapi3/refs.go:1104.33,1106.5 1 0
github.com/getkin/kin-openapi/openapi3/refs.go:1111.2,1111.22 1 0
github.com/getkin/kin-openapi/openapi3/refs.go:1111.22,1112.41 1 0
github.com/getkin/kin-openapi/openapi3/refs.go:1112.41,1114.4 1 0
github.com/getkin/kin-openapi/openapi3/refs.go:1116.2,1116.12 1 0
github.com/getkin/kin-openapi/openapi3/refs.go:1120.83,1122.46 2 0
github.com/getkin/kin-openapi/openapi3/refs.go:1122.46,1124.3 1 0
github.com/getkin/kin-openapi/openapi3/refs.go:1126.2,1126.28 1 0
github.com/getkin/kin-openapi/openapi3/refs.go:1126.28,1128.3 1 0
github.com/getkin/kin-openapi/openapi3/refs.go:1130.2,1130.42 1 0
github.com/getkin/kin-openapi/openapi3/refs.go:1134.59,1135.21 1 0
github.com/getkin/kin-openapi/openapi3/refs.go:1135.21,1137.3 1 0
github.com/getkin/kin-openapi/openapi3/refs.go:1139.2,1139.38 1 0
github.com/getkin/kin-openapi/openapi3/refs.go:1139.38,1141.3 1 0
github.com/getkin/kin-openapi/openapi3/refs.go:1143.2,1144.17 2 0
github.com/getkin/kin-openapi/openapi3/refs.go:1164.44,1164.96 1 1
github.com/getkin/kin-openapi/openapi3/refs.go:1167.48,1167.64 1 0
github.com/getkin/kin-openapi/openapi3/refs.go:1170.53,1170.81 1 0
github.com/getkin/kin-openapi/openapi3/refs.go:1173.48,1173.77 1 0
github.com/getkin/kin-openapi/openapi3/refs.go:1175.52,1178.22 1 0
github.com/getkin/kin-openapi/openapi3/refs.go:1178.22,1180.3 1 0
github.com/getkin/kin-openapi/openapi3/refs.go:1182.2,1182.24 1 0
github.com/getkin/kin-openapi/openapi3/refs.go:1186.55,1187.29 1 0
github.com/getkin/kin-openapi/openapi3/refs.go:1187.29,1189.3 1 0
github.com/getkin/kin-openapi/openapi3/refs.go:1190.2,1190.30 1 0
github.com/getkin/kin-openapi/openapi3/refs.go:1194.58,1196.16 2 0
github.com/getkin/kin-openapi/openapi3/refs.go:1196.16,1198.3 1 0
github.com/getkin/kin-openapi/openapi3/refs.go:1199.2,1199.24 1 0
github.com/getkin/kin-openapi/openapi3/refs.go:1203.62,1205.139 2 1
github.com/getkin/kin-openapi/openapi3/refs.go:1205.139,1208.22 3 0
github.com/getkin/kin-openapi/openapi3/refs.go:1208.22,1210.25 2 0
github.com/getkin/kin-openapi/openapi3/refs.go:1210.25,1211.36 1 0
github.com/getkin/kin-openapi/openapi3/refs.go:1211.36,1213.6 1 0
github.com/getkin/kin-openapi/openapi3/refs.go:1215.4,1215.23 1 0
github.com/getkin/kin-openapi/openapi3/refs.go:1215.23,1217.5 1 0
github.com/getkin/kin-openapi/openapi3/refs.go:1219.3,1219.13 1 0
github.com/getkin/kin-openapi/openapi3/refs.go:1221.2,1221.39 1 1
github.com/getkin/kin-openapi/openapi3/refs.go:1226.71,1231.20 4 1
github.com/getkin/kin-openapi/openapi3/refs.go:1231.20,1233.3 1 1
github.com/getkin/kin-openapi/openapi3/refs.go:1234.2,1234.29 1 1
github.com/getkin/kin-openapi/openapi3/refs.go:1234.29,1235.32 1 0
github.com/getkin/kin-openapi/openapi3/refs.go:1235.32,1236.38 1 0
github.com/getkin/kin-openapi/openapi3/refs.go:1236.38,1238.5 1 0
github.com/getkin/kin-openapi/openapi3/refs.go:1243.2,1243.52 1 1
github.com/getkin/kin-openapi/openapi3/refs.go:1243.52,1244.51 1 0
github.com/getkin/kin-openapi/openapi3/refs.go:1244.51,1245.33 1 0
github.com/getkin/kin-openapi/openapi3/refs.go:1245.33,1247.5 1 0
github.com/getkin/kin-openapi/openapi3/refs.go:1252.2,1252.22 1 1
github.com/getkin/kin-openapi/openapi3/refs.go:1252.22,1254.3 1 0
github.com/getkin/kin-openapi/openapi3/refs.go:1255.2,1255.12 1 1
github.com/getkin/kin-openapi/openapi3/refs.go:1259.91,1261.46 2 1
github.com/getkin/kin-openapi/openapi3/refs.go:1261.46,1263.3 1 0
github.com/getkin/kin-openapi/openapi3/refs.go:1265.2,1265.28 1 1
github.com/getkin/kin-openapi/openapi3/refs.go:1265.28,1267.3 1 1
github.com/getkin/kin-openapi/openapi3/refs.go:1269.2,1269.42 1 0
github.com/getkin/kin-openapi/openapi3/refs.go:1273.67,1274.21 1 0
github.com/getkin/kin-openapi/openapi3/refs.go:1274.21,1276.3 1 0
github.com/getkin/kin-openapi/openapi3/refs.go:1278.2,1278.38 1 0
github.com/getkin/kin-openapi/openapi3/refs.go:1278.38,1280.3 1 0
github.com/getkin/kin-openapi/openapi3/refs.go:1282.2,1283.17 2 0
github.com/getkin/kin-openapi/openapi3/request_body.go:20.36,22.2 1 0
github.com/getkin/kin-openapi/openapi3/request_body.go:24.76,27.2 2 0
github.com/getkin/kin-openapi/openapi3/request_body.go:29.71,32.2 2 0
github.com/getkin/kin-openapi/openapi3/request_body.go:34.75,37.2 2 0
github.com/getkin/kin-openapi/openapi3/request_body.go:39.97,42.2 2 0
github.com/getkin/kin-openapi/openapi3/request_body.go:44.91,47.2 2 0
github.com/getkin/kin-openapi/openapi3/request_body.go:49.82,52.2 2 0
github.com/getkin/kin-openapi/openapi3/request_body.go:54.76,57.2 2 0
github.com/getkin/kin-openapi/openapi3/request_body.go:59.86,62.2 2 0
github.com/getkin/kin-openapi/openapi3/request_body.go:64.80,67.2 2 0
github.com/getkin/kin-openapi/openapi3/request_body.go:69.75,71.14 2 0
github.com/getkin/kin-openapi/openapi3/request_body.go:71.14,73.3 1 0
github.com/getkin/kin-openapi/openapi3/request_body.go:74.2,74.21 1 0
github.com/getkin/kin-openapi/openapi3/request_body.go:78.62,80.16 2 0
github.com/getkin/kin-openapi/openapi3/request_body.go:80.16,82.3 1 0
github.com/getkin/kin-openapi/openapi3/request_body.go:83.2,83.24 1 0
github.com/getkin/kin-openapi/openapi3/request_body.go:87.59,90.43 3 0
github.com/getkin/kin-openapi/openapi3/request_body.go:90.43,92.3 1 0
github.com/getkin/kin-openapi/openapi3/request_body.go:93.2,93.34 1 0
github.com/getkin/kin-openapi/openapi3/request_body.go:93.34,95.3 1 0
github.com/getkin/kin-openapi/openapi3/request_body.go:96.2,96.36 1 0
github.com/getkin/kin-openapi/openapi3/request_body.go:96.36,98.3 1 0
github.com/getkin/kin-openapi/openapi3/request_body.go:99.2,99.15 1 0
github.com/getkin/kin-openapi/openapi3/request_body.go:103.66,106.49 3 0
github.com/getkin/kin-openapi/openapi3/request_body.go:106.49,108.3 1 0
github.com/getkin/kin-openapi/openapi3/request_body.go:109.2,113.28 5 0
github.com/getkin/kin-openapi/openapi3/request_body.go:113.28,115.3 1 0
github.com/getkin/kin-openapi/openapi3/request_body.go:116.2,117.12 2 0
github.com/getkin/kin-openapi/openapi3/request_body.go:121.95,124.32 2 0
github.com/getkin/kin-openapi/openapi3/request_body.go:124.32,126.3 1 0
github.com/getkin/kin-openapi/openapi3/request_body.go:128.2,128.69 1 0
github.com/getkin/kin-openapi/openapi3/request_body.go:128.69,130.3 1 0
github.com/getkin/kin-openapi/openapi3/request_body.go:132.2,132.58 1 0
github.com/getkin/kin-openapi/openapi3/request_body.go:132.58,134.3 1 0
github.com/getkin/kin-openapi/openapi3/request_body.go:136.2,136.76 1 0
github.com/getkin/kin-openapi/openapi3/request_body.go:140.76,143.2 2 0
github.com/getkin/kin-openapi/openapi3/response.go:21.58,23.27 2 0
github.com/getkin/kin-openapi/openapi3/response.go:23.27,25.3 1 0
github.com/getkin/kin-openapi/openapi3/response.go:26.2,26.18 1 0
github.com/getkin/kin-openapi/openapi3/response.go:33.74,34.36 1 0
github.com/getkin/kin-openapi/openapi3/response.go:34.36,35.33 1 0
github.com/getkin/kin-openapi/openapi3/response.go:35.33,38.4 2 0
github.com/getkin/kin-openapi/openapi3/response.go:43.67,44.36 1 0
github.com/getkin/kin-openapi/openapi3/response.go:44.36,45.44 1 0
github.com/getkin/kin-openapi/openapi3/response.go:45.44,47.4 1 0
github.com/getkin/kin-openapi/openapi3/response.go:52.52,54.2 1 0
github.com/getkin/kin-openapi/openapi3/response.go:60.61,62.46 2 0
github.com/getkin/kin-openapi/openapi3/response.go:62.46,64.3 1 0
github.com/getkin/kin-openapi/openapi3/response.go:65.2,65.33 1 0
github.com/getkin/kin-openapi/openapi3/response.go:65.33,67.13 2 0
github.com/getkin/kin-openapi/openapi3/response.go:68.42,69.30 1 0
github.com/getkin/kin-openapi/openapi3/response.go:72.2,72.12 1 0
github.com/getkin/kin-openapi/openapi3/response.go:76.91,80.26 3 1
github.com/getkin/kin-openapi/openapi3/response.go:80.26,81.81 1 0
github.com/getkin/kin-openapi/openapi3/response.go:81.81,83.4 1 0
github.com/getkin/kin-openapi/openapi3/response.go:88.2,88.39 1 1
github.com/getkin/kin-openapi/openapi3/response.go:88.39,90.50 2 1
github.com/getkin/kin-openapi/openapi3/response.go:90.50,92.4 1 0
github.com/getkin/kin-openapi/openapi3/response.go:95.2,95.85 1 1
github.com/getkin/kin-openapi/openapi3/response.go:110.30,112.2 1 0
github.com/getkin/kin-openapi/openapi3/response.go:114.67,117.2 2 0
github.com/getkin/kin-openapi/openapi3/response.go:119.66,122.2 2 0
github.com/getkin/kin-openapi/openapi3/response.go:124.68,127.2 2 0
github.com/getkin/kin-openapi/openapi3/response.go:129.74,132.2 2 0
github.com/getkin/kin-openapi/openapi3/response.go:135.56,137.16 2 0
github.com/getkin/kin-openapi/openapi3/response.go:137.16,139.3 1 0
github.com/getkin/kin-openapi/openapi3/response.go:140.2,140.24 1 0
github.com/getkin/kin-openapi/openapi3/response.go:144.53,147.41 3 0
github.com/getkin/kin-openapi/openapi3/response.go:147.41,149.3 1 0
github.com/getkin/kin-openapi/openapi3/response.go:150.2,150.40 1 0
github.com/getkin/kin-openapi/openapi3/response.go:150.40,152.3 1 0
github.com/getkin/kin-openapi/openapi3/response.go:153.2,153.40 1 0
github.com/getkin/kin-openapi/openapi3/response.go:153.40,155.3 1 0
github.com/getkin/kin-openapi/openapi3/response.go:156.2,156.38 1 0
github.com/getkin/kin-openapi/openapi3/response.go:156.38,158.3 1 0
github.com/getkin/kin-openapi/openapi3/response.go:159.2,159.15 1 0
github.com/getkin/kin-openapi/openapi3/response.go:163.60,166.49 3 1
github.com/getkin/kin-openapi/openapi3/response.go:166.49,168.3 1 0
github.com/getkin/kin-openapi/openapi3/response.go:169.2,174.28 6 1
github.com/getkin/kin-openapi/openapi3/response.go:174.28,176.3 1 1
github.com/getkin/kin-openapi/openapi3/response.go:177.2,178.12 2 1
github.com/getkin/kin-openapi/openapi3/response.go:182.89,185.33 2 1
github.com/getkin/kin-openapi/openapi3/response.go:185.33,187.3 1 0
github.com/getkin/kin-openapi/openapi3/response.go:188.2,188.69 1 1
github.com/getkin/kin-openapi/openapi3/response.go:188.69,190.3 1 1
github.com/getkin/kin-openapi/openapi3/response.go:192.2,192.49 1 1
github.com/getkin/kin-openapi/openapi3/response.go:192.49,193.47 1 0
github.com/getkin/kin-openapi/openapi3/response.go:193.47,195.4 1 0
github.com/getkin/kin-openapi/openapi3/response.go:198.2,198.56 1 1
github.com/getkin/kin-openapi/openapi3/response.go:198.56,200.46 2 0
github.com/getkin/kin-openapi/openapi3/response.go:200.46,202.4 1 0
github.com/getkin/kin-openapi/openapi3/response.go:205.2,205.54 1 1
github.com/getkin/kin-openapi/openapi3/response.go:205.54,207.44 2 0
github.com/getkin/kin-openapi/openapi3/response.go:207.44,209.4 1 0
github.com/getkin/kin-openapi/openapi3/response.go:212.2,212.70 1 1
github.com/getkin/kin-openapi/openapi3/response.go:216.78,219.2 2 0
github.com/getkin/kin-openapi/openapi3/schema.go:52.57,57.2 1 0
github.com/getkin/kin-openapi/openapi3/schema.go:64.59,66.16 2 0
github.com/getkin/kin-openapi/openapi3/schema.go:66.16,68.3 1 0
github.com/getkin/kin-openapi/openapi3/schema.go:70.2,70.25 1 0
github.com/getkin/kin-openapi/openapi3/schema.go:70.25,72.3 1 0
github.com/getkin/kin-openapi/openapi3/schema.go:74.2,76.33 2 0
github.com/getkin/kin-openapi/openapi3/schema.go:76.33,78.3 1 0
github.com/getkin/kin-openapi/openapi3/schema.go:79.2,79.23 1 0
github.com/getkin/kin-openapi/openapi3/schema.go:202.41,204.2 1 0
github.com/getkin/kin-openapi/openapi3/schema.go:213.38,214.18 1 0
github.com/getkin/kin-openapi/openapi3/schema.go:214.18,216.3 1 0
github.com/getkin/kin-openapi/openapi3/schema.go:217.2,217.15 1 0
github.com/getkin/kin-openapi/openapi3/schema.go:229.48,230.19 1 0
github.com/getkin/kin-openapi/openapi3/schema.go:230.19,232.3 1 0
github.com/getkin/kin-openapi/openapi3/schema.go:233.2,233.38 1 0
github.com/getkin/kin-openapi/openapi3/schema.go:247.46,248.18 1 0
github.com/getkin/kin-openapi/openapi3/schema.go:248.18,250.3 1 0
github.com/getkin/kin-openapi/openapi3/schema.go:251.2,251.28 1 0
github.com/getkin/kin-openapi/openapi3/schema.go:264.41,266.2 1 0
github.com/getkin/kin-openapi/openapi3/schema.go:278.39,280.2 1 0
github.com/getkin/kin-openapi/openapi3/schema.go:291.37,293.2 1 0
github.com/getkin/kin-openapi/openapi3/schema.go:308.36,310.2 1 0
github.com/getkin/kin-openapi/openapi3/schema.go:312.52,314.16 2 0
github.com/getkin/kin-openapi/openapi3/schema.go:314.16,316.3 1 0
github.com/getkin/kin-openapi/openapi3/schema.go:317.2,317.24 1 0
github.com/getkin/kin-openapi/openapi3/schema.go:320.49,321.19 1 0
github.com/getkin/kin-openapi/openapi3/schema.go:321.19,323.3 1 0
github.com/getkin/kin-openapi/openapi3/schema.go:324.2,325.20 2 0
github.com/getkin/kin-openapi/openapi3/schema.go:326.9,327.18 1 0
github.com/getkin/kin-openapi/openapi3/schema.go:328.9,329.23 1 0
github.com/getkin/kin-openapi/openapi3/schema.go:330.10,331.30 1 0
github.com/getkin/kin-openapi/openapi3/schema.go:335.54,337.55 2 0
github.com/getkin/kin-openapi/openapi3/schema.go:337.55,339.50 2 0
github.com/getkin/kin-openapi/openapi3/schema.go:339.50,341.4 1 0
github.com/getkin/kin-openapi/openapi3/schema.go:342.3,342.24 1 0
github.com/getkin/kin-openapi/openapi3/schema.go:344.2,345.12 2 0
github.com/getkin/kin-openapi/openapi3/schema.go:359.49,360.27 1 0
github.com/getkin/kin-openapi/openapi3/schema.go:360.27,361.9 1 0
github.com/getkin/kin-openapi/openapi3/schema.go:361.9,363.4 1 0
github.com/getkin/kin-openapi/openapi3/schema.go:364.3,364.20 1 0
github.com/getkin/kin-openapi/openapi3/schema.go:366.2,366.30 1 0
github.com/getkin/kin-openapi/openapi3/schema.go:366.30,368.3 1 0
github.com/getkin/kin-openapi/openapi3/schema.go:369.2,369.17 1 0
github.com/getkin/kin-openapi/openapi3/schema.go:373.52,375.16 2 0
github.com/getkin/kin-openapi/openapi3/schema.go:375.16,377.3 1 0
github.com/getkin/kin-openapi/openapi3/schema.go:378.2,378.24 1 0
github.com/getkin/kin-openapi/openapi3/schema.go:382.56,384.49 2 0
github.com/getkin/kin-openapi/openapi3/schema.go:384.49,386.3 1 0
github.com/getkin/kin-openapi/openapi3/schema.go:387.2,387.23 1 0
github.com/getkin/kin-openapi/openapi3/schema.go:388.11,388.11 0 0
github.com/getkin/kin-openapi/openapi3/schema.go:389.12,390.14 1 0
github.com/getkin/kin-openapi/openapi3/schema.go:391.22,392.18 1 0
github.com/getkin/kin-openapi/openapi3/schema.go:392.18,394.4 1 0
github.com/getkin/kin-openapi/openapi3/schema.go:394.9,397.66 3 0
github.com/getkin/kin-openapi/openapi3/schema.go:397.66,399.5 1 0
github.com/getkin/kin-openapi/openapi3/schema.go:401.10,402.91 1 0
github.com/getkin/kin-openapi/openapi3/schema.go:404.2,404.12 1 0
github.com/getkin/kin-openapi/openapi3/schema.go:416.39,418.2 1 0
github.com/getkin/kin-openapi/openapi3/schema.go:421.40,423.2 1 0
github.com/getkin/kin-openapi/openapi3/schema.go:426.53,427.21 1 0
github.com/getkin/kin-openapi/openapi3/schema.go:427.21,429.3 1 0
github.com/getkin/kin-openapi/openapi3/schema.go:430.2,430.20 1 0
github.com/getkin/kin-openapi/openapi3/schema.go:430.20,432.3 1 0
github.com/getkin/kin-openapi/openapi3/schema.go:433.2,433.17 1 0
github.com/getkin/kin-openapi/openapi3/schema.go:437.56,439.16 2 0
github.com/getkin/kin-openapi/openapi3/schema.go:439.16,441.3 1 0
github.com/getkin/kin-openapi/openapi3/schema.go:442.2,442.14 1 0
github.com/getkin/kin-openapi/openapi3/schema.go:442.14,444.3 1 0
github.com/getkin/kin-openapi/openapi3/schema.go:445.2,445.24 1 0
github.com/getkin/kin-openapi/openapi3/schema.go:449.60,451.49 2 0
github.com/getkin/kin-openapi/openapi3/schema.go:451.49,453.3 1 0
github.com/getkin/kin-openapi/openapi3/schema.go:454.2,454.23 1 0
github.com/getkin/kin-openapi/openapi3/schema.go:455.11,455.11 0 0
github.com/getkin/kin-openapi/openapi3/schema.go:457.12,458.15 1 0
github.com/getkin/kin-openapi/openapi3/schema.go:459.15,460.16 1 0
github.com/getkin/kin-openapi/openapi3/schema.go:461.10,462.118 1 0
github.com/getkin/kin-openapi/openapi3/schema.go:464.2,464.12 1 0
github.com/getkin/kin-openapi/openapi3/schema.go:469.26,471.2 1 0
github.com/getkin/kin-openapi/openapi3/schema.go:474.52,476.16 2 0
github.com/getkin/kin-openapi/openapi3/schema.go:476.16,478.3 1 0
github.com/getkin/kin-openapi/openapi3/schema.go:480.2,480.24 1 0
github.com/getkin/kin-openapi/openapi3/schema.go:484.49,488.36 3 0
github.com/getkin/kin-openapi/openapi3/schema.go:488.36,490.3 1 0
github.com/getkin/kin-openapi/openapi3/schema.go:491.2,491.36 1 0
github.com/getkin/kin-openapi/openapi3/schema.go:491.36,493.3 1 0
github.com/getkin/kin-openapi/openapi3/schema.go:494.2,494.36 1 0
github.com/getkin/kin-openapi/openapi3/schema.go:494.36,496.3 1 0
github.com/getkin/kin-openapi/openapi3/schema.go:497.2,497.31 1 0
github.com/getkin/kin-openapi/openapi3/schema.go:497.31,499.3 1 0
github.com/getkin/kin-openapi/openapi3/schema.go:500.2,500.32 1 0
github.com/getkin/kin-openapi/openapi3/schema.go:500.32,502.3 1 0
github.com/getkin/kin-openapi/openapi3/schema.go:503.2,503.36 1 0
github.com/getkin/kin-openapi/openapi3/schema.go:503.36,505.3 1 0
github.com/getkin/kin-openapi/openapi3/schema.go:506.2,506.37 1 0
github.com/getkin/kin-openapi/openapi3/schema.go:506.37,508.3 1 0
github.com/getkin/kin-openapi/openapi3/schema.go:509.2,509.42 1 0
github.com/getkin/kin-openapi/openapi3/schema.go:509.42,511.3 1 0
github.com/getkin/kin-openapi/openapi3/schema.go:512.2,512.35 1 0
github.com/getkin/kin-openapi/openapi3/schema.go:512.35,514.3 1 0
github.com/getkin/kin-openapi/openapi3/schema.go:515.2,515.35 1 0
github.com/getkin/kin-openapi/openapi3/schema.go:515.35,517.3 1 0
github.com/getkin/kin-openapi/openapi3/schema.go:518.2,518.35 1 0
github.com/getkin/kin-openapi/openapi3/schema.go:518.35,520.3 1 0
github.com/getkin/kin-openapi/openapi3/schema.go:521.2,521.40 1 0
github.com/getkin/kin-openapi/openapi3/schema.go:521.40,523.3 1 0
github.com/getkin/kin-openapi/openapi3/schema.go:526.2,526.32 1 0
github.com/getkin/kin-openapi/openapi3/schema.go:526.32,528.3 1 0
github.com/getkin/kin-openapi/openapi3/schema.go:530.2,530.41 1 0
github.com/getkin/kin-openapi/openapi3/schema.go:530.41,532.3 1 0
github.com/getkin/kin-openapi/openapi3/schema.go:533.2,533.41 1 0
github.com/getkin/kin-openapi/openapi3/schema.go:533.41,535.3 1 0
github.com/getkin/kin-openapi/openapi3/schema.go:537.2,537.29 1 0
github.com/getkin/kin-openapi/openapi3/schema.go:537.29,539.3 1 0
github.com/getkin/kin-openapi/openapi3/schema.go:540.2,540.29 1 0
github.com/getkin/kin-openapi/openapi3/schema.go:540.29,542.3 1 0
github.com/getkin/kin-openapi/openapi3/schema.go:543.2,543.30 1 0
github.com/getkin/kin-openapi/openapi3/schema.go:543.30,545.3 1 0
github.com/getkin/kin-openapi/openapi3/schema.go:546.2,546.36 1 0
github.com/getkin/kin-openapi/openapi3/schema.go:546.36,548.3 1 0
github.com/getkin/kin-openapi/openapi3/schema.go:549.2,549.31 1 0
github.com/getkin/kin-openapi/openapi3/schema.go:549.31,551.3 1 0
github.com/getkin/kin-openapi/openapi3/schema.go:552.2,552.31 1 0
github.com/getkin/kin-openapi/openapi3/schema.go:552.31,554.3 1 0
github.com/getkin/kin-openapi/openapi3/schema.go:557.2,557.31 1 0
github.com/getkin/kin-openapi/openapi3/schema.go:557.31,559.3 1 0
github.com/getkin/kin-openapi/openapi3/schema.go:560.2,560.31 1 0
github.com/getkin/kin-openapi/openapi3/schema.go:560.31,562.3 1 0
github.com/getkin/kin-openapi/openapi3/schema.go:563.2,563.38 1 0
github.com/getkin/kin-openapi/openapi3/schema.go:563.38,565.3 1 0
github.com/getkin/kin-openapi/openapi3/schema.go:568.2,568.35 1 0
github.com/getkin/kin-openapi/openapi3/schema.go:568.35,570.3 1 0
github.com/getkin/kin-openapi/openapi3/schema.go:571.2,571.37 1 0
github.com/getkin/kin-openapi/openapi3/schema.go:571.37,573.3 1 0
github.com/getkin/kin-openapi/openapi3/schema.go:574.2,574.34 1 0
github.com/getkin/kin-openapi/openapi3/schema.go:574.34,576.3 1 0
github.com/getkin/kin-openapi/openapi3/schema.go:579.2,579.34 1 0
github.com/getkin/kin-openapi/openapi3/schema.go:579.34,581.3 1 0
github.com/getkin/kin-openapi/openapi3/schema.go:582.2,582.36 1 0
github.com/getkin/kin-openapi/openapi3/schema.go:582.36,584.3 1 0
github.com/getkin/kin-openapi/openapi3/schema.go:585.2,585.33 1 0
github.com/getkin/kin-openapi/openapi3/schema.go:585.33,587.3 1 0
github.com/getkin/kin-openapi/openapi3/schema.go:590.2,590.39 1 0
github.com/getkin/kin-openapi/openapi3/schema.go:590.39,592.3 1 0
github.com/getkin/kin-openapi/openapi3/schema.go:593.2,593.41 1 0
github.com/getkin/kin-openapi/openapi3/schema.go:593.41,595.3 1 0
github.com/getkin/kin-openapi/openapi3/schema.go:596.2,596.34 1 0
github.com/getkin/kin-openapi/openapi3/schema.go:596.34,598.3 1 0
github.com/getkin/kin-openapi/openapi3/schema.go:599.2,599.36 1 0
github.com/getkin/kin-openapi/openapi3/schema.go:599.36,601.3 1 0
github.com/getkin/kin-openapi/openapi3/schema.go:602.2,602.71 1 0
github.com/getkin/kin-openapi/openapi3/schema.go:602.71,604.3 1 0
github.com/getkin/kin-openapi/openapi3/schema.go:605.2,605.41 1 0
github.com/getkin/kin-openapi/openapi3/schema.go:605.41,607.3 1 0
github.com/getkin/kin-openapi/openapi3/schema.go:610.2,610.33 1 0
github.com/getkin/kin-openapi/openapi3/schema.go:610.33,612.3 1 0
github.com/getkin/kin-openapi/openapi3/schema.go:613.2,613.39 1 0
github.com/getkin/kin-openapi/openapi3/schema.go:613.39,615.3 1 0
github.com/getkin/kin-openapi/openapi3/schema.go:616.2,616.42 1 0
github.com/getkin/kin-openapi/openapi3/schema.go:616.42,618.3 1 0
github.com/getkin/kin-openapi/openapi3/schema.go:619.2,619.36 1 0
github.com/getkin/kin-openapi/openapi3/schema.go:619.36,621.3 1 0
github.com/getkin/kin-openapi/openapi3/schema.go:622.2,622.39 1 0
github.com/getkin/kin-openapi/openapi3/schema.go:622.39,624.3 1 0
github.com/getkin/kin-openapi/openapi3/schema.go:625.2,625.39 1 0
github.com/getkin/kin-openapi/openapi3/schema.go:625.39,627.3 1 0
github.com/getkin/kin-openapi/openapi3/schema.go:628.2,628.48 1 0
github.com/getkin/kin-openapi/openapi3/schema.go:628.48,630.3 1 0
github.com/getkin/kin-openapi/openapi3/schema.go:631.2,631.47 1 0
github.com/getkin/kin-openapi/openapi3/schema.go:631.47,633.3 1 0
github.com/getkin/kin-openapi/openapi3/schema.go:634.2,634.41 1 0
github.com/getkin/kin-openapi/openapi3/schema.go:634.41,636.3 1 0
github.com/getkin/kin-openapi/openapi3/schema.go:637.2,637.67 1 0
github.com/getkin/kin-openapi/openapi3/schema.go:637.67,639.3 1 0
github.com/getkin/kin-openapi/openapi3/schema.go:640.2,640.72 1 0
github.com/getkin/kin-openapi/openapi3/schema.go:640.72,642.3 1 0
github.com/getkin/kin-openapi/openapi3/schema.go:643.2,643.30 1 0
github.com/getkin/kin-openapi/openapi3/schema.go:643.30,645.3 1 0
github.com/getkin/kin-openapi/openapi3/schema.go:646.2,646.32 1 0
github.com/getkin/kin-openapi/openapi3/schema.go:646.32,648.3 1 0
github.com/getkin/kin-openapi/openapi3/schema.go:649.2,649.32 1 0
github.com/getkin/kin-openapi/openapi3/schema.go:649.32,651.3 1 0
github.com/getkin/kin-openapi/openapi3/schema.go:652.2,652.48 1 0
github.com/getkin/kin-openapi/openapi3/schema.go:652.48,654.3 1 0
github.com/getkin/kin-openapi/openapi3/schema.go:655.2,655.35 1 0
github.com/getkin/kin-openapi/openapi3/schema.go:655.35,657.3 1 0
github.com/getkin/kin-openapi/openapi3/schema.go:658.2,658.40 1 0
github.com/getkin/kin-openapi/openapi3/schema.go:658.40,660.3 1 0
github.com/getkin/kin-openapi/openapi3/schema.go:661.2,661.34 1 0
github.com/getkin/kin-openapi/openapi3/schema.go:661.34,663.3 1 0
github.com/getkin/kin-openapi/openapi3/schema.go:664.2,664.35 1 0
github.com/getkin/kin-openapi/openapi3/schema.go:664.35,666.3 1 0
github.com/getkin/kin-openapi/openapi3/schema.go:667.2,667.33 1 0
github.com/getkin/kin-openapi/openapi3/schema.go:667.33,669.3 1 0
github.com/getkin/kin-openapi/openapi3/schema.go:670.2,670.37 1 0
github.com/getkin/kin-openapi/openapi3/schema.go:670.37,672.3 1 0
github.com/getkin/kin-openapi/openapi3/schema.go:673.2,673.40 1 0
github.com/getkin/kin-openapi/openapi3/schema.go:673.40,675.3 1 0
github.com/getkin/kin-openapi/openapi3/schema.go:676.2,676.43 1 0
github.com/getkin/kin-openapi/openapi3/schema.go:676.43,678.3 1 0
github.com/getkin/kin-openapi/openapi3/schema.go:679.2,679.42 1 0
github.com/getkin/kin-openapi/openapi3/schema.go:679.42,681.3 1 0
github.com/getkin/kin-openapi/openapi3/schema.go:682.2,682.41 1 0
github.com/getkin/kin-openapi/openapi3/schema.go:682.41,684.3 1 0
github.com/getkin/kin-openapi/openapi3/schema.go:686.2,686.15 1 0
github.com/getkin/kin-openapi/openapi3/schema.go:690.56,693.49 3 0
github.com/getkin/kin-openapi/openapi3/schema.go:693.49,695.3 1 0
github.com/getkin/kin-openapi/openapi3/schema.go:696.2,774.28 63 0
github.com/getkin/kin-openapi/openapi3/schema.go:774.28,776.3 1 0
github.com/getkin/kin-openapi/openapi3/schema.go:778.2,779.12 2 0
github.com/getkin/kin-openapi/openapi3/schema.go:783.60,784.15 1 0
github.com/getkin/kin-openapi/openapi3/schema.go:785.30,786.67 1 0
github.com/getkin/kin-openapi/openapi3/schema.go:786.67,788.4 1 0
github.com/getkin/kin-openapi/openapi3/schema.go:789.3,789.70 1 0
github.com/getkin/kin-openapi/openapi3/schema.go:789.70,790.26 1 0
github.com/getkin/kin-openapi/openapi3/schema.go:790.26,792.5 1 0
github.com/getkin/kin-openapi/openapi3/schema.go:793.4,793.30 1 0
github.com/getkin/kin-openapi/openapi3/schema.go:795.13,796.24 1 0
github.com/getkin/kin-openapi/openapi3/schema.go:796.24,797.28 1 0
github.com/getkin/kin-openapi/openapi3/schema.go:797.28,799.5 1 0
github.com/getkin/kin-openapi/openapi3/schema.go:800.4,800.32 1 0
github.com/getkin/kin-openapi/openapi3/schema.go:802.15,803.26 1 0
github.com/getkin/kin-openapi/openapi3/schema.go:803.26,804.30 1 0
github.com/getkin/kin-openapi/openapi3/schema.go:804.30,806.5 1 0
github.com/getkin/kin-openapi/openapi3/schema.go:807.4,807.34 1 0
github.com/getkin/kin-openapi/openapi3/schema.go:809.15,810.27 1 0
github.com/getkin/kin-openapi/openapi3/schema.go:811.15,812.27 1 0
github.com/getkin/kin-openapi/openapi3/schema.go:813.15,814.27 1 0
github.com/getkin/kin-openapi/openapi3/schema.go:815.14,816.26 1 0
github.com/getkin/kin-openapi/openapi3/schema.go:817.15,818.27 1 0
github.com/getkin/kin-openapi/openapi3/schema.go:819.16,820.28 1 0
github.com/getkin/kin-openapi/openapi3/schema.go:821.21,822.33 1 0
github.com/getkin/kin-openapi/openapi3/schema.go:823.14,824.26 1 0
github.com/getkin/kin-openapi/openapi3/schema.go:825.17,826.29 1 0
github.com/getkin/kin-openapi/openapi3/schema.go:827.17,828.29 1 0
github.com/getkin/kin-openapi/openapi3/schema.go:829.22,830.34 1 0
github.com/getkin/kin-openapi/openapi3/schema.go:831.21,832.33 1 0
github.com/getkin/kin-openapi/openapi3/schema.go:833.22,834.34 1 0
github.com/getkin/kin-openapi/openapi3/schema.go:835.22,836.34 1 0
github.com/getkin/kin-openapi/openapi3/schema.go:837.18,838.30 1 0
github.com/getkin/kin-openapi/openapi3/schema.go:839.18,840.30 1 0
github.com/getkin/kin-openapi/openapi3/schema.go:841.19,842.31 1 0
github.com/getkin/kin-openapi/openapi3/schema.go:843.25,844.37 1 0
github.com/getkin/kin-openapi/openapi3/schema.go:845.13,846.25 1 0
github.com/getkin/kin-openapi/openapi3/schema.go:847.20,848.32 1 0
github.com/getkin/kin-openapi/openapi3/schema.go:849.13,850.25 1 0
github.com/getkin/kin-openapi/openapi3/schema.go:851.13,852.25 1 0
github.com/getkin/kin-openapi/openapi3/schema.go:853.20,854.32 1 0
github.com/getkin/kin-openapi/openapi3/schema.go:855.19,856.31 1 0
github.com/getkin/kin-openapi/openapi3/schema.go:857.19,858.31 1 0
github.com/getkin/kin-openapi/openapi3/schema.go:859.17,860.29 1 0
github.com/getkin/kin-openapi/openapi3/schema.go:861.18,862.30 1 0
github.com/getkin/kin-openapi/openapi3/schema.go:863.18,864.30 1 0
github.com/getkin/kin-openapi/openapi3/schema.go:865.18,866.30 1 0
github.com/getkin/kin-openapi/openapi3/schema.go:867.20,868.32 1 0
github.com/getkin/kin-openapi/openapi3/schema.go:869.18,870.30 1 0
github.com/getkin/kin-openapi/openapi3/schema.go:871.18,872.30 1 0
github.com/getkin/kin-openapi/openapi3/schema.go:873.23,874.35 1 0
github.com/getkin/kin-openapi/openapi3/schema.go:877.15,878.27 1 0
github.com/getkin/kin-openapi/openapi3/schema.go:879.18,880.30 1 0
github.com/getkin/kin-openapi/openapi3/schema.go:881.21,882.33 1 0
github.com/getkin/kin-openapi/openapi3/schema.go:883.18,884.29 1 0
github.com/getkin/kin-openapi/openapi3/schema.go:884.29,885.33 1 0
github.com/getkin/kin-openapi/openapi3/schema.go:885.33,887.5 1 0
github.com/getkin/kin-openapi/openapi3/schema.go:888.4,888.37 1 0
github.com/getkin/kin-openapi/openapi3/schema.go:890.21,891.33 1 0
github.com/getkin/kin-openapi/openapi3/schema.go:892.21,893.33 1 0
github.com/getkin/kin-openapi/openapi3/schema.go:894.27,895.39 1 0
github.com/getkin/kin-openapi/openapi3/schema.go:896.26,897.38 1 0
github.com/getkin/kin-openapi/openapi3/schema.go:898.23,899.34 1 0
github.com/getkin/kin-openapi/openapi3/schema.go:899.34,900.38 1 0
github.com/getkin/kin-openapi/openapi3/schema.go:900.38,902.5 1 0
github.com/getkin/kin-openapi/openapi3/schema.go:903.4,903.42 1 0
github.com/getkin/kin-openapi/openapi3/schema.go:905.26,906.51 1 0
github.com/getkin/kin-openapi/openapi3/schema.go:906.51,908.4 1 0
github.com/getkin/kin-openapi/openapi3/schema.go:909.3,909.54 1 0
github.com/getkin/kin-openapi/openapi3/schema.go:909.54,910.20 1 0
github.com/getkin/kin-openapi/openapi3/schema.go:910.20,912.5 1 0
github.com/getkin/kin-openapi/openapi3/schema.go:913.4,913.24 1 0
github.com/getkin/kin-openapi/openapi3/schema.go:915.31,916.56 1 0
github.com/getkin/kin-openapi/openapi3/schema.go:916.56,918.4 1 0
github.com/getkin/kin-openapi/openapi3/schema.go:919.3,919.59 1 0
github.com/getkin/kin-openapi/openapi3/schema.go:919.59,920.20 1 0
github.com/getkin/kin-openapi/openapi3/schema.go:920.20,922.5 1 0
github.com/getkin/kin-openapi/openapi3/schema.go:923.4,923.24 1 0
github.com/getkin/kin-openapi/openapi3/schema.go:925.12,926.23 1 0
github.com/getkin/kin-openapi/openapi3/schema.go:926.23,927.27 1 0
github.com/getkin/kin-openapi/openapi3/schema.go:927.27,929.5 1 0
github.com/getkin/kin-openapi/openapi3/schema.go:930.4,930.31 1 0
github.com/getkin/kin-openapi/openapi3/schema.go:932.14,933.25 1 0
github.com/getkin/kin-openapi/openapi3/schema.go:933.25,934.29 1 0
github.com/getkin/kin-openapi/openapi3/schema.go:934.29,936.5 1 0
github.com/getkin/kin-openapi/openapi3/schema.go:937.4,937.33 1 0
github.com/getkin/kin-openapi/openapi3/schema.go:939.14,940.25 1 0
github.com/getkin/kin-openapi/openapi3/schema.go:940.25,941.29 1 0
github.com/getkin/kin-openapi/openapi3/schema.go:941.29,943.5 1 0
github.com/getkin/kin-openapi/openapi3/schema.go:944.4,944.33 1 0
github.com/getkin/kin-openapi/openapi3/schema.go:946.27,947.39 1 0
github.com/getkin/kin-openapi/openapi3/schema.go:948.15,949.26 1 0
github.com/getkin/kin-openapi/openapi3/schema.go:950.17,951.35 1 0
github.com/getkin/kin-openapi/openapi3/schema.go:952.18,953.29 1 0
github.com/getkin/kin-openapi/openapi3/schema.go:954.13,955.30 1 0
github.com/getkin/kin-openapi/openapi3/schema.go:956.17,957.28 1 0
github.com/getkin/kin-openapi/openapi3/schema.go:958.21,959.32 1 0
github.com/getkin/kin-openapi/openapi3/schema.go:960.24,961.35 1 0
github.com/getkin/kin-openapi/openapi3/schema.go:962.26,963.38 1 0
github.com/getkin/kin-openapi/openapi3/schema.go:964.25,965.37 1 0
github.com/getkin/kin-openapi/openapi3/schema.go:966.23,967.34 1 0
github.com/getkin/kin-openapi/openapi3/schema.go:967.34,968.38 1 0
github.com/getkin/kin-openapi/openapi3/schema.go:968.38,970.5 1 0
github.com/getkin/kin-openapi/openapi3/schema.go:971.4,971.42 1 0
github.com/getkin/kin-openapi/openapi3/schema.go:975.2,976.15 2 0
github.com/getkin/kin-openapi/openapi3/schema.go:979.43,983.2 1 0
github.com/getkin/kin-openapi/openapi3/schema.go:985.49,987.33 2 0
github.com/getkin/kin-openapi/openapi3/schema.go:987.33,989.3 1 0
github.com/getkin/kin-openapi/openapi3/schema.go:990.2,992.3 1 0
github.com/getkin/kin-openapi/openapi3/schema.go:995.49,997.33 2 0
github.com/getkin/kin-openapi/openapi3/schema.go:997.33,999.3 1 0
github.com/getkin/kin-openapi/openapi3/schema.go:1000.2,1002.3 1 0
github.com/getkin/kin-openapi/openapi3/schema.go:1005.49,1007.33 2 0
github.com/getkin/kin-openapi/openapi3/schema.go:1007.33,1009.3 1 0
github.com/getkin/kin-openapi/openapi3/schema.go:1010.2,1012.3 1 0
github.com/getkin/kin-openapi/openapi3/schema.go:1015.30,1019.2 1 0
github.com/getkin/kin-openapi/openapi3/schema.go:1021.33,1025.2 1 0
github.com/getkin/kin-openapi/openapi3/schema.go:1027.33,1031.2 1 0
github.com/getkin/kin-openapi/openapi3/schema.go:1033.31,1038.2 1 0
github.com/getkin/kin-openapi/openapi3/schema.go:1040.31,1045.2 1 0
github.com/getkin/kin-openapi/openapi3/schema.go:1047.32,1051.2 1 0
github.com/getkin/kin-openapi/openapi3/schema.go:1053.34,1058.2 1 0
github.com/getkin/kin-openapi/openapi3/schema.go:1060.30,1065.2 1 0
github.com/getkin/kin-openapi/openapi3/schema.go:1067.31,1072.2 1 0
github.com/getkin/kin-openapi/openapi3/schema.go:1074.31,1078.2 1 0
github.com/getkin/kin-openapi/openapi3/schema.go:1080.32,1085.2 1 0
github.com/getkin/kin-openapi/openapi3/schema.go:1087.46,1090.2 2 0
github.com/getkin/kin-openapi/openapi3/schema.go:1092.54,1095.2 2 0
github.com/getkin/kin-openapi/openapi3/schema.go:1097.54,1100.2 2 0
github.com/getkin/kin-openapi/openapi3/schema.go:1103.60,1106.2 2 0
github.com/getkin/kin-openapi/openapi3/schema.go:1109.60,1112.2 2 0
github.com/getkin/kin-openapi/openapi3/schema.go:1115.68,1118.2 2 0
github.com/getkin/kin-openapi/openapi3/schema.go:1121.68,1124.2 2 0
github.com/getkin/kin-openapi/openapi3/schema.go:1126.55,1129.2 2 0
github.com/getkin/kin-openapi/openapi3/schema.go:1131.61,1134.2 2 0
github.com/getkin/kin-openapi/openapi3/schema.go:1136.56,1139.2 2 0
github.com/getkin/kin-openapi/openapi3/schema.go:1141.51,1146.2 4 0
github.com/getkin/kin-openapi/openapi3/schema.go:1148.54,1152.2 3 0
github.com/getkin/kin-openapi/openapi3/schema.go:1154.54,1158.2 3 0
github.com/getkin/kin-openapi/openapi3/schema.go:1160.64,1166.2 5 0
github.com/getkin/kin-openapi/openapi3/schema.go:1168.67,1172.2 3 0
github.com/getkin/kin-openapi/openapi3/schema.go:1174.67,1178.2 3 0
github.com/getkin/kin-openapi/openapi3/schema.go:1180.59,1183.2 2 0
github.com/getkin/kin-openapi/openapi3/schema.go:1185.56,1190.2 2 0
github.com/getkin/kin-openapi/openapi3/schema.go:1192.53,1196.2 3 0
github.com/getkin/kin-openapi/openapi3/schema.go:1198.53,1202.2 3 0
github.com/getkin/kin-openapi/openapi3/schema.go:1204.60,1207.2 2 0
github.com/getkin/kin-openapi/openapi3/schema.go:1209.81,1213.2 1 0
github.com/getkin/kin-openapi/openapi3/schema.go:1215.76,1216.30 1 0
github.com/getkin/kin-openapi/openapi3/schema.go:1216.30,1218.3 1 0
github.com/getkin/kin-openapi/openapi3/schema.go:1219.2,1220.15 2 0
github.com/getkin/kin-openapi/openapi3/schema.go:1223.77,1225.31 2 0
github.com/getkin/kin-openapi/openapi3/schema.go:1225.31,1229.3 1 0
github.com/getkin/kin-openapi/openapi3/schema.go:1230.2,1231.15 2 0
github.com/getkin/kin-openapi/openapi3/schema.go:1234.63,1237.2 2 0
github.com/getkin/kin-openapi/openapi3/schema.go:1239.58,1243.2 3 0
github.com/getkin/kin-openapi/openapi3/schema.go:1245.58,1249.2 3 0
github.com/getkin/kin-openapi/openapi3/schema.go:1251.61,1254.2 2 0
github.com/getkin/kin-openapi/openapi3/schema.go:1256.61,1259.2 2 0
github.com/getkin/kin-openapi/openapi3/schema.go:1261.67,1263.14 2 0
github.com/getkin/kin-openapi/openapi3/schema.go:1263.14,1265.3 1 0
github.com/getkin/kin-openapi/openapi3/schema.go:1266.2,1266.15 1 0
github.com/getkin/kin-openapi/openapi3/schema.go:1269.42,1271.2 1 0
github.com/getkin/kin-openapi/openapi3/schema.go:1274.38,1283.23 1 0
github.com/getkin/kin-openapi/openapi3/schema.go:1283.23,1285.3 1 0
github.com/getkin/kin-openapi/openapi3/schema.go:1286.2,1286.71 1 0
github.com/getkin/kin-openapi/openapi3/schema.go:1286.71,1288.3 1 0
github.com/getkin/kin-openapi/openapi3/schema.go:1289.2,1289.99 1 0
github.com/getkin/kin-openapi/openapi3/schema.go:1289.99,1291.3 1 0
github.com/getkin/kin-openapi/openapi3/schema.go:1292.2,1292.65 1 0
github.com/getkin/kin-openapi/openapi3/schema.go:1292.65,1294.3 1 0
github.com/getkin/kin-openapi/openapi3/schema.go:1295.2,1295.89 1 0
github.com/getkin/kin-openapi/openapi3/schema.go:1295.89,1297.3 1 0
github.com/getkin/kin-openapi/openapi3/schema.go:1298.2,1298.39 1 0
github.com/getkin/kin-openapi/openapi3/schema.go:1298.39,1299.48 1 0
github.com/getkin/kin-openapi/openapi3/schema.go:1299.48,1301.4 1 0
github.com/getkin/kin-openapi/openapi3/schema.go:1303.2,1303.76 1 0
github.com/getkin/kin-openapi/openapi3/schema.go:1303.76,1305.3 1 0
github.com/getkin/kin-openapi/openapi3/schema.go:1306.2,1306.60 1 0
github.com/getkin/kin-openapi/openapi3/schema.go:1306.60,1308.3 1 0
github.com/getkin/kin-openapi/openapi3/schema.go:1309.2,1309.38 1 0
github.com/getkin/kin-openapi/openapi3/schema.go:1309.38,1310.48 1 0
github.com/getkin/kin-openapi/openapi3/schema.go:1310.48,1312.4 1 0
github.com/getkin/kin-openapi/openapi3/schema.go:1314.2,1314.45 1 0
github.com/getkin/kin-openapi/openapi3/schema.go:1314.45,1315.48 1 0
github.com/getkin/kin-openapi/openapi3/schema.go:1315.48,1317.4 1 0
github.com/getkin/kin-openapi/openapi3/schema.go:1319.2,1319.44 1 0
github.com/getkin/kin-openapi/openapi3/schema.go:1319.44,1320.48 1 0
github.com/getkin/kin-openapi/openapi3/schema.go:1320.48,1322.4 1 0
github.com/getkin/kin-openapi/openapi3/schema.go:1324.2,1324.85 1 0
github.com/getkin/kin-openapi/openapi3/schema.go:1324.85,1326.3 1 0
github.com/getkin/kin-openapi/openapi3/schema.go:1327.2,1327.95 1 0
github.com/getkin/kin-openapi/openapi3/schema.go:1327.95,1329.3 1 0
github.com/getkin/kin-openapi/openapi3/schema.go:1330.2,1330.61 1 0
github.com/getkin/kin-openapi/openapi3/schema.go:1330.61,1332.3 1 0
github.com/getkin/kin-openapi/openapi3/schema.go:1333.2,1333.100 1 0
github.com/getkin/kin-openapi/openapi3/schema.go:1333.100,1335.3 1 0
github.com/getkin/kin-openapi/openapi3/schema.go:1336.2,1336.66 1 0
github.com/getkin/kin-openapi/openapi3/schema.go:1336.66,1338.3 1 0
github.com/getkin/kin-openapi/openapi3/schema.go:1339.2,1339.31 1 0
github.com/getkin/kin-openapi/openapi3/schema.go:1339.31,1341.3 1 0
github.com/getkin/kin-openapi/openapi3/schema.go:1342.2,1342.33 1 0
github.com/getkin/kin-openapi/openapi3/schema.go:1342.33,1343.48 1 0
github.com/getkin/kin-openapi/openapi3/schema.go:1343.48,1345.4 1 0
github.com/getkin/kin-openapi/openapi3/schema.go:1347.2,1347.33 1 0
github.com/getkin/kin-openapi/openapi3/schema.go:1347.33,1348.48 1 0
github.com/getkin/kin-openapi/openapi3/schema.go:1348.48,1350.4 1 0
github.com/getkin/kin-openapi/openapi3/schema.go:1352.2,1352.33 1 0
github.com/getkin/kin-openapi/openapi3/schema.go:1352.33,1353.48 1 0
github.com/getkin/kin-openapi/openapi3/schema.go:1353.48,1355.4 1 0
github.com/getkin/kin-openapi/openapi3/schema.go:1357.2,1357.70 1 0
github.com/getkin/kin-openapi/openapi3/schema.go:1357.70,1359.3 1 0
github.com/getkin/kin-openapi/openapi3/schema.go:1360.2,1360.72 1 0
github.com/getkin/kin-openapi/openapi3/schema.go:1360.72,1362.3 1 0
github.com/getkin/kin-openapi/openapi3/schema.go:1363.2,1363.72 1 0
github.com/getkin/kin-openapi/openapi3/schema.go:1363.72,1365.3 1 0
github.com/getkin/kin-openapi/openapi3/schema.go:1366.2,1366.40 1 0
github.com/getkin/kin-openapi/openapi3/schema.go:1366.40,1368.3 1 0
github.com/getkin/kin-openapi/openapi3/schema.go:1369.2,1369.27 1 0
github.com/getkin/kin-openapi/openapi3/schema.go:1369.27,1371.3 1 0
github.com/getkin/kin-openapi/openapi3/schema.go:1372.2,1372.56 1 0
github.com/getkin/kin-openapi/openapi3/schema.go:1372.56,1374.3 1 0
github.com/getkin/kin-openapi/openapi3/schema.go:1375.2,1375.107 1 0
github.com/getkin/kin-openapi/openapi3/schema.go:1375.107,1377.3 1 0
github.com/getkin/kin-openapi/openapi3/schema.go:1378.2,1378.67 1 0
github.com/getkin/kin-openapi/openapi3/schema.go:1378.67,1380.3 1 0
github.com/getkin/kin-openapi/openapi3/schema.go:1381.2,1381.85 1 0
github.com/getkin/kin-openapi/openapi3/schema.go:1381.85,1383.3 1 0
github.com/getkin/kin-openapi/openapi3/schema.go:1384.2,1384.13 1 0
github.com/getkin/kin-openapi/openapi3/schema.go:1388.85,1395.2 3 0
github.com/getkin/kin-openapi/openapi3/schema.go:1398.89,1399.36 1 0
github.com/getkin/kin-openapi/openapi3/schema.go:1399.36,1401.3 1 0
github.com/getkin/kin-openapi/openapi3/schema.go:1403.2,1407.41 3 0
github.com/getkin/kin-openapi/openapi3/schema.go:1407.41,1409.3 1 0
github.com/getkin/kin-openapi/openapi3/schema.go:1416.2,1416.40 1 0
github.com/getkin/kin-openapi/openapi3/schema.go:1416.40,1418.38 2 0
github.com/getkin/kin-openapi/openapi3/schema.go:1418.38,1419.35 1 0
github.com/getkin/kin-openapi/openapi3/schema.go:1419.35,1421.5 1 0
github.com/getkin/kin-openapi/openapi3/schema.go:1422.4,1422.50 1 0
github.com/getkin/kin-openapi/openapi3/schema.go:1424.3,1424.26 1 0
github.com/getkin/kin-openapi/openapi3/schema.go:1424.26,1425.42 1 0
github.com/getkin/kin-openapi/openapi3/schema.go:1425.42,1427.5 1 0
github.com/getkin/kin-openapi/openapi3/schema.go:1429.3,1429.32 1 0
github.com/getkin/kin-openapi/openapi3/schema.go:1429.32,1430.45 1 0
github.com/getkin/kin-openapi/openapi3/schema.go:1430.45,1432.5 1 0
github.com/getkin/kin-openapi/openapi3/schema.go:1434.3,1434.35 1 0
github.com/getkin/kin-openapi/openapi3/schema.go:1434.35,1435.48 1 0
github.com/getkin/kin-openapi/openapi3/schema.go:1435.48,1437.5 1 0
github.com/getkin/kin-openapi/openapi3/schema.go:1439.3,1439.29 1 0
github.com/getkin/kin-openapi/openapi3/schema.go:1439.29,1440.45 1 0
github.com/getkin/kin-openapi/openapi3/schema.go:1440.45,1442.5 1 0
github.com/getkin/kin-openapi/openapi3/schema.go:1444.3,1444.32 1 0
github.com/getkin/kin-openapi/openapi3/schema.go:1444.32,1445.48 1 0
github.com/getkin/kin-openapi/openapi3/schema.go:1445.48,1447.5 1 0
github.com/getkin/kin-openapi/openapi3/schema.go:1449.3,1449.32 1 0
github.com/getkin/kin-openapi/openapi3/schema.go:1449.32,1450.48 1 0
github.com/getkin/kin-openapi/openapi3/schema.go:1450.48,1452.5 1 0
github.com/getkin/kin-openapi/openapi3/schema.go:1454.3,1454.41 1 0
github.com/getkin/kin-openapi/openapi3/schema.go:1454.41,1455.54 1 0
github.com/getkin/kin-openapi/openapi3/schema.go:1455.54,1457.5 1 0
github.com/getkin/kin-openapi/openapi3/schema.go:1459.3,1459.40 1 0
github.com/getkin/kin-openapi/openapi3/schema.go:1459.40,1460.53 1 0
github.com/getkin/kin-openapi/openapi3/schema.go:1460.53,1462.5 1 0
github.com/getkin/kin-openapi/openapi3/schema.go:1464.3,1464.34 1 0
github.com/getkin/kin-openapi/openapi3/schema.go:1464.34,1465.50 1 0
github.com/getkin/kin-openapi/openapi3/schema.go:1465.50,1467.5 1 0
github.com/getkin/kin-openapi/openapi3/schema.go:1469.3,1469.82 1 0
github.com/getkin/kin-openapi/openapi3/schema.go:1469.82,1470.53 1 0
github.com/getkin/kin-openapi/openapi3/schema.go:1470.53,1472.5 1 0
github.com/getkin/kin-openapi/openapi3/schema.go:1474.3,1474.92 1 0
github.com/getkin/kin-openapi/openapi3/schema.go:1474.92,1475.58 1 0
github.com/getkin/kin-openapi/openapi3/schema.go:1475.58,1477.5 1 0
github.com/getkin/kin-openapi/openapi3/schema.go:1479.3,1479.23 1 0
github.com/getkin/kin-openapi/openapi3/schema.go:1479.23,1480.39 1 0
github.com/getkin/kin-openapi/openapi3/schema.go:1480.39,1482.5 1 0
github.com/getkin/kin-openapi/openapi3/schema.go:1484.3,1484.25 1 0
github.com/getkin/kin-openapi/openapi3/schema.go:1484.25,1485.41 1 0
github.com/getkin/kin-openapi/openapi3/schema.go:1485.41,1487.5 1 0
github.com/getkin/kin-openapi/openapi3/schema.go:1489.3,1489.25 1 0
github.com/getkin/kin-openapi/openapi3/schema.go:1489.25,1490.41 1 0
github.com/getkin/kin-openapi/openapi3/schema.go:1490.41,1492.5 1 0
github.com/getkin/kin-openapi/openapi3/schema.go:1494.3,1494.41 1 0
github.com/getkin/kin-openapi/openapi3/schema.go:1494.41,1495.54 1 0
github.com/getkin/kin-openapi/openapi3/schema.go:1495.54,1497.5 1 0
github.com/getkin/kin-openapi/openapi3/schema.go:1499.3,1499.28 1 0
github.com/getkin/kin-openapi/openapi3/schema.go:1499.28,1500.42 1 0
github.com/getkin/kin-openapi/openapi3/schema.go:1500.42,1502.5 1 0
github.com/getkin/kin-openapi/openapi3/schema.go:1504.3,1504.33 1 0
github.com/getkin/kin-openapi/openapi3/schema.go:1504.33,1505.44 1 0
github.com/getkin/kin-openapi/openapi3/schema.go:1505.44,1507.5 1 0
github.com/getkin/kin-openapi/openapi3/schema.go:1509.3,1509.27 1 0
github.com/getkin/kin-openapi/openapi3/schema.go:1509.27,1510.45 1 0
github.com/getkin/kin-openapi/openapi3/schema.go:1510.45,1512.5 1 0
github.com/getkin/kin-openapi/openapi3/schema.go:1514.3,1514.28 1 0
github.com/getkin/kin-openapi/openapi3/schema.go:1514.28,1515.40 1 0
github.com/getkin/kin-openapi/openapi3/schema.go:1515.40,1517.5 1 0
github.com/getkin/kin-openapi/openapi3/schema.go:1519.3,1519.26 1 0
github.com/getkin/kin-openapi/openapi3/schema.go:1519.26,1520.44 1 0
github.com/getkin/kin-openapi/openapi3/schema.go:1520.44,1522.5 1 0
github.com/getkin/kin-openapi/openapi3/schema.go:1524.3,1524.30 1 0
github.com/getkin/kin-openapi/openapi3/schema.go:1524.30,1525.48 1 0
github.com/getkin/kin-openapi/openapi3/schema.go:1525.48,1527.5 1 0
github.com/getkin/kin-openapi/openapi3/schema.go:1529.3,1529.33 1 0
github.com/getkin/kin-openapi/openapi3/schema.go:1529.33,1530.51 1 0
github.com/getkin/kin-openapi/openapi3/schema.go:1530.51,1532.5 1 0
github.com/getkin/kin-openapi/openapi3/schema.go:1534.3,1534.36 1 0
github.com/getkin/kin-openapi/openapi3/schema.go:1534.36,1535.53 1 0
github.com/getkin/kin-openapi/openapi3/schema.go:1535.53,1537.5 1 0
github.com/getkin/kin-openapi/openapi3/schema.go:1539.3,1539.35 1 0
github.com/getkin/kin-openapi/openapi3/schema.go:1539.35,1540.52 1 0
github.com/getkin/kin-openapi/openapi3/schema.go:1540.52,1542.5 1 0
github.com/getkin/kin-openapi/openapi3/schema.go:1544.3,1544.34 1 0
github.com/getkin/kin-openapi/openapi3/schema.go:1544.34,1545.50 1 0
github.com/getkin/kin-openapi/openapi3/schema.go:1545.50,1547.5 1 0
github.com/getkin/kin-openapi/openapi3/schema.go:1551.2,1551.36 1 0
github.com/getkin/kin-openapi/openapi3/schema.go:1551.36,1553.15 2 0
github.com/getkin/kin-openapi/openapi3/schema.go:1553.15,1555.4 1 0
github.com/getkin/kin-openapi/openapi3/schema.go:1557.3,1558.54 2 0
github.com/getkin/kin-openapi/openapi3/schema.go:1558.54,1560.4 1 0
github.com/getkin/kin-openapi/openapi3/schema.go:1563.2,1563.36 1 0
github.com/getkin/kin-openapi/openapi3/schema.go:1563.36,1565.15 2 0
github.com/getkin/kin-openapi/openapi3/schema.go:1565.15,1567.4 1 0
github.com/getkin/kin-openapi/openapi3/schema.go:1569.3,1570.54 2 0
github.com/getkin/kin-openapi/openapi3/schema.go:1570.54,1572.4 1 0
github.com/getkin/kin-openapi/openapi3/schema.go:1575.2,1575.36 1 0
github.com/getkin/kin-openapi/openapi3/schema.go:1575.36,1577.15 2 0
github.com/getkin/kin-openapi/openapi3/schema.go:1577.15,1579.4 1 0
github.com/getkin/kin-openapi/openapi3/schema.go:1581.3,1582.54 2 0
github.com/getkin/kin-openapi/openapi3/schema.go:1582.54,1584.4 1 0
github.com/getkin/kin-openapi/openapi3/schema.go:1587.2,1587.35 1 0
github.com/getkin/kin-openapi/openapi3/schema.go:1587.35,1589.15 2 0
github.com/getkin/kin-openapi/openapi3/schema.go:1589.15,1591.4 1 0
github.com/getkin/kin-openapi/openapi3/schema.go:1593.3,1594.54 2 0
github.com/getkin/kin-openapi/openapi3/schema.go:1594.54,1596.4 1 0
github.com/getkin/kin-openapi/openapi3/schema.go:1599.2,1599.34 1 0
github.com/getkin/kin-openapi/openapi3/schema.go:1599.34,1601.15 2 0
github.com/getkin/kin-openapi/openapi3/schema.go:1601.15,1603.4 1 0
github.com/getkin/kin-openapi/openapi3/schema.go:1604.3,1605.54 2 0
github.com/getkin/kin-openapi/openapi3/schema.go:1605.54,1607.4 1 0
github.com/getkin/kin-openapi/openapi3/schema.go:1609.2,1609.36 1 0
github.com/getkin/kin-openapi/openapi3/schema.go:1609.36,1611.15 2 0
github.com/getkin/kin-openapi/openapi3/schema.go:1611.15,1613.4 1 0
github.com/getkin/kin-openapi/openapi3/schema.go:1614.3,1615.54 2 0
github.com/getkin/kin-openapi/openapi3/schema.go:1615.54,1617.4 1 0
github.com/getkin/kin-openapi/openapi3/schema.go:1619.2,1619.36 1 0
github.com/getkin/kin-openapi/openapi3/schema.go:1619.36,1621.15 2 0
github.com/getkin/kin-openapi/openapi3/schema.go:1621.15,1623.4 1 0
github.com/getkin/kin-openapi/openapi3/schema.go:1624.3,1625.54 2 0
github.com/getkin/kin-openapi/openapi3/schema.go:1625.54,1627.4 1 0
github.com/getkin/kin-openapi/openapi3/schema.go:1630.2,1630.49 1 0
github.com/getkin/kin-openapi/openapi3/schema.go:1630.49,1631.21 1 0
github.com/getkin/kin-openapi/openapi3/schema.go:1632.20,1632.20 0 0
github.com/getkin/kin-openapi/openapi3/schema.go:1633.19,1634.48 1 0
github.com/getkin/kin-openapi/openapi3/schema.go:1634.48,1635.19 1 0
github.com/getkin/kin-openapi/openapi3/schema.go:1636.28,1636.28 0 0
github.com/getkin/kin-openapi/openapi3/schema.go:1637.13,1638.99 1 0
github.com/getkin/kin-openapi/openapi3/schema.go:1638.99,1640.7 1 0
github.com/getkin/kin-openapi/openapi3/schema.go:1643.20,1644.48 1 0
github.com/getkin/kin-openapi/openapi3/schema.go:1644.48,1645.19 1 0
github.com/getkin/kin-openapi/openapi3/schema.go:1646.27,1646.27 0 0
github.com/getkin/kin-openapi/openapi3/schema.go:1647.13,1648.100 1 0
github.com/getkin/kin-openapi/openapi3/schema.go:1648.100,1650.7 1 0
github.com/getkin/kin-openapi/openapi3/schema.go:1653.19,1654.48 1 0
github.com/getkin/kin-openapi/openapi3/schema.go:1654.48,1655.19 1 0
github.com/getkin/kin-openapi/openapi3/schema.go:1658.60,1658.60 0 0
github.com/getkin/kin-openapi/openapi3/schema.go:1661.78,1661.78 0 0
github.com/getkin/kin-openapi/openapi3/schema.go:1662.67,1662.67 0 0
github.com/getkin/kin-openapi/openapi3/schema.go:1665.29,1665.29 0 0
github.com/getkin/kin-openapi/openapi3/schema.go:1667.70,1667.70 0 0
github.com/getkin/kin-openapi/openapi3/schema.go:1668.13,1669.99 1 0
github.com/getkin/kin-openapi/openapi3/schema.go:1669.99,1671.7 1 0
github.com/getkin/kin-openapi/openapi3/schema.go:1674.4,1674.79 1 0
github.com/getkin/kin-openapi/openapi3/schema.go:1674.79,1675.86 1 0
github.com/getkin/kin-openapi/openapi3/schema.go:1675.86,1677.6 1 0
github.com/getkin/kin-openapi/openapi3/schema.go:1679.18,1680.110 1 0
github.com/getkin/kin-openapi/openapi3/schema.go:1680.110,1682.5 1 0
github.com/getkin/kin-openapi/openapi3/schema.go:1683.19,1683.19 0 0
github.com/getkin/kin-openapi/openapi3/schema.go:1684.17,1685.55 1 0
github.com/getkin/kin-openapi/openapi3/schema.go:1685.55,1687.5 1 0
github.com/getkin/kin-openapi/openapi3/schema.go:1688.11,1689.63 1 0
github.com/getkin/kin-openapi/openapi3/schema.go:1693.2,1693.37 1 0
github.com/getkin/kin-openapi/openapi3/schema.go:1693.37,1694.49 1 0
github.com/getkin/kin-openapi/openapi3/schema.go:1694.49,1696.4 1 0
github.com/getkin/kin-openapi/openapi3/schema.go:1697.3,1698.15 2 0
github.com/getkin/kin-openapi/openapi3/schema.go:1698.15,1700.4 1 0
github.com/getkin/kin-openapi/openapi3/schema.go:1702.3,1703.54 2 0
github.com/getkin/kin-openapi/openapi3/schema.go:1703.54,1705.4 1 0
github.com/getkin/kin-openapi/openapi3/schema.go:1708.2,1708.57 1 0
github.com/getkin/kin-openapi/openapi3/schema.go:1708.57,1710.49 2 0
github.com/getkin/kin-openapi/openapi3/schema.go:1710.49,1712.4 1 0
github.com/getkin/kin-openapi/openapi3/schema.go:1713.3,1714.15 2 0
github.com/getkin/kin-openapi/openapi3/schema.go:1714.15,1716.4 1 0
github.com/getkin/kin-openapi/openapi3/schema.go:1718.3,1719.54 2 0
github.com/getkin/kin-openapi/openapi3/schema.go:1719.54,1721.4 1 0
github.com/getkin/kin-openapi/openapi3/schema.go:1724.2,1724.89 1 0
github.com/getkin/kin-openapi/openapi3/schema.go:1724.89,1726.3 1 0
github.com/getkin/kin-openapi/openapi3/schema.go:1727.2,1727.59 1 0
github.com/getkin/kin-openapi/openapi3/schema.go:1727.59,1728.49 1 0
github.com/getkin/kin-openapi/openapi3/schema.go:1728.49,1730.4 1 0
github.com/getkin/kin-openapi/openapi3/schema.go:1731.3,1732.15 2 0
github.com/getkin/kin-openapi/openapi3/schema.go:1732.15,1734.4 1 0
github.com/getkin/kin-openapi/openapi3/schema.go:1736.3,1737.54 2 0
github.com/getkin/kin-openapi/openapi3/schema.go:1737.54,1739.4 1 0
github.com/getkin/kin-openapi/openapi3/schema.go:1743.2,1743.41 1 0
github.com/getkin/kin-openapi/openapi3/schema.go:1743.41,1744.49 1 0
github.com/getkin/kin-openapi/openapi3/schema.go:1744.49,1746.4 1 0
github.com/getkin/kin-openapi/openapi3/schema.go:1747.3,1748.15 2 0
github.com/getkin/kin-openapi/openapi3/schema.go:1748.15,1750.4 1 0
github.com/getkin/kin-openapi/openapi3/schema.go:1752.3,1753.54 2 0
github.com/getkin/kin-openapi/openapi3/schema.go:1753.54,1755.4 1 0
github.com/getkin/kin-openapi/openapi3/schema.go:1757.2,1757.40 1 0
github.com/getkin/kin-openapi/openapi3/schema.go:1757.40,1758.49 1 0
github.com/getkin/kin-openapi/openapi3/schema.go:1758.49,1760.4 1 0
github.com/getkin/kin-openapi/openapi3/schema.go:1761.3,1762.15 2 0
github.com/getkin/kin-openapi/openapi3/schema.go:1762.15,1764.4 1 0
github.com/getkin/kin-openapi/openapi3/schema.go:1766.3,1767.54 2 0
github.com/getkin/kin-openapi/openapi3/schema.go:1767.54,1769.4 1 0
github.com/getkin/kin-openapi/openapi3/schema.go:1771.2,1771.64 1 0
github.com/getkin/kin-openapi/openapi3/schema.go:1771.64,1773.49 2 0
github.com/getkin/kin-openapi/openapi3/schema.go:1773.49,1775.4 1 0
github.com/getkin/kin-openapi/openapi3/schema.go:1776.3,1777.15 2 0
github.com/getkin/kin-openapi/openapi3/schema.go:1777.15,1779.4 1 0
github.com/getkin/kin-openapi/openapi3/schema.go:1781.3,1782.54 2 0
github.com/getkin/kin-openapi/openapi3/schema.go:1782.54,1784.4 1 0
github.com/getkin/kin-openapi/openapi3/schema.go:1786.2,1786.63 1 0
github.com/getkin/kin-openapi/openapi3/schema.go:1786.63,1788.49 2 0
github.com/getkin/kin-openapi/openapi3/schema.go:1788.49,1790.4 1 0
github.com/getkin/kin-openapi/openapi3/schema.go:1791.3,1792.15 2 0
github.com/getkin/kin-openapi/openapi3/schema.go:1792.15,1794.4 1 0
github.com/getkin/kin-openapi/openapi3/schema.go:1796.3,1797.54 2 0
github.com/getkin/kin-openapi/openapi3/schema.go:1797.54,1799.4 1 0
github.com/getkin/kin-openapi/openapi3/schema.go:1801.2,1801.51 1 0
github.com/getkin/kin-openapi/openapi3/schema.go:1801.51,1803.49 2 0
github.com/getkin/kin-openapi/openapi3/schema.go:1803.49,1805.4 1 0
github.com/getkin/kin-openapi/openapi3/schema.go:1806.3,1807.15 2 0
github.com/getkin/kin-openapi/openapi3/schema.go:1807.15,1809.4 1 0
github.com/getkin/kin-openapi/openapi3/schema.go:1811.3,1812.54 2 0
github.com/getkin/kin-openapi/openapi3/schema.go:1812.54,1814.4 1 0
github.com/getkin/kin-openapi/openapi3/schema.go:1816.2,1816.45 1 0
github.com/getkin/kin-openapi/openapi3/schema.go:1816.45,1817.49 1 0
github.com/getkin/kin-openapi/openapi3/schema.go:1817.49,1819.4 1 0
github.com/getkin/kin-openapi/openapi3/schema.go:1820.3,1821.15 2 0
github.com/getkin/kin-openapi/openapi3/schema.go:1821.15,1823.4 1 0
github.com/getkin/kin-openapi/openapi3/schema.go:1825.3,1826.54 2 0
github.com/getkin/kin-openapi/openapi3/schema.go:1826.54,1828.4 1 0
github.com/getkin/kin-openapi/openapi3/schema.go:1830.2,1830.81 1 0
github.com/getkin/kin-openapi/openapi3/schema.go:1830.81,1832.3 1 0
github.com/getkin/kin-openapi/openapi3/schema.go:1833.2,1833.55 1 0
github.com/getkin/kin-openapi/openapi3/schema.go:1833.55,1834.49 1 0
github.com/getkin/kin-openapi/openapi3/schema.go:1834.49,1836.4 1 0
github.com/getkin/kin-openapi/openapi3/schema.go:1837.3,1838.15 2 0
github.com/getkin/kin-openapi/openapi3/schema.go:1838.15,1840.4 1 0
github.com/getkin/kin-openapi/openapi3/schema.go:1842.3,1843.54 2 0
github.com/getkin/kin-openapi/openapi3/schema.go:1843.54,1845.4 1 0
github.com/getkin/kin-openapi/openapi3/schema.go:1847.2,1847.91 1 0
github.com/getkin/kin-openapi/openapi3/schema.go:1847.91,1849.3 1 0
github.com/getkin/kin-openapi/openapi3/schema.go:1850.2,1850.60 1 0
github.com/getkin/kin-openapi/openapi3/schema.go:1850.60,1851.49 1 0
github.com/getkin/kin-openapi/openapi3/schema.go:1851.49,1853.4 1 0
github.com/getkin/kin-openapi/openapi3/schema.go:1854.3,1855.15 2 0
github.com/getkin/kin-openapi/openapi3/schema.go:1855.15,1857.4 1 0
github.com/getkin/kin-openapi/openapi3/schema.go:1859.3,1860.54 2 0
github.com/getkin/kin-openapi/openapi3/schema.go:1860.54,1862.4 1 0
github.com/getkin/kin-openapi/openapi3/schema.go:1864.2,1864.45 1 0
github.com/getkin/kin-openapi/openapi3/schema.go:1864.45,1865.49 1 0
github.com/getkin/kin-openapi/openapi3/schema.go:1865.49,1867.4 1 0
github.com/getkin/kin-openapi/openapi3/schema.go:1868.3,1869.15 2 0
github.com/getkin/kin-openapi/openapi3/schema.go:1869.15,1871.4 1 0
github.com/getkin/kin-openapi/openapi3/schema.go:1873.3,1874.54 2 0
github.com/getkin/kin-openapi/openapi3/schema.go:1874.54,1876.4 1 0
github.com/getkin/kin-openapi/openapi3/schema.go:1879.2,1879.40 1 0
github.com/getkin/kin-openapi/openapi3/schema.go:1879.40,1880.41 1 0
github.com/getkin/kin-openapi/openapi3/schema.go:1880.41,1882.4 1 0
github.com/getkin/kin-openapi/openapi3/schema.go:1885.2,1885.87 1 0
github.com/getkin/kin-openapi/openapi3/schema.go:1885.87,1886.62 1 0
github.com/getkin/kin-openapi/openapi3/schema.go:1886.62,1888.4 1 0
github.com/getkin/kin-openapi/openapi3/schema.go:1891.2,1891.81 1 0
github.com/getkin/kin-openapi/openapi3/schema.go:1891.81,1892.62 1 0
github.com/getkin/kin-openapi/openapi3/schema.go:1892.62,1894.4 1 0
github.com/getkin/kin-openapi/openapi3/schema.go:1897.2,1897.73 1 0
github.com/getkin/kin-openapi/openapi3/schema.go:1900.50,1903.2 2 0
github.com/getkin/kin-openapi/openapi3/schema.go:1905.62,1908.2 2 0
github.com/getkin/kin-openapi/openapi3/schema.go:1910.64,1913.2 2 0
github.com/getkin/kin-openapi/openapi3/schema.go:1915.63,1918.2 2 0
github.com/getkin/kin-openapi/openapi3/schema.go:1920.61,1923.2 2 0
github.com/getkin/kin-openapi/openapi3/schema.go:1925.71,1928.2 2 0
github.com/getkin/kin-openapi/openapi3/schema.go:1932.82,1935.32 2 0
github.com/getkin/kin-openapi/openapi3/schema.go:1935.32,1937.3 1 0
github.com/getkin/kin-openapi/openapi3/schema.go:1938.2,1938.42 1 0
github.com/getkin/kin-openapi/openapi3/schema.go:1941.92,1942.31 1 0
github.com/getkin/kin-openapi/openapi3/schema.go:1943.11,1946.27 1 0
github.com/getkin/kin-openapi/openapi3/schema.go:1946.27,1948.4 1 0
github.com/getkin/kin-openapi/openapi3/schema.go:1949.15,1950.24 1 0
github.com/getkin/kin-openapi/openapi3/schema.go:1950.24,1952.4 1 0
github.com/getkin/kin-openapi/openapi3/schema.go:1953.3,1953.27 1 0
github.com/getkin/kin-openapi/openapi3/schema.go:1953.27,1955.4 1 0
github.com/getkin/kin-openapi/openapi3/schema.go:1958.2,1958.22 1 0
github.com/getkin/kin-openapi/openapi3/schema.go:1958.22,1959.23 1 0
github.com/getkin/kin-openapi/openapi3/schema.go:1960.12,1961.41 1 0
github.com/getkin/kin-openapi/openapi3/schema.go:1962.11,1963.10 1 0
github.com/getkin/kin-openapi/openapi3/schema.go:1967.2,1967.65 1 0
github.com/getkin/kin-openapi/openapi3/schema.go:1967.65,1969.3 1 0
github.com/getkin/kin-openapi/openapi3/schema.go:1970.2,1971.79 2 0
github.com/getkin/kin-openapi/openapi3/schema.go:1971.79,1973.3 1 0
github.com/getkin/kin-openapi/openapi3/schema.go:1974.2,1974.66 1 0
github.com/getkin/kin-openapi/openapi3/schema.go:1974.66,1976.3 1 0
github.com/getkin/kin-openapi/openapi3/schema.go:1977.2,1977.67 1 0
github.com/getkin/kin-openapi/openapi3/schema.go:1977.67,1979.3 1 0
github.com/getkin/kin-openapi/openapi3/schema.go:1981.2,1981.31 1 0
github.com/getkin/kin-openapi/openapi3/schema.go:1982.11,1983.40 1 0
github.com/getkin/kin-openapi/openapi3/schema.go:1984.12,1985.50 1 0
github.com/getkin/kin-openapi/openapi3/schema.go:1986.19,1988.17 2 0
github.com/getkin/kin-openapi/openapi3/schema.go:1988.17,1997.4 1 0
github.com/getkin/kin-openapi/openapi3/schema.go:1998.3,1998.56 1 0
github.com/getkin/kin-openapi/openapi3/schema.go:1999.11,2000.58 1 0
github.com/getkin/kin-openapi/openapi3/schema.go:2001.13,2002.58 1 0
github.com/getkin/kin-openapi/openapi3/schema.go:2003.13,2004.58 1 0
github.com/getkin/kin-openapi/openapi3/schema.go:2005.15,2006.49 1 0
github.com/getkin/kin-openapi/openapi3/schema.go:2007.14,2008.49 1 0
github.com/getkin/kin-openapi/openapi3/schema.go:2009.13,2010.48 1 0
github.com/getkin/kin-openapi/openapi3/schema.go:2011.22,2012.49 1 0
github.com/getkin/kin-openapi/openapi3/schema.go:2013.19,2015.29 2 0
github.com/getkin/kin-openapi/openapi3/schema.go:2015.29,2016.33 1 0
github.com/getkin/kin-openapi/openapi3/schema.go:2016.33,2018.5 1 0
github.com/getkin/kin-openapi/openapi3/schema.go:2020.3,2020.32 1 0
github.com/getkin/kin-openapi/openapi3/schema.go:2020.32,2022.4 1 0
github.com/getkin/kin-openapi/openapi3/schema.go:2026.2,2026.51 1 0
github.com/getkin/kin-openapi/openapi3/schema.go:2026.51,2029.37 3 0
github.com/getkin/kin-openapi/openapi3/schema.go:2029.37,2031.4 1 0
github.com/getkin/kin-openapi/openapi3/schema.go:2032.3,2032.51 1 0
github.com/getkin/kin-openapi/openapi3/schema.go:2035.2,2041.3 1 0
github.com/getkin/kin-openapi/openapi3/schema.go:2044.101,2045.41 1 0
github.com/getkin/kin-openapi/openapi3/schema.go:2045.41,2046.26 1 0
github.com/getkin/kin-openapi/openapi3/schema.go:2046.26,2047.29 1 0
github.com/getkin/kin-openapi/openapi3/schema.go:2048.21,2050.64 2 0
github.com/getkin/kin-openapi/openapi3/schema.go:2050.64,2052.6 1 0
github.com/getkin/kin-openapi/openapi3/schema.go:2053.5,2053.15 1 0
github.com/getkin/kin-openapi/openapi3/schema.go:2053.15,2055.6 1 0
github.com/getkin/kin-openapi/openapi3/schema.go:2056.15,2057.24 1 0
github.com/getkin/kin-openapi/openapi3/schema.go:2057.24,2059.6 1 0
github.com/getkin/kin-openapi/openapi3/schema.go:2060.12,2061.36 1 0
github.com/getkin/kin-openapi/openapi3/schema.go:2061.36,2063.6 1 0
github.com/getkin/kin-openapi/openapi3/schema.go:2066.3,2066.24 1 0
github.com/getkin/kin-openapi/openapi3/schema.go:2066.24,2068.4 1 0
github.com/getkin/kin-openapi/openapi3/schema.go:2069.3,2076.4 2 0
github.com/getkin/kin-openapi/openapi3/schema.go:2078.2,2078.8 1 0
github.com/getkin/kin-openapi/openapi3/schema.go:2081.102,2082.25 1 0
github.com/getkin/kin-openapi/openapi3/schema.go:2082.25,2084.3 1 0
github.com/getkin/kin-openapi/openapi3/schema.go:2085.2,2086.27 2 0
github.com/getkin/kin-openapi/openapi3/schema.go:2087.19,2089.62 2 0
github.com/getkin/kin-openapi/openapi3/schema.go:2089.62,2091.4 1 0
github.com/getkin/kin-openapi/openapi3/schema.go:2092.3,2092.45 1 0
github.com/getkin/kin-openapi/openapi3/schema.go:2093.13,2094.54 1 0
github.com/getkin/kin-openapi/openapi3/schema.go:2095.10,2096.49 1 0
github.com/getkin/kin-openapi/openapi3/schema.go:2098.2,2098.12 1 0
github.com/getkin/kin-openapi/openapi3/schema.go:2098.12,2099.24 1 0
github.com/getkin/kin-openapi/openapi3/schema.go:2099.24,2101.4 1 0
github.com/getkin/kin-openapi/openapi3/schema.go:2102.3,2109.4 2 0
github.com/getkin/kin-openapi/openapi3/schema.go:2111.2,2111.8 1 0
github.com/getkin/kin-openapi/openapi3/schema.go:2114.100,2115.35 1 0
github.com/getkin/kin-openapi/openapi3/schema.go:2115.35,2117.15 2 0
github.com/getkin/kin-openapi/openapi3/schema.go:2117.15,2119.4 1 0
github.com/getkin/kin-openapi/openapi3/schema.go:2120.3,2120.54 1 0
github.com/getkin/kin-openapi/openapi3/schema.go:2120.54,2121.25 1 0
github.com/getkin/kin-openapi/openapi3/schema.go:2121.25,2123.5 1 0
github.com/getkin/kin-openapi/openapi3/schema.go:2124.4,2129.5 1 0
github.com/getkin/kin-openapi/openapi3/schema.go:2132.2,2132.8 1 0
github.com/getkin/kin-openapi/openapi3/schema.go:2139.74,2140.33 1 0
github.com/getkin/kin-openapi/openapi3/schema.go:2140.33,2142.3 1 0
github.com/getkin/kin-openapi/openapi3/schema.go:2143.2,2145.14 3 0
github.com/getkin/kin-openapi/openapi3/schema.go:2145.14,2147.3 1 0
github.com/getkin/kin-openapi/openapi3/schema.go:2148.2,2149.14 2 0
github.com/getkin/kin-openapi/openapi3/schema.go:2149.14,2155.3 1 0
github.com/getkin/kin-openapi/openapi3/schema.go:2157.2,2158.14 2 0
github.com/getkin/kin-openapi/openapi3/schema.go:2158.14,2165.3 1 0
github.com/getkin/kin-openapi/openapi3/schema.go:2167.2,2167.138 1 0
github.com/getkin/kin-openapi/openapi3/schema.go:2167.138,2174.3 1 0
github.com/getkin/kin-openapi/openapi3/schema.go:2174.8,2176.3 1 0
github.com/getkin/kin-openapi/openapi3/schema.go:2179.111,2181.35 2 0
github.com/getkin/kin-openapi/openapi3/schema.go:2181.35,2183.17 2 0
github.com/getkin/kin-openapi/openapi3/schema.go:2183.17,2185.4 1 0
github.com/getkin/kin-openapi/openapi3/schema.go:2187.3,2193.28 2 0
github.com/getkin/kin-openapi/openapi3/schema.go:2193.28,2195.16 2 0
github.com/getkin/kin-openapi/openapi3/schema.go:2195.16,2197.5 1 0
github.com/getkin/kin-openapi/openapi3/schema.go:2199.4,2199.62 1 0
github.com/getkin/kin-openapi/openapi3/schema.go:2199.62,2200.13 1 0
github.com/getkin/kin-openapi/openapi3/schema.go:2204.4,2204.40 1 0
github.com/getkin/kin-openapi/openapi3/schema.go:2204.40,2206.5 1 0
github.com/getkin/kin-openapi/openapi3/schema.go:2208.4,2208.59 1 0
github.com/getkin/kin-openapi/openapi3/schema.go:2208.59,2210.13 2 0
github.com/getkin/kin-openapi/openapi3/schema.go:2213.4,2214.8 2 0
github.com/getkin/kin-openapi/openapi3/schema.go:2217.3,2217.14 1 0
github.com/getkin/kin-openapi/openapi3/schema.go:2217.14,2218.25 1 0
github.com/getkin/kin-openapi/openapi3/schema.go:2218.25,2220.5 1 0
github.com/getkin/kin-openapi/openapi3/schema.go:2221.4,2227.14 2 0
github.com/getkin/kin-openapi/openapi3/schema.go:2227.14,2230.5 2 0
github.com/getkin/kin-openapi/openapi3/schema.go:2230.10,2233.5 2 0
github.com/getkin/kin-openapi/openapi3/schema.go:2235.4,2235.19 1 0
github.com/getkin/kin-openapi/openapi3/schema.go:2239.3,2239.39 1 0
github.com/getkin/kin-openapi/openapi3/schema.go:2239.39,2241.4 1 0
github.com/getkin/kin-openapi/openapi3/schema.go:2242.3,2242.22 1 0
github.com/getkin/kin-openapi/openapi3/schema.go:2245.2,2245.35 1 0
github.com/getkin/kin-openapi/openapi3/schema.go:2245.35,2247.17 2 0
github.com/getkin/kin-openapi/openapi3/schema.go:2247.17,2249.4 1 0
github.com/getkin/kin-openapi/openapi3/schema.go:2251.3,2256.28 2 0
github.com/getkin/kin-openapi/openapi3/schema.go:2256.28,2258.16 2 0
github.com/getkin/kin-openapi/openapi3/schema.go:2258.16,2260.5 1 0
github.com/getkin/kin-openapi/openapi3/schema.go:2262.4,2262.62 1 0
github.com/getkin/kin-openapi/openapi3/schema.go:2262.62,2263.13 1 0
github.com/getkin/kin-openapi/openapi3/schema.go:2267.4,2267.40 1 0
github.com/getkin/kin-openapi/openapi3/schema.go:2267.40,2269.5 1 0
github.com/getkin/kin-openapi/openapi3/schema.go:2270.4,2270.59 1 0
github.com/getkin/kin-openapi/openapi3/schema.go:2270.59,2273.10 3 0
github.com/getkin/kin-openapi/openapi3/schema.go:2276.3,2276.10 1 0
github.com/getkin/kin-openapi/openapi3/schema.go:2276.10,2277.25 1 0
github.com/getkin/kin-openapi/openapi3/schema.go:2277.25,2279.5 1 0
github.com/getkin/kin-openapi/openapi3/schema.go:2280.4,2286.12 1 0
github.com/getkin/kin-openapi/openapi3/schema.go:2289.3,2290.22 2 0
github.com/getkin/kin-openapi/openapi3/schema.go:2293.2,2294.36 2 0
github.com/getkin/kin-openapi/openapi3/schema.go:2294.36,2296.15 2 0
github.com/getkin/kin-openapi/openapi3/schema.go:2296.15,2298.4 1 0
github.com/getkin/kin-openapi/openapi3/schema.go:2299.3,2299.54 1 0
github.com/getkin/kin-openapi/openapi3/schema.go:2299.54,2300.25 1 0
github.com/getkin/kin-openapi/openapi3/schema.go:2300.25,2302.5 1 0
github.com/getkin/kin-openapi/openapi3/schema.go:2303.4,2303.52 1 0
github.com/getkin/kin-openapi/openapi3/schema.go:2305.3,2305.22 1 0
github.com/getkin/kin-openapi/openapi3/schema.go:2307.2,2307.31 1 0
github.com/getkin/kin-openapi/openapi3/schema.go:2307.31,2316.3 1 0
github.com/getkin/kin-openapi/openapi3/schema.go:2318.2,2319.8 2 0
github.com/getkin/kin-openapi/openapi3/schema.go:2326.85,2327.26 1 0
github.com/getkin/kin-openapi/openapi3/schema.go:2327.26,2329.3 1 0
github.com/getkin/kin-openapi/openapi3/schema.go:2330.2,2330.23 1 0
github.com/getkin/kin-openapi/openapi3/schema.go:2330.23,2332.3 1 0
github.com/getkin/kin-openapi/openapi3/schema.go:2333.2,2339.3 1 0
github.com/getkin/kin-openapi/openapi3/schema.go:2342.58,2345.2 2 0
github.com/getkin/kin-openapi/openapi3/schema.go:2347.100,2348.39 1 0
github.com/getkin/kin-openapi/openapi3/schema.go:2348.39,2350.3 1 0
github.com/getkin/kin-openapi/openapi3/schema.go:2351.2,2351.8 1 0
github.com/getkin/kin-openapi/openapi3/schema.go:2354.60,2357.2 2 0
github.com/getkin/kin-openapi/openapi3/schema.go:2359.96,2363.72 4 0
github.com/getkin/kin-openapi/openapi3/schema.go:2363.72,2365.57 2 0
github.com/getkin/kin-openapi/openapi3/schema.go:2365.57,2366.25 1 0
github.com/getkin/kin-openapi/openapi3/schema.go:2366.25,2368.5 1 0
github.com/getkin/kin-openapi/openapi3/schema.go:2369.4,2376.28 2 0
github.com/getkin/kin-openapi/openapi3/schema.go:2376.28,2378.5 1 0
github.com/getkin/kin-openapi/openapi3/schema.go:2379.4,2379.24 1 0
github.com/getkin/kin-openapi/openapi3/schema.go:2381.8,2381.81 1 0
github.com/getkin/kin-openapi/openapi3/schema.go:2381.81,2383.3 1 0
github.com/getkin/kin-openapi/openapi3/schema.go:2386.2,2389.18 4 0
github.com/getkin/kin-openapi/openapi3/schema.go:2389.18,2390.21 1 0
github.com/getkin/kin-openapi/openapi3/schema.go:2390.21,2393.11 2 0
github.com/getkin/kin-openapi/openapi3/schema.go:2393.11,2395.5 1 0
github.com/getkin/kin-openapi/openapi3/schema.go:2396.4,2396.10 1 0
github.com/getkin/kin-openapi/openapi3/schema.go:2396.10,2397.52 1 0
github.com/getkin/kin-openapi/openapi3/schema.go:2397.52,2400.36 3 0
github.com/getkin/kin-openapi/openapi3/schema.go:2400.36,2402.7 1 0
github.com/getkin/kin-openapi/openapi3/schema.go:2402.12,2404.7 1 0
github.com/getkin/kin-openapi/openapi3/schema.go:2405.6,2406.84 2 0
github.com/getkin/kin-openapi/openapi3/schema.go:2409.9,2412.11 2 0
github.com/getkin/kin-openapi/openapi3/schema.go:2412.11,2414.5 1 0
github.com/getkin/kin-openapi/openapi3/schema.go:2415.4,2415.10 1 0
github.com/getkin/kin-openapi/openapi3/schema.go:2415.10,2416.45 1 0
github.com/getkin/kin-openapi/openapi3/schema.go:2416.45,2419.36 3 0
github.com/getkin/kin-openapi/openapi3/schema.go:2419.36,2421.7 1 0
github.com/getkin/kin-openapi/openapi3/schema.go:2421.12,2423.7 1 0
github.com/getkin/kin-openapi/openapi3/schema.go:2424.6,2425.83 2 0
github.com/getkin/kin-openapi/openapi3/schema.go:2431.2,2431.44 1 0
github.com/getkin/kin-openapi/openapi3/schema.go:2431.44,2440.27 2 0
github.com/getkin/kin-openapi/openapi3/schema.go:2440.27,2442.4 1 0
github.com/getkin/kin-openapi/openapi3/schema.go:2443.3,2443.23 1 0
github.com/getkin/kin-openapi/openapi3/schema.go:2449.2,2449.43 1 0
github.com/getkin/kin-openapi/openapi3/schema.go:2449.43,2452.22 3 0
github.com/getkin/kin-openapi/openapi3/schema.go:2452.22,2456.4 2 0
github.com/getkin/kin-openapi/openapi3/schema.go:2456.9,2456.61 1 0
github.com/getkin/kin-openapi/openapi3/schema.go:2456.61,2460.4 2 0
github.com/getkin/kin-openapi/openapi3/schema.go:2460.9,2462.4 1 0
github.com/getkin/kin-openapi/openapi3/schema.go:2463.3,2463.13 1 0
github.com/getkin/kin-openapi/openapi3/schema.go:2463.13,2464.25 1 0
github.com/getkin/kin-openapi/openapi3/schema.go:2464.25,2466.5 1 0
github.com/getkin/kin-openapi/openapi3/schema.go:2467.4,2474.28 2 0
github.com/getkin/kin-openapi/openapi3/schema.go:2474.28,2476.5 1 0
github.com/getkin/kin-openapi/openapi3/schema.go:2477.4,2477.24 1 0
github.com/getkin/kin-openapi/openapi3/schema.go:2484.2,2484.43 1 0
github.com/getkin/kin-openapi/openapi3/schema.go:2484.43,2487.22 3 0
github.com/getkin/kin-openapi/openapi3/schema.go:2487.22,2491.4 2 0
github.com/getkin/kin-openapi/openapi3/schema.go:2491.9,2491.61 1 0
github.com/getkin/kin-openapi/openapi3/schema.go:2491.61,2495.4 2 0
github.com/getkin/kin-openapi/openapi3/schema.go:2495.9,2497.4 1 0
github.com/getkin/kin-openapi/openapi3/schema.go:2498.3,2498.13 1 0
github.com/getkin/kin-openapi/openapi3/schema.go:2498.13,2499.25 1 0
github.com/getkin/kin-openapi/openapi3/schema.go:2499.25,2501.5 1 0
github.com/getkin/kin-openapi/openapi3/schema.go:2502.4,2509.28 2 0
github.com/getkin/kin-openapi/openapi3/schema.go:2509.28,2511.5 1 0
github.com/getkin/kin-openapi/openapi3/schema.go:2512.4,2512.24 1 0
github.com/getkin/kin-openapi/openapi3/schema.go:2517.2,2517.49 1 0
github.com/getkin/kin-openapi/openapi3/schema.go:2517.49,2518.24 1 0
github.com/getkin/kin-openapi/openapi3/schema.go:2518.24,2520.4 1 0
github.com/getkin/kin-openapi/openapi3/schema.go:2521.3,2528.27 2 0
github.com/getkin/kin-openapi/openapi3/schema.go:2528.27,2530.4 1 0
github.com/getkin/kin-openapi/openapi3/schema.go:2531.3,2531.23 1 0
github.com/getkin/kin-openapi/openapi3/schema.go:2535.2,2535.49 1 0
github.com/getkin/kin-openapi/openapi3/schema.go:2535.49,2536.24 1 0
github.com/getkin/kin-openapi/openapi3/schema.go:2536.24,2538.4 1 0
github.com/getkin/kin-openapi/openapi3/schema.go:2539.3,2546.27 2 0
github.com/getkin/kin-openapi/openapi3/schema.go:2546.27,2548.4 1 0
github.com/getkin/kin-openapi/openapi3/schema.go:2549.3,2549.23 1 0
github.com/getkin/kin-openapi/openapi3/schema.go:2553.2,2553.38 1 0
github.com/getkin/kin-openapi/openapi3/schema.go:2553.38,2559.26 4 0
github.com/getkin/kin-openapi/openapi3/schema.go:2559.26,2560.25 1 0
github.com/getkin/kin-openapi/openapi3/schema.go:2560.25,2562.5 1 0
github.com/getkin/kin-openapi/openapi3/schema.go:2563.4,2570.28 2 0
github.com/getkin/kin-openapi/openapi3/schema.go:2570.28,2572.5 1 0
github.com/getkin/kin-openapi/openapi3/schema.go:2573.4,2573.24 1 0
github.com/getkin/kin-openapi/openapi3/schema.go:2577.2,2577.17 1 0
github.com/getkin/kin-openapi/openapi3/schema.go:2577.17,2579.3 1 0
github.com/getkin/kin-openapi/openapi3/schema.go:2581.2,2581.12 1 0
github.com/getkin/kin-openapi/openapi3/schema.go:2584.59,2587.2 2 0
github.com/getkin/kin-openapi/openapi3/schema.go:2589.95,2590.38 1 0
github.com/getkin/kin-openapi/openapi3/schema.go:2590.38,2592.3 1 0
github.com/getkin/kin-openapi/openapi3/schema.go:2594.2,2599.40 4 0
github.com/getkin/kin-openapi/openapi3/schema.go:2599.40,2602.27 2 0
github.com/getkin/kin-openapi/openapi3/schema.go:2602.27,2603.28 1 0
github.com/getkin/kin-openapi/openapi3/schema.go:2603.28,2605.5 1 0
github.com/getkin/kin-openapi/openapi3/schema.go:2605.10,2607.5 1 0
github.com/getkin/kin-openapi/openapi3/schema.go:2609.3,2609.50 1 0
github.com/getkin/kin-openapi/openapi3/schema.go:2609.50,2610.25 1 0
github.com/getkin/kin-openapi/openapi3/schema.go:2610.25,2612.5 1 0
github.com/getkin/kin-openapi/openapi3/schema.go:2613.4,2620.28 2 0
github.com/getkin/kin-openapi/openapi3/schema.go:2620.28,2622.5 1 0
github.com/getkin/kin-openapi/openapi3/schema.go:2623.4,2623.24 1 0
github.com/getkin/kin-openapi/openapi3/schema.go:2625.3,2625.53 1 0
github.com/getkin/kin-openapi/openapi3/schema.go:2625.53,2626.25 1 0
github.com/getkin/kin-openapi/openapi3/schema.go:2626.25,2628.5 1 0
github.com/getkin/kin-openapi/openapi3/schema.go:2629.4,2636.28 2 0
github.com/getkin/kin-openapi/openapi3/schema.go:2636.28,2638.5 1 0
github.com/getkin/kin-openapi/openapi3/schema.go:2639.4,2639.24 1 0
github.com/getkin/kin-openapi/openapi3/schema.go:2644.2,2644.65 1 0
github.com/getkin/kin-openapi/openapi3/schema.go:2644.65,2647.16 3 0
github.com/getkin/kin-openapi/openapi3/schema.go:2647.16,2649.75 2 0
github.com/getkin/kin-openapi/openapi3/schema.go:2649.75,2650.29 1 0
github.com/getkin/kin-openapi/openapi3/schema.go:2650.29,2652.6 1 0
github.com/getkin/kin-openapi/openapi3/schema.go:2653.5,2653.25 1 0
github.com/getkin/kin-openapi/openapi3/schema.go:2656.3,2656.29 1 0
github.com/getkin/kin-openapi/openapi3/schema.go:2656.29,2664.28 2 0
github.com/getkin/kin-openapi/openapi3/schema.go:2664.28,2666.5 1 0
github.com/getkin/kin-openapi/openapi3/schema.go:2667.4,2667.24 1 0
github.com/getkin/kin-openapi/openapi3/schema.go:2672.2,2674.43 3 0
github.com/getkin/kin-openapi/openapi3/schema.go:2674.43,2677.10 2 0
github.com/getkin/kin-openapi/openapi3/schema.go:2677.10,2679.4 1 0
github.com/getkin/kin-openapi/openapi3/schema.go:2680.3,2680.9 1 0
github.com/getkin/kin-openapi/openapi3/schema.go:2680.9,2681.44 1 0
github.com/getkin/kin-openapi/openapi3/schema.go:2681.44,2684.35 3 0
github.com/getkin/kin-openapi/openapi3/schema.go:2684.35,2686.6 1 0
github.com/getkin/kin-openapi/openapi3/schema.go:2686.11,2688.6 1 0
github.com/getkin/kin-openapi/openapi3/schema.go:2689.5,2690.82 2 0
github.com/getkin/kin-openapi/openapi3/schema.go:2694.2,2694.44 1 0
github.com/getkin/kin-openapi/openapi3/schema.go:2694.44,2703.27 2 0
github.com/getkin/kin-openapi/openapi3/schema.go:2703.27,2705.4 1 0
github.com/getkin/kin-openapi/openapi3/schema.go:2706.3,2706.23 1 0
github.com/getkin/kin-openapi/openapi3/schema.go:2710.2,2710.17 1 0
github.com/getkin/kin-openapi/openapi3/schema.go:2710.17,2712.3 1 0
github.com/getkin/kin-openapi/openapi3/schema.go:2714.2,2714.12 1 0
github.com/getkin/kin-openapi/openapi3/schema.go:2717.57,2720.2 2 0
github.com/getkin/kin-openapi/openapi3/schema.go:2722.93,2723.37 1 0
github.com/getkin/kin-openapi/openapi3/schema.go:2723.37,2725.3 1 0
github.com/getkin/kin-openapi/openapi3/schema.go:2727.2,2732.57 3 0
github.com/getkin/kin-openapi/openapi3/schema.go:2732.57,2733.24 1 0
github.com/getkin/kin-openapi/openapi3/schema.go:2733.24,2735.4 1 0
github.com/getkin/kin-openapi/openapi3/schema.go:2736.3,2743.27 2 0
github.com/getkin/kin-openapi/openapi3/schema.go:2743.27,2745.4 1 0
github.com/getkin/kin-openapi/openapi3/schema.go:2746.3,2746.23 1 0
github.com/getkin/kin-openapi/openapi3/schema.go:2750.2,2750.60 1 0
github.com/getkin/kin-openapi/openapi3/schema.go:2750.60,2751.24 1 0
github.com/getkin/kin-openapi/openapi3/schema.go:2751.24,2753.4 1 0
github.com/getkin/kin-openapi/openapi3/schema.go:2754.3,2761.27 2 0
github.com/getkin/kin-openapi/openapi3/schema.go:2761.27,2763.4 1 0
github.com/getkin/kin-openapi/openapi3/schema.go:2764.3,2764.23 1 0
github.com/getkin/kin-openapi/openapi3/schema.go:2768.2,2768.36 1 0
github.com/getkin/kin-openapi/openapi3/schema.go:2768.36,2770.3 1 0
github.com/getkin/kin-openapi/openapi3/schema.go:2771.2,2771.67 1 0
github.com/getkin/kin-openapi/openapi3/schema.go:2771.67,2772.24 1 0
github.com/getkin/kin-openapi/openapi3/schema.go:2772.24,2774.4 1 0
github.com/getkin/kin-openapi/openapi3/schema.go:2775.3,2782.27 2 0
github.com/getkin/kin-openapi/openapi3/schema.go:2782.27,2784.4 1 0
github.com/getkin/kin-openapi/openapi3/schema.go:2785.3,2785.23 1 0
github.com/getkin/kin-openapi/openapi3/schema.go:2789.2,2789.57 1 0
github.com/getkin/kin-openapi/openapi3/schema.go:2789.57,2791.24 2 0
github.com/getkin/kin-openapi/openapi3/schema.go:2791.24,2793.4 1 0
github.com/getkin/kin-openapi/openapi3/schema.go:2794.3,2794.30 1 0
github.com/getkin/kin-openapi/openapi3/schema.go:2794.30,2795.63 1 0
github.com/getkin/kin-openapi/openapi3/schema.go:2795.63,2797.29 2 0
github.com/getkin/kin-openapi/openapi3/schema.go:2797.29,2799.6 1 0
github.com/getkin/kin-openapi/openapi3/schema.go:2800.5,2800.43 1 0
github.com/getkin/kin-openapi/openapi3/schema.go:2800.43,2802.6 1 0
github.com/getkin/kin-openapi/openapi3/schema.go:2802.11,2804.6 1 0
github.com/getkin/kin-openapi/openapi3/schema.go:2809.2,2809.17 1 0
github.com/getkin/kin-openapi/openapi3/schema.go:2809.17,2811.3 1 0
github.com/getkin/kin-openapi/openapi3/schema.go:2813.2,2813.12 1 0
github.com/getkin/kin-openapi/openapi3/schema.go:2816.67,2819.2 2 0
github.com/getkin/kin-openapi/openapi3/schema.go:2821.103,2822.38 1 0
github.com/getkin/kin-openapi/openapi3/schema.go:2822.38,2824.3 1 0
github.com/getkin/kin-openapi/openapi3/schema.go:2826.2,2828.38 2 0
github.com/getkin/kin-openapi/openapi3/schema.go:2828.38,2829.62 1 0
github.com/getkin/kin-openapi/openapi3/schema.go:2829.62,2834.69 4 0
github.com/getkin/kin-openapi/openapi3/schema.go:2834.69,2835.74 1 0
github.com/getkin/kin-openapi/openapi3/schema.go:2835.74,2838.6 2 0
github.com/getkin/kin-openapi/openapi3/schema.go:2841.4,2841.30 1 0
github.com/getkin/kin-openapi/openapi3/schema.go:2841.30,2842.14 1 0
github.com/getkin/kin-openapi/openapi3/schema.go:2842.14,2844.6 1 0
github.com/getkin/kin-openapi/openapi3/schema.go:2844.11,2844.21 1 0
github.com/getkin/kin-openapi/openapi3/schema.go:2844.21,2846.6 1 0
github.com/getkin/kin-openapi/openapi3/schema.go:2852.2,2856.57 3 0
github.com/getkin/kin-openapi/openapi3/schema.go:2856.57,2857.24 1 0
github.com/getkin/kin-openapi/openapi3/schema.go:2857.24,2859.4 1 0
github.com/getkin/kin-openapi/openapi3/schema.go:2860.3,2867.27 2 0
github.com/getkin/kin-openapi/openapi3/schema.go:2867.27,2869.4 1 0
github.com/getkin/kin-openapi/openapi3/schema.go:2870.3,2870.23 1 0
github.com/getkin/kin-openapi/openapi3/schema.go:2874.2,2874.60 1 0
github.com/getkin/kin-openapi/openapi3/schema.go:2874.60,2875.24 1 0
github.com/getkin/kin-openapi/openapi3/schema.go:2875.24,2877.4 1 0
github.com/getkin/kin-openapi/openapi3/schema.go:2878.3,2885.27 2 0
github.com/getkin/kin-openapi/openapi3/schema.go:2885.27,2887.4 1 0
github.com/getkin/kin-openapi/openapi3/schema.go:2888.3,2888.23 1 0
github.com/getkin/kin-openapi/openapi3/schema.go:2892.2,2893.59 2 0
github.com/getkin/kin-openapi/openapi3/schema.go:2893.59,2895.3 1 0
github.com/getkin/kin-openapi/openapi3/schema.go:2896.2,2896.42 1 0
github.com/getkin/kin-openapi/openapi3/schema.go:2896.42,2898.24 2 0
github.com/getkin/kin-openapi/openapi3/schema.go:2898.24,2900.26 2 0
github.com/getkin/kin-openapi/openapi3/schema.go:2900.26,2902.17 2 0
github.com/getkin/kin-openapi/openapi3/schema.go:2902.17,2904.6 1 0
github.com/getkin/kin-openapi/openapi3/schema.go:2905.5,2905.52 1 0
github.com/getkin/kin-openapi/openapi3/schema.go:2905.52,2906.27 1 0
github.com/getkin/kin-openapi/openapi3/schema.go:2906.27,2908.7 1 0
github.com/getkin/kin-openapi/openapi3/schema.go:2909.6,2910.30 2 0
github.com/getkin/kin-openapi/openapi3/schema.go:2910.30,2912.7 1 0
github.com/getkin/kin-openapi/openapi3/schema.go:2913.6,2913.39 1 0
github.com/getkin/kin-openapi/openapi3/schema.go:2913.39,2915.15 2 0
github.com/getkin/kin-openapi/openapi3/schema.go:2917.6,2917.26 1 0
github.com/getkin/kin-openapi/openapi3/schema.go:2919.5,2919.13 1 0
github.com/getkin/kin-openapi/openapi3/schema.go:2922.3,2922.77 1 0
github.com/getkin/kin-openapi/openapi3/schema.go:2922.77,2923.35 1 0
github.com/getkin/kin-openapi/openapi3/schema.go:2923.35,2924.71 1 0
github.com/getkin/kin-openapi/openapi3/schema.go:2924.71,2925.27 1 0
github.com/getkin/kin-openapi/openapi3/schema.go:2925.27,2927.7 1 0
github.com/getkin/kin-openapi/openapi3/schema.go:2928.6,2929.30 2 0
github.com/getkin/kin-openapi/openapi3/schema.go:2929.30,2931.7 1 0
github.com/getkin/kin-openapi/openapi3/schema.go:2932.6,2932.39 1 0
github.com/getkin/kin-openapi/openapi3/schema.go:2932.39,2934.15 2 0
github.com/getkin/kin-openapi/openapi3/schema.go:2936.6,2936.26 1 0
github.com/getkin/kin-openapi/openapi3/schema.go:2939.4,2939.12 1 0
github.com/getkin/kin-openapi/openapi3/schema.go:2941.3,2941.24 1 0
github.com/getkin/kin-openapi/openapi3/schema.go:2941.24,2943.4 1 0
github.com/getkin/kin-openapi/openapi3/schema.go:2944.3,2951.27 2 0
github.com/getkin/kin-openapi/openapi3/schema.go:2951.27,2953.4 1 0
github.com/getkin/kin-openapi/openapi3/schema.go:2954.3,2954.23 1 0
github.com/getkin/kin-openapi/openapi3/schema.go:2958.2,2958.36 1 0
github.com/getkin/kin-openapi/openapi3/schema.go:2958.36,2959.29 1 0
github.com/getkin/kin-openapi/openapi3/schema.go:2959.29,2960.81 1 0
github.com/getkin/kin-openapi/openapi3/schema.go:2960.81,2961.13 1 0
github.com/getkin/kin-openapi/openapi3/schema.go:2963.4,2963.82 1 0
github.com/getkin/kin-openapi/openapi3/schema.go:2963.82,2964.13 1 0
github.com/getkin/kin-openapi/openapi3/schema.go:2966.4,2966.25 1 0
github.com/getkin/kin-openapi/openapi3/schema.go:2966.25,2968.5 1 0
github.com/getkin/kin-openapi/openapi3/schema.go:2969.4,2976.28 2 0
github.com/getkin/kin-openapi/openapi3/schema.go:2976.28,2978.5 1 0
github.com/getkin/kin-openapi/openapi3/schema.go:2979.4,2979.24 1 0
github.com/getkin/kin-openapi/openapi3/schema.go:2983.2,2983.17 1 0
github.com/getkin/kin-openapi/openapi3/schema.go:2983.17,2985.3 1 0
github.com/getkin/kin-openapi/openapi3/schema.go:2987.2,2987.12 1 0
github.com/getkin/kin-openapi/openapi3/schema.go:2990.89,2991.23 1 0
github.com/getkin/kin-openapi/openapi3/schema.go:2991.23,2993.3 1 0
github.com/getkin/kin-openapi/openapi3/schema.go:2995.2,2998.27 4 0
github.com/getkin/kin-openapi/openapi3/schema.go:2998.27,3000.12 2 0
github.com/getkin/kin-openapi/openapi3/schema.go:3001.43,3002.12 1 0
github.com/getkin/kin-openapi/openapi3/schema.go:3004.8,3007.3 2 0
github.com/getkin/kin-openapi/openapi3/schema.go:3008.2,3014.3 1 0
github.com/getkin/kin-openapi/openapi3/schema.go:3038.54,3040.37 1 0
github.com/getkin/kin-openapi/openapi3/schema.go:3040.37,3042.22 2 0
github.com/getkin/kin-openapi/openapi3/schema.go:3042.22,3043.62 1 0
github.com/getkin/kin-openapi/openapi3/schema.go:3043.62,3044.53 1 0
github.com/getkin/kin-openapi/openapi3/schema.go:3044.53,3046.6 1 0
github.com/getkin/kin-openapi/openapi3/schema.go:3047.5,3047.53 1 0
github.com/getkin/kin-openapi/openapi3/schema.go:3047.53,3049.6 1 0
github.com/getkin/kin-openapi/openapi3/schema.go:3052.3,3052.11 1 0
github.com/getkin/kin-openapi/openapi3/schema.go:3054.2,3054.35 1 0
github.com/getkin/kin-openapi/openapi3/schema.go:3054.35,3055.23 1 0
github.com/getkin/kin-openapi/openapi3/schema.go:3055.23,3057.4 1 0
github.com/getkin/kin-openapi/openapi3/schema.go:3058.3,3058.11 1 0
github.com/getkin/kin-openapi/openapi3/schema.go:3060.2,3060.12 1 0
github.com/getkin/kin-openapi/openapi3/schema.go:3063.55,3065.2 1 0
github.com/getkin/kin-openapi/openapi3/schema.go:3067.48,3070.81 3 0
github.com/getkin/kin-openapi/openapi3/schema.go:3070.81,3072.3 1 0
github.com/getkin/kin-openapi/openapi3/schema.go:3073.2,3073.13 1 0
github.com/getkin/kin-openapi/openapi3/schema.go:3076.40,3077.38 1 0
github.com/getkin/kin-openapi/openapi3/schema.go:3077.38,3078.55 1 0
github.com/getkin/kin-openapi/openapi3/schema.go:3078.55,3080.4 1 0
github.com/getkin/kin-openapi/openapi3/schema.go:3083.2,3085.30 2 0
github.com/getkin/kin-openapi/openapi3/schema.go:3085.30,3088.46 3 0
github.com/getkin/kin-openapi/openapi3/schema.go:3088.46,3091.4 2 0
github.com/getkin/kin-openapi/openapi3/schema.go:3092.3,3092.25 1 0
github.com/getkin/kin-openapi/openapi3/schema.go:3095.2,3095.23 1 0
github.com/getkin/kin-openapi/openapi3/schema.go:3095.23,3099.3 2 0
github.com/getkin/kin-openapi/openapi3/schema.go:3101.2,3102.18 2 0
github.com/getkin/kin-openapi/openapi3/schema.go:3102.18,3106.3 3 0
github.com/getkin/kin-openapi/openapi3/schema.go:3106.8,3108.3 1 0
github.com/getkin/kin-openapi/openapi3/schema.go:3110.2,3110.33 1 0
github.com/getkin/kin-openapi/openapi3/schema.go:3110.33,3114.52 4 0
github.com/getkin/kin-openapi/openapi3/schema.go:3114.52,3115.14 1 0
github.com/getkin/kin-openapi/openapi3/schema.go:3117.3,3118.51 2 0
github.com/getkin/kin-openapi/openapi3/schema.go:3118.51,3119.14 1 0
github.com/getkin/kin-openapi/openapi3/schema.go:3123.2,3123.21 1 0
github.com/getkin/kin-openapi/openapi3/schema.go:3126.39,3128.2 1 0
github.com/getkin/kin-openapi/openapi3/schema.go:3130.42,3133.23 3 0
github.com/getkin/kin-openapi/openapi3/schema.go:3133.23,3138.3 2 0
github.com/getkin/kin-openapi/openapi3/schema.go:3139.2,3139.20 1 0
github.com/getkin/kin-openapi/openapi3/schema.go:3153.66,3155.2 1 0
github.com/getkin/kin-openapi/openapi3/schema.go:3157.45,3159.2 1 0
github.com/getkin/kin-openapi/openapi3/schema.go:3162.64,3165.2 2 0
github.com/getkin/kin-openapi/openapi3/schema_formats.go:51.13,57.2 5 1
github.com/getkin/kin-openapi/openapi3/schema_formats.go:60.25,62.2 1 0
github.com/getkin/kin-openapi/openapi3/schema_formats.go:65.25,67.2 1 0
github.com/getkin/kin-openapi/openapi3/schema_formats.go:73.67,74.30 1 0
github.com/getkin/kin-openapi/openapi3/schema_formats.go:74.30,76.3 1 0
github.com/getkin/kin-openapi/openapi3/schema_formats.go:77.2,77.12 1 0
github.com/getkin/kin-openapi/openapi3/schema_formats.go:84.55,86.2 1 0
github.com/getkin/kin-openapi/openapi3/schema_formats.go:92.49,93.36 1 0
github.com/getkin/kin-openapi/openapi3/schema_formats.go:93.36,95.3 1 0
github.com/getkin/kin-openapi/openapi3/schema_formats.go:96.2,96.12 1 0
github.com/getkin/kin-openapi/openapi3/schema_formats.go:100.80,102.2 1 1
github.com/getkin/kin-openapi/openapi3/schema_formats.go:105.69,107.16 2 1
github.com/getkin/kin-openapi/openapi3/schema_formats.go:107.16,109.13 2 0
github.com/getkin/kin-openapi/openapi3/schema_formats.go:111.2,111.44 1 1
github.com/getkin/kin-openapi/openapi3/schema_formats.go:115.71,117.2 1 0
github.com/getkin/kin-openapi/openapi3/schema_formats.go:120.80,122.2 1 1
github.com/getkin/kin-openapi/openapi3/schema_formats.go:125.80,127.2 1 0
github.com/getkin/kin-openapi/openapi3/schema_formats.go:130.82,132.2 1 1
github.com/getkin/kin-openapi/openapi3/schema_formats.go:137.54,139.2 1 0
github.com/getkin/kin-openapi/openapi3/schema_formats.go:144.75,146.2 1 0
github.com/getkin/kin-openapi/openapi3/schema_formats.go:149.58,150.61 1 0
github.com/getkin/kin-openapi/openapi3/schema_formats.go:150.61,152.17 2 0
github.com/getkin/kin-openapi/openapi3/schema_formats.go:152.17,157.4 1 0
github.com/getkin/kin-openapi/openapi3/schema_formats.go:158.3,158.28 1 0
github.com/getkin/kin-openapi/openapi3/schema_formats.go:158.28,163.4 1 0
github.com/getkin/kin-openapi/openapi3/schema_formats.go:164.3,164.29 1 0
github.com/getkin/kin-openapi/openapi3/schema_formats.go:164.29,169.4 1 0
github.com/getkin/kin-openapi/openapi3/schema_formats.go:170.3,170.13 1 0
github.com/getkin/kin-openapi/openapi3/schema_jsonschema_validator.go:19.75,22.16 2 0
github.com/getkin/kin-openapi/openapi3/schema_jsonschema_validator.go:22.16,24.3 1 0
github.com/getkin/kin-openapi/openapi3/schema_jsonschema_validator.go:26.2,27.64 2 0
github.com/getkin/kin-openapi/openapi3/schema_jsonschema_validator.go:27.64,29.3 1 0
github.com/getkin/kin-openapi/openapi3/schema_jsonschema_validator.go:32.2,40.67 5 0
github.com/getkin/kin-openapi/openapi3/schema_jsonschema_validator.go:40.67,42.3 1 0
github.com/getkin/kin-openapi/openapi3/schema_jsonschema_validator.go:45.2,46.16 2 0
github.com/getkin/kin-openapi/openapi3/schema_jsonschema_validator.go:46.16,48.3 1 0
github.com/getkin/kin-openapi/openapi3/schema_jsonschema_validator.go:50.2,53.8 1 0
github.com/getkin/kin-openapi/openapi3/schema_jsonschema_validator.go:57.58,60.63 1 0
github.com/getkin/kin-openapi/openapi3/schema_jsonschema_validator.go:60.63,61.49 1 0
github.com/getkin/kin-openapi/openapi3/schema_jsonschema_validator.go:61.49,64.4 1 0
github.com/getkin/kin-openapi/openapi3/schema_jsonschema_validator.go:64.9,64.52 1 0
github.com/getkin/kin-openapi/openapi3/schema_jsonschema_validator.go:64.52,67.4 1 0
github.com/getkin/kin-openapi/openapi3/schema_jsonschema_validator.go:68.3,68.29 1 0
github.com/getkin/kin-openapi/openapi3/schema_jsonschema_validator.go:74.2,74.63 1 0
github.com/getkin/kin-openapi/openapi3/schema_jsonschema_validator.go:74.63,75.19 1 0
github.com/getkin/kin-openapi/openapi3/schema_jsonschema_validator.go:75.19,76.56 1 0
github.com/getkin/kin-openapi/openapi3/schema_jsonschema_validator.go:76.56,79.5 2 0
github.com/getkin/kin-openapi/openapi3/schema_jsonschema_validator.go:79.10,81.5 1 0
github.com/getkin/kin-openapi/openapi3/schema_jsonschema_validator.go:82.9,85.4 1 0
github.com/getkin/kin-openapi/openapi3/schema_jsonschema_validator.go:87.2,87.63 1 0
github.com/getkin/kin-openapi/openapi3/schema_jsonschema_validator.go:87.63,88.19 1 0
github.com/getkin/kin-openapi/openapi3/schema_jsonschema_validator.go:88.19,89.56 1 0
github.com/getkin/kin-openapi/openapi3/schema_jsonschema_validator.go:89.56,92.5 2 0
github.com/getkin/kin-openapi/openapi3/schema_jsonschema_validator.go:92.10,94.5 1 0
github.com/getkin/kin-openapi/openapi3/schema_jsonschema_validator.go:95.9,98.4 1 0
github.com/getkin/kin-openapi/openapi3/schema_jsonschema_validator.go:102.2,113.4 5 0
github.com/getkin/kin-openapi/openapi3/schema_jsonschema_validator.go:113.4,114.33 1 0
github.com/getkin/kin-openapi/openapi3/schema_jsonschema_validator.go:114.33,115.52 1 0
github.com/getkin/kin-openapi/openapi3/schema_jsonschema_validator.go:115.52,117.5 1 0
github.com/getkin/kin-openapi/openapi3/schema_jsonschema_validator.go:122.2,122.73 1 0
github.com/getkin/kin-openapi/openapi3/schema_jsonschema_validator.go:122.73,123.41 1 0
github.com/getkin/kin-openapi/openapi3/schema_jsonschema_validator.go:123.41,124.29 1 0
github.com/getkin/kin-openapi/openapi3/schema_jsonschema_validator.go:124.29,125.54 1 0
github.com/getkin/kin-openapi/openapi3/schema_jsonschema_validator.go:125.54,127.6 1 0
github.com/getkin/kin-openapi/openapi3/schema_jsonschema_validator.go:133.2,133.95 1 0
github.com/getkin/kin-openapi/openapi3/schema_jsonschema_validator.go:133.95,134.52 1 0
github.com/getkin/kin-openapi/openapi3/schema_jsonschema_validator.go:134.52,135.34 1 0
github.com/getkin/kin-openapi/openapi3/schema_jsonschema_validator.go:135.34,136.55 1 0
github.com/getkin/kin-openapi/openapi3/schema_jsonschema_validator.go:136.55,138.6 1 0
github.com/getkin/kin-openapi/openapi3/schema_jsonschema_validator.go:145.57,146.49 1 0
github.com/getkin/kin-openapi/openapi3/schema_jsonschema_validator.go:146.49,149.3 1 0
github.com/getkin/kin-openapi/openapi3/schema_jsonschema_validator.go:150.2,150.12 1 0
github.com/getkin/kin-openapi/openapi3/schema_jsonschema_validator.go:154.46,159.36 2 0
github.com/getkin/kin-openapi/openapi3/schema_jsonschema_validator.go:159.36,161.3 1 0
github.com/getkin/kin-openapi/openapi3/schema_jsonschema_validator.go:162.2,162.12 1 0
github.com/getkin/kin-openapi/openapi3/schema_jsonschema_validator.go:166.87,169.37 2 0
github.com/getkin/kin-openapi/openapi3/schema_jsonschema_validator.go:169.37,171.3 1 0
github.com/getkin/kin-openapi/openapi3/schema_jsonschema_validator.go:171.8,171.24 1 0
github.com/getkin/kin-openapi/openapi3/schema_jsonschema_validator.go:171.24,173.3 1 0
github.com/getkin/kin-openapi/openapi3/schema_jsonschema_validator.go:176.2,177.16 2 0
github.com/getkin/kin-openapi/openapi3/schema_jsonschema_validator.go:177.16,179.3 1 0
github.com/getkin/kin-openapi/openapi3/schema_jsonschema_validator.go:180.2,183.26 2 0
github.com/getkin/kin-openapi/openapi3/schema_jsonschema_validator.go:183.26,185.37 2 0
github.com/getkin/kin-openapi/openapi3/schema_jsonschema_validator.go:185.37,186.67 1 0
github.com/getkin/kin-openapi/openapi3/schema_jsonschema_validator.go:186.67,188.5 1 0
github.com/getkin/kin-openapi/openapi3/schema_jsonschema_validator.go:190.3,190.25 1 0
github.com/getkin/kin-openapi/openapi3/schema_jsonschema_validator.go:190.25,195.4 1 0
github.com/getkin/kin-openapi/openapi3/schema_jsonschema_validator.go:198.2,200.3 1 0
github.com/getkin/kin-openapi/openapi3/schema_jsonschema_validator.go:204.94,206.16 2 0
github.com/getkin/kin-openapi/openapi3/schema_jsonschema_validator.go:206.16,209.3 1 0
github.com/getkin/kin-openapi/openapi3/schema_jsonschema_validator.go:211.2,211.34 1 0
github.com/getkin/kin-openapi/openapi3/schema_pattern.go:11.37,13.2 1 0
github.com/getkin/kin-openapi/openapi3/schema_pattern.go:16.88,18.14 2 0
github.com/getkin/kin-openapi/openapi3/schema_pattern.go:18.14,20.3 1 0
github.com/getkin/kin-openapi/openapi3/schema_pattern.go:20.8,22.3 1 0
github.com/getkin/kin-openapi/openapi3/schema_pattern.go:23.2,23.16 1 0
github.com/getkin/kin-openapi/openapi3/schema_pattern.go:23.16,32.3 3 0
github.com/getkin/kin-openapi/openapi3/schema_pattern.go:34.2,35.8 2 0
github.com/getkin/kin-openapi/openapi3/schema_validation_settings.go:40.40,41.43 1 0
github.com/getkin/kin-openapi/openapi3/schema_validation_settings.go:41.43,41.64 1 0
github.com/getkin/kin-openapi/openapi3/schema_validation_settings.go:44.43,45.43 1 0
github.com/getkin/kin-openapi/openapi3/schema_validation_settings.go:45.43,45.66 1 0
github.com/getkin/kin-openapi/openapi3/schema_validation_settings.go:48.46,49.43 1 0
github.com/getkin/kin-openapi/openapi3/schema_validation_settings.go:49.43,49.77 1 0
github.com/getkin/kin-openapi/openapi3/schema_validation_settings.go:52.47,53.43 1 0
github.com/getkin/kin-openapi/openapi3/schema_validation_settings.go:53.43,53.77 1 0
github.com/getkin/kin-openapi/openapi3/schema_validation_settings.go:57.54,58.43 1 0
github.com/getkin/kin-openapi/openapi3/schema_validation_settings.go:58.43,58.79 1 0
github.com/getkin/kin-openapi/openapi3/schema_validation_settings.go:62.56,63.43 1 0
github.com/getkin/kin-openapi/openapi3/schema_validation_settings.go:63.43,63.81 1 0
github.com/getkin/kin-openapi/openapi3/schema_validation_settings.go:67.57,68.43 1 0
github.com/getkin/kin-openapi/openapi3/schema_validation_settings.go:68.43,68.82 1 0
github.com/getkin/kin-openapi/openapi3/schema_validation_settings.go:72.58,73.43 1 0
github.com/getkin/kin-openapi/openapi3/schema_validation_settings.go:73.43,73.83 1 0
github.com/getkin/kin-openapi/openapi3/schema_validation_settings.go:77.51,78.43 1 0
github.com/getkin/kin-openapi/openapi3/schema_validation_settings.go:78.43,78.64 1 0
github.com/getkin/kin-openapi/openapi3/schema_validation_settings.go:83.94,84.43 1 0
github.com/getkin/kin-openapi/openapi3/schema_validation_settings.go:84.43,84.74 1 0
github.com/getkin/kin-openapi/openapi3/schema_validation_settings.go:88.73,89.43 1 0
github.com/getkin/kin-openapi/openapi3/schema_validation_settings.go:89.43,89.66 1 0
github.com/getkin/kin-openapi/openapi3/schema_validation_settings.go:95.101,96.43 1 0
github.com/getkin/kin-openapi/openapi3/schema_validation_settings.go:96.43,98.3 1 0
github.com/getkin/kin-openapi/openapi3/schema_validation_settings.go:104.101,105.43 1 0
github.com/getkin/kin-openapi/openapi3/schema_validation_settings.go:105.43,106.29 1 0
github.com/getkin/kin-openapi/openapi3/schema_validation_settings.go:106.29,108.4 1 0
github.com/getkin/kin-openapi/openapi3/schema_validation_settings.go:109.3,109.36 1 0
github.com/getkin/kin-openapi/openapi3/schema_validation_settings.go:116.101,117.43 1 0
github.com/getkin/kin-openapi/openapi3/schema_validation_settings.go:117.43,119.3 1 0
github.com/getkin/kin-openapi/openapi3/schema_validation_settings.go:125.101,126.43 1 0
github.com/getkin/kin-openapi/openapi3/schema_validation_settings.go:126.43,127.29 1 0
github.com/getkin/kin-openapi/openapi3/schema_validation_settings.go:127.29,129.4 1 0
github.com/getkin/kin-openapi/openapi3/schema_validation_settings.go:130.3,130.36 1 0
github.com/getkin/kin-openapi/openapi3/schema_validation_settings.go:137.103,138.43 1 0
github.com/getkin/kin-openapi/openapi3/schema_validation_settings.go:138.43,140.3 1 0
github.com/getkin/kin-openapi/openapi3/schema_validation_settings.go:146.103,147.43 1 0
github.com/getkin/kin-openapi/openapi3/schema_validation_settings.go:147.43,148.30 1 0
github.com/getkin/kin-openapi/openapi3/schema_validation_settings.go:148.30,150.4 1 0
github.com/getkin/kin-openapi/openapi3/schema_validation_settings.go:151.3,151.37 1 0
github.com/getkin/kin-openapi/openapi3/schema_validation_settings.go:158.52,159.43 1 0
github.com/getkin/kin-openapi/openapi3/schema_validation_settings.go:159.43,159.73 1 0
github.com/getkin/kin-openapi/openapi3/schema_validation_settings.go:162.92,164.27 2 0
github.com/getkin/kin-openapi/openapi3/schema_validation_settings.go:164.27,166.3 1 0
github.com/getkin/kin-openapi/openapi3/schema_validation_settings.go:167.2,167.17 1 0
github.com/getkin/kin-openapi/openapi3/security_requirements.go:9.54,11.2 1 0
github.com/getkin/kin-openapi/openapi3/security_requirements.go:13.102,16.2 2 0
github.com/getkin/kin-openapi/openapi3/security_requirements.go:19.95,22.31 2 0
github.com/getkin/kin-openapi/openapi3/security_requirements.go:22.31,23.48 1 0
github.com/getkin/kin-openapi/openapi3/security_requirements.go:23.48,25.4 1 0
github.com/getkin/kin-openapi/openapi3/security_requirements.go:27.2,27.12 1 0
github.com/getkin/kin-openapi/openapi3/security_requirements.go:34.51,36.2 1 0
github.com/getkin/kin-openapi/openapi3/security_requirements.go:38.105,39.22 1 0
github.com/getkin/kin-openapi/openapi3/security_requirements.go:39.22,41.3 1 0
github.com/getkin/kin-openapi/openapi3/security_requirements.go:42.2,43.17 2 0
github.com/getkin/kin-openapi/openapi3/security_requirements.go:47.100,51.2 1 0
github.com/getkin/kin-openapi/openapi3/security_requirements.go:54.77,57.2 2 1
github.com/getkin/kin-openapi/openapi3/security_scheme.go:29.42,31.2 1 0
github.com/getkin/kin-openapi/openapi3/security_scheme.go:33.46,39.2 1 0
github.com/getkin/kin-openapi/openapi3/security_scheme.go:41.60,46.2 1 0
github.com/getkin/kin-openapi/openapi3/security_scheme.go:48.45,54.2 1 0
github.com/getkin/kin-openapi/openapi3/security_scheme.go:57.56,59.16 2 0
github.com/getkin/kin-openapi/openapi3/security_scheme.go:59.16,61.3 1 0
github.com/getkin/kin-openapi/openapi3/security_scheme.go:62.2,62.24 1 0
github.com/getkin/kin-openapi/openapi3/security_scheme.go:66.53,69.27 3 0
github.com/getkin/kin-openapi/openapi3/security_scheme.go:69.27,71.3 1 0
github.com/getkin/kin-openapi/openapi3/security_scheme.go:72.2,72.34 1 0
github.com/getkin/kin-openapi/openapi3/security_scheme.go:72.34,74.3 1 0
github.com/getkin/kin-openapi/openapi3/security_scheme.go:75.2,75.27 1 0
github.com/getkin/kin-openapi/openapi3/security_scheme.go:75.27,77.3 1 0
github.com/getkin/kin-openapi/openapi3/security_scheme.go:78.2,78.25 1 0
github.com/getkin/kin-openapi/openapi3/security_scheme.go:78.25,80.3 1 0
github.com/getkin/kin-openapi/openapi3/security_scheme.go:81.2,81.29 1 0
github.com/getkin/kin-openapi/openapi3/security_scheme.go:81.29,83.3 1 0
github.com/getkin/kin-openapi/openapi3/security_scheme.go:84.2,84.35 1 0
github.com/getkin/kin-openapi/openapi3/security_scheme.go:84.35,86.3 1 0
github.com/getkin/kin-openapi/openapi3/security_scheme.go:87.2,87.29 1 0
github.com/getkin/kin-openapi/openapi3/security_scheme.go:87.29,89.3 1 0
github.com/getkin/kin-openapi/openapi3/security_scheme.go:90.2,90.39 1 0
github.com/getkin/kin-openapi/openapi3/security_scheme.go:90.39,92.3 1 0
github.com/getkin/kin-openapi/openapi3/security_scheme.go:93.2,93.15 1 0
github.com/getkin/kin-openapi/openapi3/security_scheme.go:97.60,100.49 3 1
github.com/getkin/kin-openapi/openapi3/security_scheme.go:100.49,102.3 1 0
github.com/getkin/kin-openapi/openapi3/security_scheme.go:103.2,112.28 10 1
github.com/getkin/kin-openapi/openapi3/security_scheme.go:112.28,114.3 1 1
github.com/getkin/kin-openapi/openapi3/security_scheme.go:115.2,116.12 2 1
github.com/getkin/kin-openapi/openapi3/security_scheme.go:119.66,122.2 2 0
github.com/getkin/kin-openapi/openapi3/security_scheme.go:124.73,127.2 2 0
github.com/getkin/kin-openapi/openapi3/security_scheme.go:129.66,132.2 2 0
github.com/getkin/kin-openapi/openapi3/security_scheme.go:134.64,137.2 2 0
github.com/getkin/kin-openapi/openapi3/security_scheme.go:139.68,142.2 2 0
github.com/getkin/kin-openapi/openapi3/security_scheme.go:144.74,147.2 2 0
github.com/getkin/kin-openapi/openapi3/security_scheme.go:150.89,156.17 5 1
github.com/getkin/kin-openapi/openapi3/security_scheme.go:157.16,158.15 1 0
github.com/getkin/kin-openapi/openapi3/security_scheme.go:159.14,161.17 2 1
github.com/getkin/kin-openapi/openapi3/security_scheme.go:162.17,163.26 1 1
github.com/getkin/kin-openapi/openapi3/security_scheme.go:164.39,164.39 0 0
github.com/getkin/kin-openapi/openapi3/security_scheme.go:165.11,166.50 1 0
github.com/getkin/kin-openapi/openapi3/security_scheme.go:168.16,169.17 1 0
github.com/getkin/kin-openapi/openapi3/security_scheme.go:170.23,171.32 1 0
github.com/getkin/kin-openapi/openapi3/security_scheme.go:171.32,173.4 1 0
github.com/getkin/kin-openapi/openapi3/security_scheme.go:174.19,175.52 1 0
github.com/getkin/kin-openapi/openapi3/security_scheme.go:175.52,177.4 1 0
github.com/getkin/kin-openapi/openapi3/security_scheme.go:178.10,179.58 1 0
github.com/getkin/kin-openapi/openapi3/security_scheme.go:183.2,183.11 1 1
github.com/getkin/kin-openapi/openapi3/security_scheme.go:183.11,184.16 1 0
github.com/getkin/kin-openapi/openapi3/security_scheme.go:185.36,185.36 0 0
github.com/getkin/kin-openapi/openapi3/security_scheme.go:186.11,187.47 1 0
github.com/getkin/kin-openapi/openapi3/security_scheme.go:189.3,189.20 1 0
github.com/getkin/kin-openapi/openapi3/security_scheme.go:189.20,191.4 1 0
github.com/getkin/kin-openapi/openapi3/security_scheme.go:192.8,192.27 1 1
github.com/getkin/kin-openapi/openapi3/security_scheme.go:192.27,194.3 1 0
github.com/getkin/kin-openapi/openapi3/security_scheme.go:194.8,194.29 1 1
github.com/getkin/kin-openapi/openapi3/security_scheme.go:194.29,196.3 1 0
github.com/getkin/kin-openapi/openapi3/security_scheme.go:200.2,200.50 1 1
github.com/getkin/kin-openapi/openapi3/security_scheme.go:200.50,202.3 1 0
github.com/getkin/kin-openapi/openapi3/security_scheme.go:205.2,205.13 1 1
github.com/getkin/kin-openapi/openapi3/security_scheme.go:205.13,207.18 2 0
github.com/getkin/kin-openapi/openapi3/security_scheme.go:207.18,209.4 1 0
github.com/getkin/kin-openapi/openapi3/security_scheme.go:210.3,210.44 1 0
github.com/getkin/kin-openapi/openapi3/security_scheme.go:210.44,212.4 1 0
github.com/getkin/kin-openapi/openapi3/security_scheme.go:213.8,213.28 1 1
github.com/getkin/kin-openapi/openapi3/security_scheme.go:213.28,215.3 1 0
github.com/getkin/kin-openapi/openapi3/security_scheme.go:217.2,217.58 1 1
github.com/getkin/kin-openapi/openapi3/security_scheme.go:242.55,244.16 2 0
github.com/getkin/kin-openapi/openapi3/security_scheme.go:244.16,246.3 1 0
github.com/getkin/kin-openapi/openapi3/security_scheme.go:247.2,247.24 1 0
github.com/getkin/kin-openapi/openapi3/security_scheme.go:251.52,254.35 3 0
github.com/getkin/kin-openapi/openapi3/security_scheme.go:254.35,256.3 1 0
github.com/getkin/kin-openapi/openapi3/security_scheme.go:257.2,257.35 1 0
github.com/getkin/kin-openapi/openapi3/security_scheme.go:257.35,259.3 1 0
github.com/getkin/kin-openapi/openapi3/security_scheme.go:260.2,260.44 1 0
github.com/getkin/kin-openapi/openapi3/security_scheme.go:260.44,262.3 1 0
github.com/getkin/kin-openapi/openapi3/security_scheme.go:263.2,263.44 1 0
github.com/getkin/kin-openapi/openapi3/security_scheme.go:263.44,265.3 1 0
github.com/getkin/kin-openapi/openapi3/security_scheme.go:266.2,266.15 1 0
github.com/getkin/kin-openapi/openapi3/security_scheme.go:270.59,273.49 3 0
github.com/getkin/kin-openapi/openapi3/security_scheme.go:273.49,275.3 1 0
github.com/getkin/kin-openapi/openapi3/security_scheme.go:276.2,281.28 6 0
github.com/getkin/kin-openapi/openapi3/security_scheme.go:281.28,283.3 1 0
github.com/getkin/kin-openapi/openapi3/security_scheme.go:284.2,285.12 2 0
github.com/getkin/kin-openapi/openapi3/security_scheme.go:289.88,292.35 2 0
github.com/getkin/kin-openapi/openapi3/security_scheme.go:292.35,293.73 1 0
github.com/getkin/kin-openapi/openapi3/security_scheme.go:293.73,295.4 1 0
github.com/getkin/kin-openapi/openapi3/security_scheme.go:298.2,298.35 1 0
github.com/getkin/kin-openapi/openapi3/security_scheme.go:298.35,299.73 1 0
github.com/getkin/kin-openapi/openapi3/security_scheme.go:299.73,301.4 1 0
github.com/getkin/kin-openapi/openapi3/security_scheme.go:304.2,304.44 1 0
github.com/getkin/kin-openapi/openapi3/security_scheme.go:304.44,305.82 1 0
github.com/getkin/kin-openapi/openapi3/security_scheme.go:305.82,307.4 1 0
github.com/getkin/kin-openapi/openapi3/security_scheme.go:310.2,310.44 1 0
github.com/getkin/kin-openapi/openapi3/security_scheme.go:310.44,311.78 1 0
github.com/getkin/kin-openapi/openapi3/security_scheme.go:311.78,313.4 1 0
github.com/getkin/kin-openapi/openapi3/security_scheme.go:316.2,316.64 1 0
github.com/getkin/kin-openapi/openapi3/security_scheme.go:332.53,334.16 2 0
github.com/getkin/kin-openapi/openapi3/security_scheme.go:334.16,336.3 1 0
github.com/getkin/kin-openapi/openapi3/security_scheme.go:337.2,337.24 1 0
github.com/getkin/kin-openapi/openapi3/security_scheme.go:341.50,344.41 3 0
github.com/getkin/kin-openapi/openapi3/security_scheme.go:344.41,346.3 1 0
github.com/getkin/kin-openapi/openapi3/security_scheme.go:347.2,347.33 1 0
github.com/getkin/kin-openapi/openapi3/security_scheme.go:347.33,349.3 1 0
github.com/getkin/kin-openapi/openapi3/security_scheme.go:350.2,350.35 1 0
github.com/getkin/kin-openapi/openapi3/security_scheme.go:350.35,352.3 1 0
github.com/getkin/kin-openapi/openapi3/security_scheme.go:353.2,354.15 2 0
github.com/getkin/kin-openapi/openapi3/security_scheme.go:358.57,361.49 3 0
github.com/getkin/kin-openapi/openapi3/security_scheme.go:361.49,363.3 1 0
github.com/getkin/kin-openapi/openapi3/security_scheme.go:364.2,370.28 6 0
github.com/getkin/kin-openapi/openapi3/security_scheme.go:370.28,372.3 1 0
github.com/getkin/kin-openapi/openapi3/security_scheme.go:373.2,374.12 2 0
github.com/getkin/kin-openapi/openapi3/security_scheme.go:378.86,381.35 2 0
github.com/getkin/kin-openapi/openapi3/security_scheme.go:381.35,382.41 1 0
github.com/getkin/kin-openapi/openapi3/security_scheme.go:382.41,384.4 1 0
github.com/getkin/kin-openapi/openapi3/security_scheme.go:387.2,387.24 1 0
github.com/getkin/kin-openapi/openapi3/security_scheme.go:387.24,389.3 1 0
github.com/getkin/kin-openapi/openapi3/security_scheme.go:391.2,391.62 1 0
github.com/getkin/kin-openapi/openapi3/security_scheme.go:394.105,397.46 2 0
github.com/getkin/kin-openapi/openapi3/security_scheme.go:397.46,399.3 1 0
github.com/getkin/kin-openapi/openapi3/security_scheme.go:401.2,401.75 1 0
github.com/getkin/kin-openapi/openapi3/security_scheme.go:401.75,402.10 1 0
github.com/getkin/kin-openapi/openapi3/security_scheme.go:403.42,404.60 1 0
github.com/getkin/kin-openapi/openapi3/security_scheme.go:405.43,406.61 1 0
github.com/getkin/kin-openapi/openapi3/security_scheme.go:407.36,408.62 1 0
github.com/getkin/kin-openapi/openapi3/security_scheme.go:408.62,410.5 1 0
github.com/getkin/kin-openapi/openapi3/security_scheme.go:414.2,414.107 1 0
github.com/getkin/kin-openapi/openapi3/security_scheme.go:414.107,415.10 1 0
github.com/getkin/kin-openapi/openapi3/security_scheme.go:416.34,417.52 1 0
github.com/getkin/kin-openapi/openapi3/security_scheme.go:418.35,419.53 1 0
github.com/getkin/kin-openapi/openapi3/security_scheme.go:420.28,421.54 1 0
github.com/getkin/kin-openapi/openapi3/security_scheme.go:421.54,423.5 1 0
github.com/getkin/kin-openapi/openapi3/security_scheme.go:427.2,427.36 1 0
github.com/getkin/kin-openapi/openapi3/security_scheme.go:431.80,434.2 2 1
github.com/getkin/kin-openapi/openapi3/server.go:16.86,20.28 3 0
github.com/getkin/kin-openapi/openapi3/server.go:20.28,21.50 1 0
github.com/getkin/kin-openapi/openapi3/server.go:21.50,23.4 1 0
github.com/getkin/kin-openapi/openapi3/server.go:25.2,25.20 1 0
github.com/getkin/kin-openapi/openapi3/server.go:29.51,30.33 1 0
github.com/getkin/kin-openapi/openapi3/server.go:30.33,32.3 1 0
github.com/getkin/kin-openapi/openapi3/server.go:33.2,33.17 1 0
github.com/getkin/kin-openapi/openapi3/server.go:36.81,38.49 2 0
github.com/getkin/kin-openapi/openapi3/server.go:38.49,40.3 1 0
github.com/getkin/kin-openapi/openapi3/server.go:41.2,41.33 1 0
github.com/getkin/kin-openapi/openapi3/server.go:41.33,43.9 2 0
github.com/getkin/kin-openapi/openapi3/server.go:43.9,45.4 1 0
github.com/getkin/kin-openapi/openapi3/server.go:47.2,47.21 1 0
github.com/getkin/kin-openapi/openapi3/server.go:63.50,64.19 1 0
github.com/getkin/kin-openapi/openapi3/server.go:64.19,66.3 1 0
github.com/getkin/kin-openapi/openapi3/server.go:68.2,69.56 2 0
github.com/getkin/kin-openapi/openapi3/server.go:69.56,71.3 1 0
github.com/getkin/kin-openapi/openapi3/server.go:73.2,74.16 2 0
github.com/getkin/kin-openapi/openapi3/server.go:74.16,76.3 1 0
github.com/getkin/kin-openapi/openapi3/server.go:78.2,78.28 1 0
github.com/getkin/kin-openapi/openapi3/server.go:78.28,80.3 1 0
github.com/getkin/kin-openapi/openapi3/server.go:82.2,82.17 1 0
github.com/getkin/kin-openapi/openapi3/server.go:86.52,88.16 2 0
github.com/getkin/kin-openapi/openapi3/server.go:88.16,90.3 1 0
github.com/getkin/kin-openapi/openapi3/server.go:91.2,91.24 1 0
github.com/getkin/kin-openapi/openapi3/server.go:95.49,99.38 4 0
github.com/getkin/kin-openapi/openapi3/server.go:99.38,101.3 1 0
github.com/getkin/kin-openapi/openapi3/server.go:102.2,102.40 1 0
github.com/getkin/kin-openapi/openapi3/server.go:102.40,104.3 1 0
github.com/getkin/kin-openapi/openapi3/server.go:105.2,105.15 1 0
github.com/getkin/kin-openapi/openapi3/server.go:109.56,112.49 3 0
github.com/getkin/kin-openapi/openapi3/server.go:112.49,114.3 1 0
github.com/getkin/kin-openapi/openapi3/server.go:115.2,119.28 5 0
github.com/getkin/kin-openapi/openapi3/server.go:119.28,121.3 1 0
github.com/getkin/kin-openapi/openapi3/server.go:122.2,124.12 3 0
github.com/getkin/kin-openapi/openapi3/server.go:127.57,130.23 3 0
github.com/getkin/kin-openapi/openapi3/server.go:130.23,132.12 2 0
github.com/getkin/kin-openapi/openapi3/server.go:132.12,133.9 1 0
github.com/getkin/kin-openapi/openapi3/server.go:135.3,137.12 3 0
github.com/getkin/kin-openapi/openapi3/server.go:137.12,139.4 1 0
github.com/getkin/kin-openapi/openapi3/server.go:140.3,141.26 2 0
github.com/getkin/kin-openapi/openapi3/server.go:143.2,143.20 1 0
github.com/getkin/kin-openapi/openapi3/server.go:146.73,149.23 3 0
github.com/getkin/kin-openapi/openapi3/server.go:149.23,151.36 2 0
github.com/getkin/kin-openapi/openapi3/server.go:151.36,152.9 1 0
github.com/getkin/kin-openapi/openapi3/server.go:154.3,154.15 1 0
github.com/getkin/kin-openapi/openapi3/server.go:154.15,157.13 2 0
github.com/getkin/kin-openapi/openapi3/server.go:157.13,159.5 1 0
github.com/getkin/kin-openapi/openapi3/server.go:160.4,164.24 3 0
github.com/getkin/kin-openapi/openapi3/server.go:164.24,166.5 1 0
github.com/getkin/kin-openapi/openapi3/server.go:167.4,169.14 2 0
github.com/getkin/kin-openapi/openapi3/server.go:169.14,171.5 1 0
github.com/getkin/kin-openapi/openapi3/server.go:171.10,171.21 1 0
github.com/getkin/kin-openapi/openapi3/server.go:171.21,173.5 1 0
github.com/getkin/kin-openapi/openapi3/server.go:173.10,175.5 1 0
github.com/getkin/kin-openapi/openapi3/server.go:176.4,176.13 1 0
github.com/getkin/kin-openapi/openapi3/server.go:176.13,178.5 1 0
github.com/getkin/kin-openapi/openapi3/server.go:179.4,181.12 3 0
github.com/getkin/kin-openapi/openapi3/server.go:183.3,183.39 1 0
github.com/getkin/kin-openapi/openapi3/server.go:183.39,185.4 1 0
github.com/getkin/kin-openapi/openapi3/server.go:186.3,187.20 2 0
github.com/getkin/kin-openapi/openapi3/server.go:189.2,189.17 1 0
github.com/getkin/kin-openapi/openapi3/server.go:189.17,191.3 1 0
github.com/getkin/kin-openapi/openapi3/server.go:192.2,192.21 1 0
github.com/getkin/kin-openapi/openapi3/server.go:192.21,194.3 1 0
github.com/getkin/kin-openapi/openapi3/server.go:195.2,195.28 1 0
github.com/getkin/kin-openapi/openapi3/server.go:199.85,203.22 3 0
github.com/getkin/kin-openapi/openapi3/server.go:203.22,204.70 1 0
github.com/getkin/kin-openapi/openapi3/server.go:204.70,206.4 1 0
github.com/getkin/kin-openapi/openapi3/server.go:209.2,210.24 2 0
github.com/getkin/kin-openapi/openapi3/server.go:210.24,211.90 1 0
github.com/getkin/kin-openapi/openapi3/server.go:211.90,213.4 1 0
github.com/getkin/kin-openapi/openapi3/server.go:216.2,216.38 1 0
github.com/getkin/kin-openapi/openapi3/server.go:216.38,217.93 1 0
github.com/getkin/kin-openapi/openapi3/server.go:217.93,219.4 1 0
github.com/getkin/kin-openapi/openapi3/server.go:222.2,222.56 1 0
github.com/getkin/kin-openapi/openapi3/server.go:222.56,224.50 2 0
github.com/getkin/kin-openapi/openapi3/server.go:224.50,225.94 1 0
github.com/getkin/kin-openapi/openapi3/server.go:225.94,227.5 1 0
github.com/getkin/kin-openapi/openapi3/server.go:232.4,232.12 1 0
github.com/getkin/kin-openapi/openapi3/server.go:234.3,234.50 1 0
github.com/getkin/kin-openapi/openapi3/server.go:234.50,236.4 1 0
github.com/getkin/kin-openapi/openapi3/server.go:239.2,239.79 1 0
github.com/getkin/kin-openapi/openapi3/server.go:248.80,251.2 2 0
github.com/getkin/kin-openapi/openapi3/server.go:263.68,265.16 2 0
github.com/getkin/kin-openapi/openapi3/server.go:265.16,267.3 1 0
github.com/getkin/kin-openapi/openapi3/server.go:268.2,268.24 1 0
github.com/getkin/kin-openapi/openapi3/server.go:272.65,275.43 3 0
github.com/getkin/kin-openapi/openapi3/server.go:275.43,277.3 1 0
github.com/getkin/kin-openapi/openapi3/server.go:278.2,278.42 1 0
github.com/getkin/kin-openapi/openapi3/server.go:278.42,280.3 1 0
github.com/getkin/kin-openapi/openapi3/server.go:281.2,281.46 1 0
github.com/getkin/kin-openapi/openapi3/server.go:281.46,283.3 1 0
github.com/getkin/kin-openapi/openapi3/server.go:284.2,284.15 1 0
github.com/getkin/kin-openapi/openapi3/server.go:288.72,291.49 3 0
github.com/getkin/kin-openapi/openapi3/server.go:291.49,293.3 1 0
github.com/getkin/kin-openapi/openapi3/server.go:294.2,298.28 5 0
github.com/getkin/kin-openapi/openapi3/server.go:298.28,300.3 1 0
github.com/getkin/kin-openapi/openapi3/server.go:301.2,302.12 2 0
github.com/getkin/kin-openapi/openapi3/server.go:306.101,309.34 2 0
github.com/getkin/kin-openapi/openapi3/server.go:309.34,311.17 2 0
github.com/getkin/kin-openapi/openapi3/server.go:311.17,313.4 1 0
github.com/getkin/kin-openapi/openapi3/server.go:314.3,314.79 1 0
github.com/getkin/kin-openapi/openapi3/server.go:317.2,317.82 1 0
github.com/getkin/kin-openapi/openapi3/stringmap.go:9.71,12.2 2 0
github.com/getkin/kin-openapi/openapi3/stringmap.go:15.69,17.49 2 1
github.com/getkin/kin-openapi/openapi3/stringmap.go:17.49,19.3 1 0
github.com/getkin/kin-openapi/openapi3/stringmap.go:21.2,22.38 2 1
github.com/getkin/kin-openapi/openapi3/stringmap.go:22.38,24.17 2 1
github.com/getkin/kin-openapi/openapi3/stringmap.go:24.17,26.4 1 0
github.com/getkin/kin-openapi/openapi3/stringmap.go:27.3,27.20 1 1
github.com/getkin/kin-openapi/openapi3/stringmap.go:30.2,30.20 1 1
github.com/getkin/kin-openapi/openapi3/stringmap.go:34.67,36.49 2 1
github.com/getkin/kin-openapi/openapi3/stringmap.go:36.49,38.3 1 0
github.com/getkin/kin-openapi/openapi3/stringmap.go:40.2,41.38 2 1
github.com/getkin/kin-openapi/openapi3/stringmap.go:41.38,43.17 2 1
github.com/getkin/kin-openapi/openapi3/stringmap.go:43.17,45.4 1 0
github.com/getkin/kin-openapi/openapi3/stringmap.go:46.3,46.21 1 1
github.com/getkin/kin-openapi/openapi3/stringmap.go:49.2,49.20 1 1
github.com/getkin/kin-openapi/openapi3/stringmap.go:53.45,55.16 2 1
github.com/getkin/kin-openapi/openapi3/stringmap.go:55.16,57.3 1 0
github.com/getkin/kin-openapi/openapi3/stringmap.go:59.2,60.53 2 1
github.com/getkin/kin-openapi/openapi3/stringmap.go:60.53,62.3 1 0
github.com/getkin/kin-openapi/openapi3/stringmap.go:63.2,63.21 1 1
github.com/getkin/kin-openapi/openapi3/tag.go:12.40,13.27 1 0
github.com/getkin/kin-openapi/openapi3/tag.go:13.27,14.23 1 0
github.com/getkin/kin-openapi/openapi3/tag.go:14.23,16.4 1 0
github.com/getkin/kin-openapi/openapi3/tag.go:18.2,18.12 1 0
github.com/getkin/kin-openapi/openapi3/tag.go:22.80,26.25 3 0
github.com/getkin/kin-openapi/openapi3/tag.go:26.25,27.50 1 0
github.com/getkin/kin-openapi/openapi3/tag.go:27.50,29.4 1 0
github.com/getkin/kin-openapi/openapi3/tag.go:31.2,31.20 1 0
github.com/getkin/kin-openapi/openapi3/tag.go:46.44,48.16 2 0
github.com/getkin/kin-openapi/openapi3/tag.go:48.16,50.3 1 0
github.com/getkin/kin-openapi/openapi3/tag.go:51.2,51.24 1 0
github.com/getkin/kin-openapi/openapi3/tag.go:55.41,58.26 3 0
github.com/getkin/kin-openapi/openapi3/tag.go:58.26,60.3 1 0
github.com/getkin/kin-openapi/openapi3/tag.go:61.2,61.33 1 0
github.com/getkin/kin-openapi/openapi3/tag.go:61.33,63.3 1 0
github.com/getkin/kin-openapi/openapi3/tag.go:64.2,64.35 1 0
github.com/getkin/kin-openapi/openapi3/tag.go:64.35,66.3 1 0
github.com/getkin/kin-openapi/openapi3/tag.go:67.2,67.15 1 0
github.com/getkin/kin-openapi/openapi3/tag.go:71.48,74.49 3 0
github.com/getkin/kin-openapi/openapi3/tag.go:74.49,76.3 1 0
github.com/getkin/kin-openapi/openapi3/tag.go:77.2,81.28 5 0
github.com/getkin/kin-openapi/openapi3/tag.go:81.28,83.3 1 0
github.com/getkin/kin-openapi/openapi3/tag.go:84.2,85.12 2 0
github.com/getkin/kin-openapi/openapi3/tag.go:89.77,93.35 3 0
github.com/getkin/kin-openapi/openapi3/tag.go:93.35,94.31 1 0
github.com/getkin/kin-openapi/openapi3/tag.go:94.31,94.101 1 0
github.com/getkin/kin-openapi/openapi3/tag.go:95.3,95.63 1 0
github.com/getkin/kin-openapi/openapi3/tag.go:95.63,97.4 1 0
github.com/getkin/kin-openapi/openapi3/tag.go:100.2,100.69 1 0
github.com/getkin/kin-openapi/openapi3/validation_error.go:55.42,55.62 1 0
github.com/getkin/kin-openapi/openapi3/validation_error.go:60.62,62.9 2 0
github.com/getkin/kin-openapi/openapi3/validation_error.go:62.9,64.3 1 0
github.com/getkin/kin-openapi/openapi3/validation_error.go:65.2,66.13 2 0
github.com/getkin/kin-openapi/openapi3/validation_error.go:96.45,96.71 1 0
github.com/getkin/kin-openapi/openapi3/validation_error.go:97.45,97.63 1 0
github.com/getkin/kin-openapi/openapi3/validation_error.go:127.43,129.2 1 0
github.com/getkin/kin-openapi/openapi3/validation_error.go:131.43,131.61 1 0
github.com/getkin/kin-openapi/openapi3/validation_error.go:150.46,153.2 1 0
github.com/getkin/kin-openapi/openapi3/validation_error.go:174.52,174.78 1 0
github.com/getkin/kin-openapi/openapi3/validation_error.go:175.52,175.70 1 0
github.com/getkin/kin-openapi/openapi3/validation_error.go:190.49,190.75 1 0
github.com/getkin/kin-openapi/openapi3/validation_error.go:191.49,191.67 1 0
github.com/getkin/kin-openapi/openapi3/validation_error.go:207.51,207.77 1 0
github.com/getkin/kin-openapi/openapi3/validation_error.go:208.51,208.69 1 0
github.com/getkin/kin-openapi/openapi3/validation_error.go:224.51,224.77 1 0
github.com/getkin/kin-openapi/openapi3/validation_error.go:225.51,225.69 1 0
github.com/getkin/kin-openapi/openapi3/validation_error.go:241.47,241.73 1 0
github.com/getkin/kin-openapi/openapi3/validation_error.go:242.47,242.65 1 0
github.com/getkin/kin-openapi/openapi3/validation_error.go:257.50,257.76 1 0
github.com/getkin/kin-openapi/openapi3/validation_error.go:258.50,258.68 1 0
github.com/getkin/kin-openapi/openapi3/validation_error.go:270.42,270.68 1 0
github.com/getkin/kin-openapi/openapi3/validation_error.go:271.42,271.60 1 0
github.com/getkin/kin-openapi/openapi3/validation_error.go:290.55,290.81 1 0
github.com/getkin/kin-openapi/openapi3/validation_error.go:291.55,291.73 1 0
github.com/getkin/kin-openapi/openapi3/validation_error.go:307.46,307.72 1 0
github.com/getkin/kin-openapi/openapi3/validation_error.go:308.46,308.64 1 0
github.com/getkin/kin-openapi/openapi3/validation_error.go:322.53,324.2 1 0
github.com/getkin/kin-openapi/openapi3/validation_error.go:343.52,346.2 1 0
github.com/getkin/kin-openapi/openapi3/validation_error.go:362.50,364.2 1 0
github.com/getkin/kin-openapi/openapi3/validation_error.go:377.42,379.2 1 0
github.com/getkin/kin-openapi/openapi3/validation_error.go:393.50,395.2 1 0
github.com/getkin/kin-openapi/openapi3/validation_error.go:417.50,417.76 1 0
github.com/getkin/kin-openapi/openapi3/validation_error.go:419.50,419.68 1 0
github.com/getkin/kin-openapi/openapi3/validation_error.go:433.57,435.2 1 0
github.com/getkin/kin-openapi/openapi3/validation_error.go:449.49,451.2 1 0
github.com/getkin/kin-openapi/openapi3/validation_error.go:466.45,468.2 1 0
github.com/getkin/kin-openapi/openapi3/validation_error.go:485.47,487.2 1 0
github.com/getkin/kin-openapi/openapi3/validation_error.go:500.54,502.2 1 0
github.com/getkin/kin-openapi/openapi3/validation_error.go:517.48,519.2 1 0
github.com/getkin/kin-openapi/openapi3/validation_error.go:534.50,536.2 1 0
github.com/getkin/kin-openapi/openapi3/validation_error.go:558.58,559.31 1 0
github.com/getkin/kin-openapi/openapi3/validation_error.go:559.31,561.3 1 0
github.com/getkin/kin-openapi/openapi3/validation_error.go:562.2,562.139 1 0
github.com/getkin/kin-openapi/openapi3/validation_error.go:580.51,582.2 1 0
github.com/getkin/kin-openapi/openapi3/validation_error.go:586.49,588.2 1 0
github.com/getkin/kin-openapi/openapi3/validation_error.go:592.51,594.2 1 0
github.com/getkin/kin-openapi/openapi3/validation_error.go:598.54,600.2 1 0
github.com/getkin/kin-openapi/openapi3/validation_error.go:604.49,606.2 1 0
github.com/getkin/kin-openapi/openapi3/validation_error.go:612.57,614.2 1 0
github.com/getkin/kin-openapi/openapi3/validation_error.go:618.60,620.2 1 0
github.com/getkin/kin-openapi/openapi3/validation_error.go:624.51,626.2 1 0
github.com/getkin/kin-openapi/openapi3/validation_error.go:632.67,634.2 1 0
github.com/getkin/kin-openapi/openapi3/validation_error.go:638.60,640.2 1 0
github.com/getkin/kin-openapi/openapi3/validation_error.go:644.44,646.2 1 0
github.com/getkin/kin-openapi/openapi3/validation_error.go:650.45,652.2 1 0
github.com/getkin/kin-openapi/openapi3/validation_error.go:656.68,658.2 1 0
github.com/getkin/kin-openapi/openapi3/validation_error.go:664.67,666.2 1 0
github.com/getkin/kin-openapi/openapi3/validation_error.go:670.63,672.2 1 0
github.com/getkin/kin-openapi/openapi3/validation_error.go:676.68,678.2 1 0
github.com/getkin/kin-openapi/openapi3/validation_error.go:684.64,686.2 1 0
github.com/getkin/kin-openapi/openapi3/validation_error.go:690.61,692.2 1 0
github.com/getkin/kin-openapi/openapi3/validation_error.go:698.59,700.2 1 0
github.com/getkin/kin-openapi/openapi3/validation_error.go:704.56,706.2 1 0
github.com/getkin/kin-openapi/openapi3/validation_error.go:712.42,714.2 1 0
github.com/getkin/kin-openapi/openapi3/validation_error.go:720.56,722.2 1 0
github.com/getkin/kin-openapi/openapi3/validation_error.go:726.59,728.2 1 0
github.com/getkin/kin-openapi/openapi3/validation_error.go:732.57,734.2 1 0
github.com/getkin/kin-openapi/openapi3/validation_error.go:738.59,740.2 1 0
github.com/getkin/kin-openapi/openapi3/validation_error.go:744.67,746.2 1 0
github.com/getkin/kin-openapi/openapi3/validation_error.go:750.60,752.2 1 0
github.com/getkin/kin-openapi/openapi3/validation_error.go:756.68,758.2 1 0
github.com/getkin/kin-openapi/openapi3/validation_error.go:762.61,764.2 1 0
github.com/getkin/kin-openapi/openapi3/validation_error.go:768.55,770.2 1 0
github.com/getkin/kin-openapi/openapi3/validation_error.go:774.58,776.2 1 0
github.com/getkin/kin-openapi/openapi3/validation_error.go:780.58,782.2 1 0
github.com/getkin/kin-openapi/openapi3/validation_error.go:786.59,788.2 1 0
github.com/getkin/kin-openapi/openapi3/validation_error.go:792.55,794.2 1 0
github.com/getkin/kin-openapi/openapi3/validation_error.go:798.65,800.2 1 0
github.com/getkin/kin-openapi/openapi3/validation_error.go:804.57,806.2 1 0
github.com/getkin/kin-openapi/openapi3/validation_error.go:810.53,812.2 1 0
github.com/getkin/kin-openapi/openapi3/validation_error.go:816.57,818.2 1 0
github.com/getkin/kin-openapi/openapi3/validation_error.go:822.64,824.2 1 0
github.com/getkin/kin-openapi/openapi3/validation_error.go:830.66,832.2 1 0
github.com/getkin/kin-openapi/openapi3/validation_error.go:836.65,838.2 1 0
github.com/getkin/kin-openapi/openapi3/validation_error.go:842.61,844.2 1 0
github.com/getkin/kin-openapi/openapi3/validation_error.go:848.59,850.2 1 0
github.com/getkin/kin-openapi/openapi3/validation_error.go:854.64,856.2 1 0
github.com/getkin/kin-openapi/openapi3/validation_error.go:862.51,864.2 1 0
github.com/getkin/kin-openapi/openapi3/validation_error.go:868.49,870.2 1 0
github.com/getkin/kin-openapi/openapi3/validation_error.go:874.66,876.2 1 0
github.com/getkin/kin-openapi/openapi3/validation_error.go:880.58,882.2 1 0
github.com/getkin/kin-openapi/openapi3/validation_error.go:888.57,890.2 1 0
github.com/getkin/kin-openapi/openapi3/validation_error.go:894.63,896.2 1 0
github.com/getkin/kin-openapi/openapi3/validation_error.go:900.54,902.2 1 0
github.com/getkin/kin-openapi/openapi3/validation_error.go:906.63,908.2 1 0
github.com/getkin/kin-openapi/openapi3/validation_error.go:915.51,917.2 1 0
github.com/getkin/kin-openapi/openapi3/validation_error.go:921.54,923.2 1 0
github.com/getkin/kin-openapi/openapi3/validation_error.go:927.57,929.2 1 0
github.com/getkin/kin-openapi/openapi3/validation_error.go:933.54,935.2 1 0
github.com/getkin/kin-openapi/openapi3/validation_error.go:939.57,941.2 1 0
github.com/getkin/kin-openapi/openapi3/validation_error.go:945.57,947.2 1 0
github.com/getkin/kin-openapi/openapi3/validation_error.go:951.63,953.2 1 0
github.com/getkin/kin-openapi/openapi3/validation_error.go:957.62,959.2 1 0
github.com/getkin/kin-openapi/openapi3/validation_error.go:963.59,965.2 1 0
github.com/getkin/kin-openapi/openapi3/validation_error.go:969.62,971.2 1 0
github.com/getkin/kin-openapi/openapi3/validation_error.go:975.67,977.2 1 0
github.com/getkin/kin-openapi/openapi3/validation_error.go:981.48,983.2 1 0
github.com/getkin/kin-openapi/openapi3/validation_error.go:987.50,989.2 1 0
github.com/getkin/kin-openapi/openapi3/validation_error.go:993.50,995.2 1 0
github.com/getkin/kin-openapi/openapi3/validation_error.go:999.63,1001.2 1 0
github.com/getkin/kin-openapi/openapi3/validation_error.go:1005.61,1007.2 1 0
github.com/getkin/kin-openapi/openapi3/validation_error.go:1011.62,1013.2 1 0
github.com/getkin/kin-openapi/openapi3/validation_error.go:1017.59,1019.2 1 0
github.com/getkin/kin-openapi/openapi3/validation_error.go:1023.50,1025.2 1 0
github.com/getkin/kin-openapi/openapi3/validation_error.go:1029.52,1031.2 1 0
github.com/getkin/kin-openapi/openapi3/validation_error.go:1035.53,1037.2 1 0
github.com/getkin/kin-openapi/openapi3/validation_error.go:1041.48,1043.2 1 0
github.com/getkin/kin-openapi/openapi3/validation_error.go:1047.52,1049.2 1 0
github.com/getkin/kin-openapi/openapi3/validation_error.go:1053.59,1055.2 1 0
github.com/getkin/kin-openapi/openapi3/validation_error.go:1059.56,1061.2 1 0
github.com/getkin/kin-openapi/openapi3/validation_error.go:1069.71,1071.2 1 0
github.com/getkin/kin-openapi/openapi3/validation_error.go:1073.51,1076.2 1 0
github.com/getkin/kin-openapi/openapi3/validation_error.go:1078.49,1081.2 1 0
github.com/getkin/kin-openapi/openapi3/validation_error.go:1083.51,1086.2 1 0
github.com/getkin/kin-openapi/openapi3/validation_error.go:1088.54,1091.2 1 0
github.com/getkin/kin-openapi/openapi3/validation_error.go:1093.49,1096.2 1 0
github.com/getkin/kin-openapi/openapi3/validation_error.go:1100.84,1102.2 1 0
github.com/getkin/kin-openapi/openapi3/validation_error.go:1104.75,1108.2 2 0
github.com/getkin/kin-openapi/openapi3/validation_error.go:1110.78,1114.2 2 0
github.com/getkin/kin-openapi/openapi3/validation_error.go:1116.51,1120.2 2 0
github.com/getkin/kin-openapi/openapi3/validation_error.go:1124.80,1126.2 1 0
github.com/getkin/kin-openapi/openapi3/validation_error.go:1128.67,1132.2 2 0
github.com/getkin/kin-openapi/openapi3/validation_error.go:1134.60,1138.2 2 0
github.com/getkin/kin-openapi/openapi3/validation_error.go:1140.44,1143.2 1 0
github.com/getkin/kin-openapi/openapi3/validation_error.go:1145.45,1148.2 1 0
github.com/getkin/kin-openapi/openapi3/validation_error.go:1150.68,1153.2 1 0
github.com/getkin/kin-openapi/openapi3/validation_error.go:1157.73,1159.2 1 0
github.com/getkin/kin-openapi/openapi3/validation_error.go:1161.67,1165.2 2 0
github.com/getkin/kin-openapi/openapi3/validation_error.go:1167.63,1171.2 2 0
github.com/getkin/kin-openapi/openapi3/validation_error.go:1173.68,1177.2 2 0
github.com/getkin/kin-openapi/openapi3/validation_error.go:1181.76,1183.2 1 0
github.com/getkin/kin-openapi/openapi3/validation_error.go:1185.64,1189.2 2 0
github.com/getkin/kin-openapi/openapi3/validation_error.go:1194.73,1198.2 2 0
github.com/getkin/kin-openapi/openapi3/validation_error.go:1203.78,1205.2 1 0
github.com/getkin/kin-openapi/openapi3/validation_error.go:1207.59,1211.2 2 0
github.com/getkin/kin-openapi/openapi3/validation_error.go:1213.56,1217.2 2 0
github.com/getkin/kin-openapi/openapi3/validation_error.go:1219.39,1225.2 2 0
github.com/getkin/kin-openapi/openapi3/validation_error.go:1227.55,1230.2 1 0
github.com/getkin/kin-openapi/openapi3/validation_error.go:1232.58,1235.2 1 0
github.com/getkin/kin-openapi/openapi3/validation_error.go:1237.58,1240.2 1 0
github.com/getkin/kin-openapi/openapi3/validation_error.go:1242.59,1245.2 1 0
github.com/getkin/kin-openapi/openapi3/validation_error.go:1247.55,1250.2 1 0
github.com/getkin/kin-openapi/openapi3/validation_error.go:1252.65,1255.2 1 0
github.com/getkin/kin-openapi/openapi3/validation_error.go:1257.57,1260.2 1 0
github.com/getkin/kin-openapi/openapi3/validation_error.go:1264.90,1271.2 1 0
github.com/getkin/kin-openapi/openapi3/validation_error.go:1273.66,1277.2 2 0
github.com/getkin/kin-openapi/openapi3/validation_error.go:1279.65,1283.2 2 0
github.com/getkin/kin-openapi/openapi3/validation_error.go:1285.61,1289.2 2 0
github.com/getkin/kin-openapi/openapi3/validation_error.go:1291.93,1295.2 2 0
github.com/getkin/kin-openapi/openapi3/validation_error.go:1297.64,1301.2 2 0
github.com/getkin/kin-openapi/openapi3/validation_error.go:1305.72,1307.2 1 0
github.com/getkin/kin-openapi/openapi3/validation_error.go:1309.51,1313.2 2 0
github.com/getkin/kin-openapi/openapi3/validation_error.go:1315.49,1319.2 2 0
github.com/getkin/kin-openapi/openapi3/validation_error.go:1321.66,1325.2 2 0
github.com/getkin/kin-openapi/openapi3/validation_error.go:1327.58,1331.2 2 0
github.com/getkin/kin-openapi/openapi3/validation_error.go:1333.53,1336.2 1 0
github.com/getkin/kin-openapi/openapi3/validation_error.go:1338.57,1342.2 2 0
github.com/getkin/kin-openapi/openapi3/validation_error.go:1344.64,1348.2 2 0
github.com/getkin/kin-openapi/openapi3/validation_error.go:1354.79,1356.2 1 0
github.com/getkin/kin-openapi/openapi3/validation_error.go:1363.64,1364.35 1 0
github.com/getkin/kin-openapi/openapi3/validation_error.go:1364.35,1366.3 1 0
github.com/getkin/kin-openapi/openapi3/validation_error.go:1367.2,1367.46 1 0
github.com/getkin/kin-openapi/openapi3/validation_error.go:1367.46,1369.3 1 0
github.com/getkin/kin-openapi/openapi3/validation_error.go:1370.2,1370.18 1 0
github.com/getkin/kin-openapi/openapi3/validation_error.go:1377.78,1384.2 1 0
github.com/getkin/kin-openapi/openapi3/validation_error.go:1391.57,1395.2 2 0
github.com/getkin/kin-openapi/openapi3/validation_error.go:1397.63,1401.2 2 0
github.com/getkin/kin-openapi/openapi3/validation_error.go:1403.54,1407.2 2 0
github.com/getkin/kin-openapi/openapi3/validation_error.go:1409.63,1413.2 2 0
github.com/getkin/kin-openapi/openapi3/validation_error.go:1423.48,1423.108 1 0
github.com/getkin/kin-openapi/openapi3/validation_error.go:1424.48,1424.111 1 0
github.com/getkin/kin-openapi/openapi3/validation_error.go:1425.48,1425.114 1 0
github.com/getkin/kin-openapi/openapi3/validation_error.go:1426.48,1426.111 1 0
github.com/getkin/kin-openapi/openapi3/validation_error.go:1427.48,1427.114 1 0
github.com/getkin/kin-openapi/openapi3/validation_error.go:1428.48,1428.114 1 0
github.com/getkin/kin-openapi/openapi3/validation_error.go:1429.48,1429.120 1 0
github.com/getkin/kin-openapi/openapi3/validation_error.go:1430.48,1430.119 1 0
github.com/getkin/kin-openapi/openapi3/validation_error.go:1431.48,1431.116 1 0
github.com/getkin/kin-openapi/openapi3/validation_error.go:1432.48,1432.119 1 0
github.com/getkin/kin-openapi/openapi3/validation_error.go:1433.48,1433.124 1 0
github.com/getkin/kin-openapi/openapi3/validation_error.go:1434.48,1434.105 1 0
github.com/getkin/kin-openapi/openapi3/validation_error.go:1435.48,1435.107 1 0
github.com/getkin/kin-openapi/openapi3/validation_error.go:1436.48,1436.107 1 0
github.com/getkin/kin-openapi/openapi3/validation_error.go:1437.48,1437.120 1 0
github.com/getkin/kin-openapi/openapi3/validation_error.go:1438.48,1438.118 1 0
github.com/getkin/kin-openapi/openapi3/validation_error.go:1439.48,1439.119 1 0
github.com/getkin/kin-openapi/openapi3/validation_error.go:1440.48,1440.116 1 0
github.com/getkin/kin-openapi/openapi3/validation_error.go:1441.48,1441.107 1 0
github.com/getkin/kin-openapi/openapi3/validation_error.go:1442.48,1442.109 1 0
github.com/getkin/kin-openapi/openapi3/validation_error.go:1443.48,1443.110 1 0
github.com/getkin/kin-openapi/openapi3/validation_error.go:1444.48,1444.105 1 0
github.com/getkin/kin-openapi/openapi3/validation_error.go:1445.48,1445.109 1 0
github.com/getkin/kin-openapi/openapi3/validation_error.go:1446.48,1446.116 1 0
github.com/getkin/kin-openapi/openapi3/validation_error.go:1447.48,1447.113 1 0
github.com/getkin/kin-openapi/openapi3/validation_error.go:1458.60,1461.49 3 0
github.com/getkin/kin-openapi/openapi3/validation_error.go:1461.49,1463.3 1 0
github.com/getkin/kin-openapi/openapi3/validation_error.go:1463.8,1465.3 1 0
github.com/getkin/kin-openapi/openapi3/validation_error.go:1466.2,1466.53 1 0
github.com/getkin/kin-openapi/openapi3/validation_error.go:1469.67,1471.2 1 0
github.com/getkin/kin-openapi/openapi3/validation_error.go:1473.94,1480.2 1 0
github.com/getkin/kin-openapi/openapi3/validation_error.go:1482.67,1484.2 1 0
github.com/getkin/kin-openapi/openapi3/validation_error.go:1486.59,1488.2 1 0
github.com/getkin/kin-openapi/openapi3/validation_error.go:1490.64,1492.2 1 0
github.com/getkin/kin-openapi/openapi3/validation_error.go:1494.84,1496.2 1 0
github.com/getkin/kin-openapi/openapi3/validation_error.go:1498.69,1500.2 1 0
github.com/getkin/kin-openapi/openapi3/validation_error.go:1502.64,1504.2 1 0
github.com/getkin/kin-openapi/openapi3/validation_error.go:1506.57,1508.2 1 0
github.com/getkin/kin-openapi/openapi3/validation_error.go:1510.61,1512.2 1 0
github.com/getkin/kin-openapi/openapi3/validation_error.go:1514.75,1517.2 1 0
github.com/getkin/kin-openapi/openapi3/validation_error.go:1519.78,1522.2 1 0
github.com/getkin/kin-openapi/openapi3/validation_error.go:1524.76,1527.2 1 0
github.com/getkin/kin-openapi/openapi3/validation_error.go:1529.78,1532.2 1 0
github.com/getkin/kin-openapi/openapi3/validation_error.go:1534.86,1537.2 1 0
github.com/getkin/kin-openapi/openapi3/validation_error.go:1539.79,1542.2 1 0
github.com/getkin/kin-openapi/openapi3/validation_error.go:1544.67,1546.2 1 0
github.com/getkin/kin-openapi/openapi3/validation_error.go:1548.69,1550.2 1 0
github.com/getkin/kin-openapi/openapi3/validation_error.go:1552.67,1554.2 1 0
github.com/getkin/kin-openapi/openapi3/validation_error.go:1556.95,1558.2 1 0
github.com/getkin/kin-openapi/openapi3/validation_error.go:1560.90,1563.2 1 0
github.com/getkin/kin-openapi/openapi3/validation_error.go:1565.80,1568.2 1 0
github.com/getkin/kin-openapi/openapi3/validation_error_context.go:63.49,65.2 1 0
github.com/getkin/kin-openapi/openapi3/validation_error_context.go:67.49,67.67 1 0
github.com/getkin/kin-openapi/openapi3/validation_error_context.go:80.46,82.2 1 0
github.com/getkin/kin-openapi/openapi3/validation_error_context.go:84.46,84.64 1 0
github.com/getkin/kin-openapi/openapi3/validation_error_context.go:97.51,99.2 1 0
github.com/getkin/kin-openapi/openapi3/validation_error_context.go:101.51,101.69 1 0
github.com/getkin/kin-openapi/openapi3/validation_error_context.go:121.51,123.2 1 0
github.com/getkin/kin-openapi/openapi3/validation_error_context.go:125.51,125.69 1 0
github.com/getkin/kin-openapi/openapi3/validation_error_context.go:133.57,135.2 1 0
github.com/getkin/kin-openapi/openapi3/validation_error_context.go:137.57,137.75 1 0
github.com/getkin/kin-openapi/openapi3/validation_error_context.go:147.53,149.2 1 0
github.com/getkin/kin-openapi/openapi3/validation_error_context.go:151.53,151.71 1 0
github.com/getkin/kin-openapi/openapi3/validation_error_context.go:161.58,163.2 1 0
github.com/getkin/kin-openapi/openapi3/validation_error_context.go:165.58,165.76 1 0
github.com/getkin/kin-openapi/openapi3/validation_error_context.go:175.49,177.2 1 0
github.com/getkin/kin-openapi/openapi3/validation_error_context.go:179.49,179.67 1 0
github.com/getkin/kin-openapi/openapi3/validation_error_context.go:191.56,193.2 1 0
github.com/getkin/kin-openapi/openapi3/validation_error_context.go:195.56,195.74 1 0
github.com/getkin/kin-openapi/openapi3/validation_error_context.go:205.58,207.2 1 0
github.com/getkin/kin-openapi/openapi3/validation_error_context.go:209.58,209.76 1 0
github.com/getkin/kin-openapi/openapi3/validation_error_context.go:217.60,219.2 1 0
github.com/getkin/kin-openapi/openapi3/validation_error_context.go:221.60,221.78 1 0
github.com/getkin/kin-openapi/openapi3/validation_error_context.go:232.51,234.2 1 0
github.com/getkin/kin-openapi/openapi3/validation_error_context.go:236.51,236.69 1 0
github.com/getkin/kin-openapi/openapi3/validation_error_context.go:248.56,250.2 1 0
github.com/getkin/kin-openapi/openapi3/validation_error_context.go:252.56,252.74 1 0
github.com/getkin/kin-openapi/openapi3/validation_options.go:26.65,27.42 1 0
github.com/getkin/kin-openapi/openapi3/validation_options.go:27.42,28.67 1 0
github.com/getkin/kin-openapi/openapi3/validation_options.go:28.67,30.4 1 0
github.com/getkin/kin-openapi/openapi3/validation_options.go:31.3,31.32 1 0
github.com/getkin/kin-openapi/openapi3/validation_options.go:31.32,33.4 1 0
github.com/getkin/kin-openapi/openapi3/validation_options.go:38.44,39.42 1 0
github.com/getkin/kin-openapi/openapi3/validation_options.go:39.42,42.3 2 0
github.com/getkin/kin-openapi/openapi3/validation_options.go:47.54,48.42 1 0
github.com/getkin/kin-openapi/openapi3/validation_options.go:48.42,50.3 1 0
github.com/getkin/kin-openapi/openapi3/validation_options.go:55.55,56.42 1 0
github.com/getkin/kin-openapi/openapi3/validation_options.go:56.42,58.3 1 0
github.com/getkin/kin-openapi/openapi3/validation_options.go:63.55,64.42 1 0
github.com/getkin/kin-openapi/openapi3/validation_options.go:64.42,66.3 1 0
github.com/getkin/kin-openapi/openapi3/validation_options.go:70.56,71.42 1 0
github.com/getkin/kin-openapi/openapi3/validation_options.go:71.42,73.3 1 0
github.com/getkin/kin-openapi/openapi3/validation_options.go:78.56,79.42 1 0
github.com/getkin/kin-openapi/openapi3/validation_options.go:79.42,81.3 1 0
github.com/getkin/kin-openapi/openapi3/validation_options.go:86.57,87.42 1 0
github.com/getkin/kin-openapi/openapi3/validation_options.go:87.42,89.3 1 0
github.com/getkin/kin-openapi/openapi3/validation_options.go:94.50,95.42 1 0
github.com/getkin/kin-openapi/openapi3/validation_options.go:95.42,97.3 1 0
github.com/getkin/kin-openapi/openapi3/validation_options.go:102.51,103.42 1 0
github.com/getkin/kin-openapi/openapi3/validation_options.go:103.42,105.3 1 0
github.com/getkin/kin-openapi/openapi3/validation_options.go:112.48,113.42 1 0
github.com/getkin/kin-openapi/openapi3/validation_options.go:113.42,115.3 1 0
github.com/getkin/kin-openapi/openapi3/validation_options.go:122.51,123.42 1 0
github.com/getkin/kin-openapi/openapi3/validation_options.go:123.42,125.3 1 0
github.com/getkin/kin-openapi/openapi3/validation_options.go:141.42,142.42 1 0
github.com/getkin/kin-openapi/openapi3/validation_options.go:142.42,144.3 1 0
github.com/getkin/kin-openapi/openapi3/validation_options.go:149.61,150.42 1 0
github.com/getkin/kin-openapi/openapi3/validation_options.go:150.42,152.3 1 0
github.com/getkin/kin-openapi/openapi3/validation_options.go:156.91,157.20 1 1
github.com/getkin/kin-openapi/openapi3/validation_options.go:157.20,159.3 1 1
github.com/getkin/kin-openapi/openapi3/validation_options.go:160.2,161.27 2 0
github.com/getkin/kin-openapi/openapi3/validation_options.go:161.27,163.3 1 0
github.com/getkin/kin-openapi/openapi3/validation_options.go:164.2,164.64 1 0
github.com/getkin/kin-openapi/openapi3/validation_options.go:167.67,168.79 1 1
github.com/getkin/kin-openapi/openapi3/validation_options.go:168.79,170.3 1 0
github.com/getkin/kin-openapi/openapi3/validation_options.go:171.2,171.29 1 1
github.com/getkin/kin-openapi/openapi3/visited.go:3.36,8.2 1 0
github.com/getkin/kin-openapi/openapi3/visited.go:17.30,19.2 1 0
github.com/getkin/kin-openapi/openapi3/visited.go:23.47,24.40 1 0
github.com/getkin/kin-openapi/openapi3/visited.go:24.40,26.3 1 0
github.com/getkin/kin-openapi/openapi3/visited.go:28.2,29.14 2 0
github.com/getkin/kin-openapi/openapi3/visited.go:34.47,35.40 1 0
github.com/getkin/kin-openapi/openapi3/visited.go:35.40,37.3 1 0
github.com/getkin/kin-openapi/openapi3/visited.go:39.2,40.14 2 0
github.com/getkin/kin-openapi/openapi3/xml.go:23.46,25.16 2 0
github.com/getkin/kin-openapi/openapi3/xml.go:25.16,27.3 1 0
github.com/getkin/kin-openapi/openapi3/xml.go:28.2,28.24 1 0
github.com/getkin/kin-openapi/openapi3/xml.go:32.43,35.28 3 0
github.com/getkin/kin-openapi/openapi3/xml.go:35.28,37.3 1 0
github.com/getkin/kin-openapi/openapi3/xml.go:38.2,38.33 1 0
github.com/getkin/kin-openapi/openapi3/xml.go:38.33,40.3 1 0
github.com/getkin/kin-openapi/openapi3/xml.go:41.2,41.30 1 0
github.com/getkin/kin-openapi/openapi3/xml.go:41.30,43.3 1 0
github.com/getkin/kin-openapi/openapi3/xml.go:44.2,44.27 1 0
github.com/getkin/kin-openapi/openapi3/xml.go:44.27,46.3 1 0
github.com/getkin/kin-openapi/openapi3/xml.go:47.2,47.25 1 0
github.com/getkin/kin-openapi/openapi3/xml.go:47.25,49.3 1 0
github.com/getkin/kin-openapi/openapi3/xml.go:50.2,50.15 1 0
github.com/getkin/kin-openapi/openapi3/xml.go:54.50,57.49 3 0
github.com/getkin/kin-openapi/openapi3/xml.go:57.49,59.3 1 0
github.com/getkin/kin-openapi/openapi3/xml.go:60.2,66.28 7 0
github.com/getkin/kin-openapi/openapi3/xml.go:66.28,68.3 1 0
github.com/getkin/kin-openapi/openapi3/xml.go:69.2,70.12 2 0
github.com/getkin/kin-openapi/openapi3/xml.go:74.79,78.2 2 0
github.com/getkin/kin-openapi/openapi3filter/authentication_input.go:16.61,17.16 1 0
github.com/getkin/kin-openapi/openapi3filter/authentication_input.go:17.16,18.29 1 0
github.com/getkin/kin-openapi/openapi3filter/authentication_input.go:18.29,20.4 1 0
github.com/getkin/kin-openapi/openapi3filter/authentication_input.go:20.9,22.4 1 0
github.com/getkin/kin-openapi/openapi3filter/authentication_input.go:24.2,28.3 1 0
github.com/getkin/kin-openapi/openapi3filter/errors.go:23.41,25.28 2 0
github.com/getkin/kin-openapi/openapi3filter/errors.go:25.28,26.46 1 0
github.com/getkin/kin-openapi/openapi3filter/errors.go:26.46,28.4 1 0
github.com/getkin/kin-openapi/openapi3filter/errors.go:28.9,30.4 1 0
github.com/getkin/kin-openapi/openapi3filter/errors.go:32.2,32.34 1 0
github.com/getkin/kin-openapi/openapi3filter/errors.go:32.34,34.3 1 0
github.com/getkin/kin-openapi/openapi3filter/errors.go:34.8,34.43 1 0
github.com/getkin/kin-openapi/openapi3filter/errors.go:34.43,36.3 1 0
github.com/getkin/kin-openapi/openapi3filter/errors.go:37.2,37.15 1 0
github.com/getkin/kin-openapi/openapi3filter/errors.go:40.40,42.2 1 0
github.com/getkin/kin-openapi/openapi3filter/errors.go:55.42,57.28 2 0
github.com/getkin/kin-openapi/openapi3filter/errors.go:57.28,58.23 1 0
github.com/getkin/kin-openapi/openapi3filter/errors.go:58.23,60.4 1 0
github.com/getkin/kin-openapi/openapi3filter/errors.go:60.9,62.4 1 0
github.com/getkin/kin-openapi/openapi3filter/errors.go:64.2,64.15 1 0
github.com/getkin/kin-openapi/openapi3filter/errors.go:67.41,69.2 1 0
github.com/getkin/kin-openapi/openapi3filter/errors.go:80.54,82.31 2 0
github.com/getkin/kin-openapi/openapi3filter/errors.go:82.31,84.29 2 0
github.com/getkin/kin-openapi/openapi3filter/errors.go:84.29,86.4 1 0
github.com/getkin/kin-openapi/openapi3filter/errors.go:89.2,89.22 1 0
github.com/getkin/kin-openapi/openapi3filter/errors.go:94.55,96.2 1 0
github.com/getkin/kin-openapi/openapi3filter/internal.go:8.48,10.11 2 0
github.com/getkin/kin-openapi/openapi3filter/internal.go:10.11,12.3 1 0
github.com/getkin/kin-openapi/openapi3filter/internal.go:13.2,13.24 1 0
github.com/getkin/kin-openapi/openapi3filter/internal.go:16.33,17.18 1 0
github.com/getkin/kin-openapi/openapi3filter/internal.go:17.18,19.3 1 0
github.com/getkin/kin-openapi/openapi3filter/internal.go:20.2,20.38 1 0
github.com/getkin/kin-openapi/openapi3filter/internal.go:21.76,22.40 1 0
github.com/getkin/kin-openapi/openapi3filter/internal.go:24.2,24.14 1 0
github.com/getkin/kin-openapi/openapi3filter/middleware.go:47.40,48.11 1 0
github.com/getkin/kin-openapi/openapi3filter/middleware.go:49.17,50.14 1 0
github.com/getkin/kin-openapi/openapi3filter/middleware.go:51.30,52.21 1 0
github.com/getkin/kin-openapi/openapi3filter/middleware.go:53.29,54.23 1 0
github.com/getkin/kin-openapi/openapi3filter/middleware.go:55.10,56.24 1 0
github.com/getkin/kin-openapi/openapi3filter/middleware.go:62.81,65.94 1 0
github.com/getkin/kin-openapi/openapi3filter/middleware.go:65.94,67.4 1 0
github.com/getkin/kin-openapi/openapi3filter/middleware.go:68.63,70.4 1 0
github.com/getkin/kin-openapi/openapi3filter/middleware.go:72.2,72.25 1 0
github.com/getkin/kin-openapi/openapi3filter/middleware.go:72.25,74.3 1 0
github.com/getkin/kin-openapi/openapi3filter/middleware.go:75.2,75.10 1 0
github.com/getkin/kin-openapi/openapi3filter/middleware.go:86.39,87.28 1 0
github.com/getkin/kin-openapi/openapi3filter/middleware.go:87.28,89.3 1 0
github.com/getkin/kin-openapi/openapi3filter/middleware.go:95.39,96.28 1 0
github.com/getkin/kin-openapi/openapi3filter/middleware.go:96.28,98.3 1 0
github.com/getkin/kin-openapi/openapi3filter/middleware.go:104.42,105.28 1 0
github.com/getkin/kin-openapi/openapi3filter/middleware.go:105.28,107.3 1 0
github.com/getkin/kin-openapi/openapi3filter/middleware.go:111.57,112.28 1 0
github.com/getkin/kin-openapi/openapi3filter/middleware.go:112.28,114.3 1 0
github.com/getkin/kin-openapi/openapi3filter/middleware.go:119.61,120.71 1 0
github.com/getkin/kin-openapi/openapi3filter/middleware.go:120.71,123.17 3 0
github.com/getkin/kin-openapi/openapi3filter/middleware.go:123.17,127.4 3 0
github.com/getkin/kin-openapi/openapi3filter/middleware.go:128.3,134.69 2 0
github.com/getkin/kin-openapi/openapi3filter/middleware.go:134.69,138.4 3 0
github.com/getkin/kin-openapi/openapi3filter/middleware.go:140.3,141.15 2 0
github.com/getkin/kin-openapi/openapi3filter/middleware.go:141.15,143.4 1 0
github.com/getkin/kin-openapi/openapi3filter/middleware.go:143.9,145.4 1 0
github.com/getkin/kin-openapi/openapi3filter/middleware.go:147.3,155.18 2 0
github.com/getkin/kin-openapi/openapi3filter/middleware.go:155.18,157.16 2 0
github.com/getkin/kin-openapi/openapi3filter/middleware.go:157.16,159.5 1 0
github.com/getkin/kin-openapi/openapi3filter/middleware.go:160.4,160.10 1 0
github.com/getkin/kin-openapi/openapi3filter/middleware.go:163.3,163.47 1 0
github.com/getkin/kin-openapi/openapi3filter/middleware.go:163.47,165.4 1 0
github.com/getkin/kin-openapi/openapi3filter/middleware.go:191.73,197.2 3 0
github.com/getkin/kin-openapi/openapi3filter/middleware.go:200.61,201.23 1 0
github.com/getkin/kin-openapi/openapi3filter/middleware.go:201.23,203.3 1 0
github.com/getkin/kin-openapi/openapi3filter/middleware.go:204.2,204.24 1 0
github.com/getkin/kin-openapi/openapi3filter/middleware.go:208.56,209.23 1 0
github.com/getkin/kin-openapi/openapi3filter/middleware.go:209.23,214.3 2 0
github.com/getkin/kin-openapi/openapi3filter/middleware.go:215.2,215.29 1 0
github.com/getkin/kin-openapi/openapi3filter/middleware.go:219.53,221.2 1 0
github.com/getkin/kin-openapi/openapi3filter/middleware.go:224.40,227.39 1 0
github.com/getkin/kin-openapi/openapi3filter/middleware.go:227.39,229.3 1 0
github.com/getkin/kin-openapi/openapi3filter/middleware.go:232.58,234.2 1 0
github.com/getkin/kin-openapi/openapi3filter/middleware.go:236.49,238.2 1 0
github.com/getkin/kin-openapi/openapi3filter/middleware.go:240.54,242.2 1 0
github.com/getkin/kin-openapi/openapi3filter/middleware.go:252.63,253.23 1 0
github.com/getkin/kin-openapi/openapi3filter/middleware.go:253.23,255.3 1 0
github.com/getkin/kin-openapi/openapi3filter/middleware.go:256.2,256.25 1 0
github.com/getkin/kin-openapi/openapi3filter/middleware.go:260.58,261.23 1 0
github.com/getkin/kin-openapi/openapi3filter/middleware.go:261.23,264.3 2 0
github.com/getkin/kin-openapi/openapi3filter/middleware.go:268.55,270.2 1 0
github.com/getkin/kin-openapi/openapi3filter/middleware.go:272.60,276.2 3 0
github.com/getkin/kin-openapi/openapi3filter/middleware.go:278.51,280.2 1 0
github.com/getkin/kin-openapi/openapi3filter/middleware.go:282.56,284.2 1 0
github.com/getkin/kin-openapi/openapi3filter/options.go:55.70,57.2 1 0
github.com/getkin/kin-openapi/openapi3filter/req_resp_decoder.go:53.37,55.31 2 0
github.com/getkin/kin-openapi/openapi3filter/req_resp_decoder.go:55.31,57.23 2 0
github.com/getkin/kin-openapi/openapi3filter/req_resp_decoder.go:57.23,59.4 1 0
github.com/getkin/kin-openapi/openapi3filter/req_resp_decoder.go:60.3,60.68 1 0
github.com/getkin/kin-openapi/openapi3filter/req_resp_decoder.go:62.2,63.32 2 0
github.com/getkin/kin-openapi/openapi3filter/req_resp_decoder.go:66.42,68.20 2 0
github.com/getkin/kin-openapi/openapi3filter/req_resp_decoder.go:68.20,70.3 1 0
github.com/getkin/kin-openapi/openapi3filter/req_resp_decoder.go:71.2,71.20 1 0
github.com/getkin/kin-openapi/openapi3filter/req_resp_decoder.go:71.20,73.3 1 0
github.com/getkin/kin-openapi/openapi3filter/req_resp_decoder.go:74.2,74.20 1 0
github.com/getkin/kin-openapi/openapi3filter/req_resp_decoder.go:74.20,75.41 1 0
github.com/getkin/kin-openapi/openapi3filter/req_resp_decoder.go:75.41,77.4 1 0
github.com/getkin/kin-openapi/openapi3filter/req_resp_decoder.go:77.9,79.4 1 0
github.com/getkin/kin-openapi/openapi3filter/req_resp_decoder.go:81.2,81.32 1 0
github.com/getkin/kin-openapi/openapi3filter/req_resp_decoder.go:85.40,86.40 1 0
github.com/getkin/kin-openapi/openapi3filter/req_resp_decoder.go:86.40,88.3 1 0
github.com/getkin/kin-openapi/openapi3filter/req_resp_decoder.go:89.2,89.16 1 0
github.com/getkin/kin-openapi/openapi3filter/req_resp_decoder.go:92.36,94.2 1 0
github.com/getkin/kin-openapi/openapi3filter/req_resp_decoder.go:97.35,99.40 2 0
github.com/getkin/kin-openapi/openapi3filter/req_resp_decoder.go:99.40,101.17 2 0
github.com/getkin/kin-openapi/openapi3filter/req_resp_decoder.go:101.17,103.4 1 0
github.com/getkin/kin-openapi/openapi3filter/req_resp_decoder.go:105.2,105.21 1 0
github.com/getkin/kin-openapi/openapi3filter/req_resp_decoder.go:105.21,107.3 1 0
github.com/getkin/kin-openapi/openapi3filter/req_resp_decoder.go:108.2,108.13 1 0
github.com/getkin/kin-openapi/openapi3filter/req_resp_decoder.go:111.76,113.2 1 0
github.com/getkin/kin-openapi/openapi3filter/req_resp_decoder.go:122.3,124.18 2 0
github.com/getkin/kin-openapi/openapi3filter/req_resp_decoder.go:125.32,127.62 2 0
github.com/getkin/kin-openapi/openapi3filter/req_resp_decoder.go:127.62,129.4 1 0
github.com/getkin/kin-openapi/openapi3filter/req_resp_decoder.go:130.33,131.58 1 0
github.com/getkin/kin-openapi/openapi3filter/req_resp_decoder.go:132.34,134.93 2 0
github.com/getkin/kin-openapi/openapi3filter/req_resp_decoder.go:134.93,136.4 1 0
github.com/getkin/kin-openapi/openapi3filter/req_resp_decoder.go:137.34,139.78 2 0
github.com/getkin/kin-openapi/openapi3filter/req_resp_decoder.go:139.78,141.4 1 0
github.com/getkin/kin-openapi/openapi3filter/req_resp_decoder.go:141.9,141.24 1 0
github.com/getkin/kin-openapi/openapi3filter/req_resp_decoder.go:141.24,143.4 1 0
github.com/getkin/kin-openapi/openapi3filter/req_resp_decoder.go:143.9,146.4 2 0
github.com/getkin/kin-openapi/openapi3filter/req_resp_decoder.go:147.10,149.9 2 0
github.com/getkin/kin-openapi/openapi3filter/req_resp_decoder.go:152.2,152.12 1 0
github.com/getkin/kin-openapi/openapi3filter/req_resp_decoder.go:152.12,153.21 1 0
github.com/getkin/kin-openapi/openapi3filter/req_resp_decoder.go:153.21,155.4 1 0
github.com/getkin/kin-openapi/openapi3filter/req_resp_decoder.go:156.3,156.9 1 0
github.com/getkin/kin-openapi/openapi3filter/req_resp_decoder.go:159.2,160.20 2 0
github.com/getkin/kin-openapi/openapi3filter/req_resp_decoder.go:160.20,162.3 1 0
github.com/getkin/kin-openapi/openapi3filter/req_resp_decoder.go:164.2,165.8 2 0
github.com/getkin/kin-openapi/openapi3filter/req_resp_decoder.go:172.3,174.62 1 0
github.com/getkin/kin-openapi/openapi3filter/req_resp_decoder.go:174.62,177.3 2 0
github.com/getkin/kin-openapi/openapi3filter/req_resp_decoder.go:179.2,180.20 2 0
github.com/getkin/kin-openapi/openapi3filter/req_resp_decoder.go:180.20,183.3 2 0
github.com/getkin/kin-openapi/openapi3filter/req_resp_decoder.go:185.2,185.23 1 0
github.com/getkin/kin-openapi/openapi3filter/req_resp_decoder.go:185.23,188.3 2 0
github.com/getkin/kin-openapi/openapi3filter/req_resp_decoder.go:190.2,191.15 2 0
github.com/getkin/kin-openapi/openapi3filter/req_resp_decoder.go:191.15,194.3 2 0
github.com/getkin/kin-openapi/openapi3filter/req_resp_decoder.go:195.2,197.94 2 0
github.com/getkin/kin-openapi/openapi3filter/req_resp_decoder.go:197.94,198.66 1 0
github.com/getkin/kin-openapi/openapi3filter/req_resp_decoder.go:198.66,199.66 1 0
github.com/getkin/kin-openapi/openapi3filter/req_resp_decoder.go:199.66,201.5 1 0
github.com/getkin/kin-openapi/openapi3filter/req_resp_decoder.go:203.3,203.9 1 0
github.com/getkin/kin-openapi/openapi3filter/req_resp_decoder.go:206.2,206.22 1 0
github.com/getkin/kin-openapi/openapi3filter/req_resp_decoder.go:206.22,207.66 1 0
github.com/getkin/kin-openapi/openapi3filter/req_resp_decoder.go:207.66,210.4 2 0
github.com/getkin/kin-openapi/openapi3filter/req_resp_decoder.go:211.8,213.28 2 0
github.com/getkin/kin-openapi/openapi3filter/req_resp_decoder.go:213.28,215.61 2 0
github.com/getkin/kin-openapi/openapi3filter/req_resp_decoder.go:215.61,218.5 2 0
github.com/getkin/kin-openapi/openapi3filter/req_resp_decoder.go:219.4,219.37 1 0
github.com/getkin/kin-openapi/openapi3filter/req_resp_decoder.go:221.3,221.22 1 0
github.com/getkin/kin-openapi/openapi3filter/req_resp_decoder.go:223.2,223.8 1 0
github.com/getkin/kin-openapi/openapi3filter/req_resp_decoder.go:235.105,237.16 2 0
github.com/getkin/kin-openapi/openapi3filter/req_resp_decoder.go:237.16,239.3 1 0
github.com/getkin/kin-openapi/openapi3filter/req_resp_decoder.go:241.2,242.18 2 0
github.com/getkin/kin-openapi/openapi3filter/req_resp_decoder.go:243.32,244.33 1 0
github.com/getkin/kin-openapi/openapi3filter/req_resp_decoder.go:244.33,246.4 1 0
github.com/getkin/kin-openapi/openapi3filter/req_resp_decoder.go:247.3,247.56 1 0
github.com/getkin/kin-openapi/openapi3filter/req_resp_decoder.go:248.33,249.39 1 0
github.com/getkin/kin-openapi/openapi3filter/req_resp_decoder.go:249.39,251.4 1 0
github.com/getkin/kin-openapi/openapi3filter/req_resp_decoder.go:252.3,252.58 1 0
github.com/getkin/kin-openapi/openapi3filter/req_resp_decoder.go:253.34,254.58 1 0
github.com/getkin/kin-openapi/openapi3filter/req_resp_decoder.go:255.34,256.48 1 0
github.com/getkin/kin-openapi/openapi3filter/req_resp_decoder.go:257.10,258.78 1 0
github.com/getkin/kin-openapi/openapi3filter/req_resp_decoder.go:261.2,261.71 1 0
github.com/getkin/kin-openapi/openapi3filter/req_resp_decoder.go:264.146,267.33 2 0
github.com/getkin/kin-openapi/openapi3filter/req_resp_decoder.go:267.33,270.41 3 0
github.com/getkin/kin-openapi/openapi3filter/req_resp_decoder.go:270.41,274.34 4 0
github.com/getkin/kin-openapi/openapi3filter/req_resp_decoder.go:274.34,275.10 1 0
github.com/getkin/kin-openapi/openapi3filter/req_resp_decoder.go:278.3,278.27 1 0
github.com/getkin/kin-openapi/openapi3filter/req_resp_decoder.go:281.2,281.33 1 0
github.com/getkin/kin-openapi/openapi3filter/req_resp_decoder.go:281.33,282.41 1 0
github.com/getkin/kin-openapi/openapi3filter/req_resp_decoder.go:282.41,285.20 3 0
github.com/getkin/kin-openapi/openapi3filter/req_resp_decoder.go:285.20,287.5 1 0
github.com/getkin/kin-openapi/openapi3filter/req_resp_decoder.go:289.3,289.15 1 0
github.com/getkin/kin-openapi/openapi3filter/req_resp_decoder.go:289.15,291.4 1 0
github.com/getkin/kin-openapi/openapi3filter/req_resp_decoder.go:292.3,292.25 1 0
github.com/getkin/kin-openapi/openapi3filter/req_resp_decoder.go:295.2,295.33 1 0
github.com/getkin/kin-openapi/openapi3filter/req_resp_decoder.go:295.33,298.41 3 0
github.com/getkin/kin-openapi/openapi3filter/req_resp_decoder.go:298.41,301.16 3 0
github.com/getkin/kin-openapi/openapi3filter/req_resp_decoder.go:301.16,304.5 2 0
github.com/getkin/kin-openapi/openapi3filter/req_resp_decoder.go:306.3,306.21 1 0
github.com/getkin/kin-openapi/openapi3filter/req_resp_decoder.go:306.21,308.4 1 0
github.com/getkin/kin-openapi/openapi3filter/req_resp_decoder.go:309.3,309.15 1 0
github.com/getkin/kin-openapi/openapi3filter/req_resp_decoder.go:309.15,311.4 1 0
github.com/getkin/kin-openapi/openapi3filter/req_resp_decoder.go:312.3,312.25 1 0
github.com/getkin/kin-openapi/openapi3filter/req_resp_decoder.go:315.2,315.29 1 0
github.com/getkin/kin-openapi/openapi3filter/req_resp_decoder.go:315.29,318.3 1 0
github.com/getkin/kin-openapi/openapi3filter/req_resp_decoder.go:320.2,320.30 1 0
github.com/getkin/kin-openapi/openapi3filter/req_resp_decoder.go:320.30,322.10 2 0
github.com/getkin/kin-openapi/openapi3filter/req_resp_decoder.go:323.38,324.115 1 0
github.com/getkin/kin-openapi/openapi3filter/req_resp_decoder.go:324.115,326.22 2 0
github.com/getkin/kin-openapi/openapi3filter/req_resp_decoder.go:326.22,328.6 1 0
github.com/getkin/kin-openapi/openapi3filter/req_resp_decoder.go:329.5,329.21 1 0
github.com/getkin/kin-openapi/openapi3filter/req_resp_decoder.go:331.39,332.115 1 0
github.com/getkin/kin-openapi/openapi3filter/req_resp_decoder.go:332.115,334.5 1 0
github.com/getkin/kin-openapi/openapi3filter/req_resp_decoder.go:335.11,336.34 1 0
github.com/getkin/kin-openapi/openapi3filter/req_resp_decoder.go:338.3,338.37 1 0
github.com/getkin/kin-openapi/openapi3filter/req_resp_decoder.go:340.2,340.32 1 0
github.com/getkin/kin-openapi/openapi3filter/req_resp_decoder.go:341.25,342.40 1 0
github.com/getkin/kin-openapi/openapi3filter/req_resp_decoder.go:343.25,344.33 1 0
github.com/getkin/kin-openapi/openapi3filter/req_resp_decoder.go:344.33,346.4 1 0
github.com/getkin/kin-openapi/openapi3filter/req_resp_decoder.go:347.3,347.36 1 0
github.com/getkin/kin-openapi/openapi3filter/req_resp_decoder.go:348.27,349.61 1 0
github.com/getkin/kin-openapi/openapi3filter/req_resp_decoder.go:350.27,352.34 2 0
github.com/getkin/kin-openapi/openapi3filter/req_resp_decoder.go:353.10,354.55 1 0
github.com/getkin/kin-openapi/openapi3filter/req_resp_decoder.go:356.2,356.24 1 0
github.com/getkin/kin-openapi/openapi3filter/req_resp_decoder.go:364.139,366.18 2 0
github.com/getkin/kin-openapi/openapi3filter/req_resp_decoder.go:367.16,367.16 0 0
github.com/getkin/kin-openapi/openapi3filter/req_resp_decoder.go:369.15,370.15 1 0
github.com/getkin/kin-openapi/openapi3filter/req_resp_decoder.go:371.16,372.29 1 0
github.com/getkin/kin-openapi/openapi3filter/req_resp_decoder.go:373.10,374.55 1 0
github.com/getkin/kin-openapi/openapi3filter/req_resp_decoder.go:377.2,377.25 1 0
github.com/getkin/kin-openapi/openapi3filter/req_resp_decoder.go:377.25,380.3 1 0
github.com/getkin/kin-openapi/openapi3filter/req_resp_decoder.go:381.2,382.22 2 0
github.com/getkin/kin-openapi/openapi3filter/req_resp_decoder.go:382.22,385.3 1 0
github.com/getkin/kin-openapi/openapi3filter/req_resp_decoder.go:386.2,387.16 2 0
github.com/getkin/kin-openapi/openapi3filter/req_resp_decoder.go:387.16,389.3 1 0
github.com/getkin/kin-openapi/openapi3filter/req_resp_decoder.go:390.2,391.21 2 0
github.com/getkin/kin-openapi/openapi3filter/req_resp_decoder.go:394.137,396.9 2 0
github.com/getkin/kin-openapi/openapi3filter/req_resp_decoder.go:397.28,398.14 1 0
github.com/getkin/kin-openapi/openapi3filter/req_resp_decoder.go:399.42,401.14 2 0
github.com/getkin/kin-openapi/openapi3filter/req_resp_decoder.go:402.41,404.14 2 0
github.com/getkin/kin-openapi/openapi3filter/req_resp_decoder.go:405.43,407.14 2 0
github.com/getkin/kin-openapi/openapi3filter/req_resp_decoder.go:408.42,410.28 2 0
github.com/getkin/kin-openapi/openapi3filter/req_resp_decoder.go:411.10,412.55 1 0
github.com/getkin/kin-openapi/openapi3filter/req_resp_decoder.go:415.2,415.25 1 0
github.com/getkin/kin-openapi/openapi3filter/req_resp_decoder.go:415.25,418.3 1 0
github.com/getkin/kin-openapi/openapi3filter/req_resp_decoder.go:419.2,420.22 2 0
github.com/getkin/kin-openapi/openapi3filter/req_resp_decoder.go:420.22,423.3 1 0
github.com/getkin/kin-openapi/openapi3filter/req_resp_decoder.go:424.2,425.16 2 0
github.com/getkin/kin-openapi/openapi3filter/req_resp_decoder.go:425.16,427.3 1 0
github.com/getkin/kin-openapi/openapi3filter/req_resp_decoder.go:428.2,429.21 2 0
github.com/getkin/kin-openapi/openapi3filter/req_resp_decoder.go:432.147,434.9 2 0
github.com/getkin/kin-openapi/openapi3filter/req_resp_decoder.go:435.43,437.19 2 0
github.com/getkin/kin-openapi/openapi3filter/req_resp_decoder.go:438.42,440.19 2 0
github.com/getkin/kin-openapi/openapi3filter/req_resp_decoder.go:441.42,444.19 3 0
github.com/getkin/kin-openapi/openapi3filter/req_resp_decoder.go:445.41,448.19 3 0
github.com/getkin/kin-openapi/openapi3filter/req_resp_decoder.go:449.43,452.19 3 0
github.com/getkin/kin-openapi/openapi3filter/req_resp_decoder.go:453.42,456.19 3 0
github.com/getkin/kin-openapi/openapi3filter/req_resp_decoder.go:457.10,458.55 1 0
github.com/getkin/kin-openapi/openapi3filter/req_resp_decoder.go:461.2,461.25 1 0
github.com/getkin/kin-openapi/openapi3filter/req_resp_decoder.go:461.25,464.3 1 0
github.com/getkin/kin-openapi/openapi3filter/req_resp_decoder.go:465.2,466.22 2 0
github.com/getkin/kin-openapi/openapi3filter/req_resp_decoder.go:466.22,469.3 1 0
github.com/getkin/kin-openapi/openapi3filter/req_resp_decoder.go:470.2,471.16 2 0
github.com/getkin/kin-openapi/openapi3filter/req_resp_decoder.go:471.16,473.3 1 0
github.com/getkin/kin-openapi/openapi3filter/req_resp_decoder.go:474.2,475.16 2 0
github.com/getkin/kin-openapi/openapi3filter/req_resp_decoder.go:475.16,477.3 1 0
github.com/getkin/kin-openapi/openapi3filter/req_resp_decoder.go:479.2,480.21 2 0
github.com/getkin/kin-openapi/openapi3filter/req_resp_decoder.go:485.52,486.18 1 0
github.com/getkin/kin-openapi/openapi3filter/req_resp_decoder.go:486.18,488.3 1 0
github.com/getkin/kin-openapi/openapi3filter/req_resp_decoder.go:489.2,489.59 1 0
github.com/getkin/kin-openapi/openapi3filter/req_resp_decoder.go:489.59,495.3 1 0
github.com/getkin/kin-openapi/openapi3filter/req_resp_decoder.go:496.2,496.31 1 0
github.com/getkin/kin-openapi/openapi3filter/req_resp_decoder.go:504.139,505.24 1 0
github.com/getkin/kin-openapi/openapi3filter/req_resp_decoder.go:505.24,507.3 1 0
github.com/getkin/kin-openapi/openapi3filter/req_resp_decoder.go:509.2,510.22 2 0
github.com/getkin/kin-openapi/openapi3filter/req_resp_decoder.go:510.22,513.3 1 0
github.com/getkin/kin-openapi/openapi3filter/req_resp_decoder.go:515.2,515.60 1 0
github.com/getkin/kin-openapi/openapi3filter/req_resp_decoder.go:515.60,517.3 1 0
github.com/getkin/kin-openapi/openapi3filter/req_resp_decoder.go:518.2,519.21 2 0
github.com/getkin/kin-openapi/openapi3filter/req_resp_decoder.go:522.137,523.30 1 0
github.com/getkin/kin-openapi/openapi3filter/req_resp_decoder.go:523.30,525.3 1 0
github.com/getkin/kin-openapi/openapi3filter/req_resp_decoder.go:527.2,528.22 2 0
github.com/getkin/kin-openapi/openapi3filter/req_resp_decoder.go:528.22,531.3 1 0
github.com/getkin/kin-openapi/openapi3filter/req_resp_decoder.go:532.2,532.17 1 0
github.com/getkin/kin-openapi/openapi3filter/req_resp_decoder.go:532.17,534.19 2 0
github.com/getkin/kin-openapi/openapi3filter/req_resp_decoder.go:535.15,536.15 1 0
github.com/getkin/kin-openapi/openapi3filter/req_resp_decoder.go:537.25,538.15 1 0
github.com/getkin/kin-openapi/openapi3filter/req_resp_decoder.go:539.24,540.15 1 0
github.com/getkin/kin-openapi/openapi3filter/req_resp_decoder.go:542.3,542.43 1 0
github.com/getkin/kin-openapi/openapi3filter/req_resp_decoder.go:544.2,545.21 2 0
github.com/getkin/kin-openapi/openapi3filter/req_resp_decoder.go:551.99,554.24 2 0
github.com/getkin/kin-openapi/openapi3filter/req_resp_decoder.go:554.24,556.17 2 0
github.com/getkin/kin-openapi/openapi3filter/req_resp_decoder.go:556.17,557.38 1 0
github.com/getkin/kin-openapi/openapi3filter/req_resp_decoder.go:557.38,559.5 1 0
github.com/getkin/kin-openapi/openapi3filter/req_resp_decoder.go:560.4,560.49 1 0
github.com/getkin/kin-openapi/openapi3filter/req_resp_decoder.go:565.3,565.18 1 0
github.com/getkin/kin-openapi/openapi3filter/req_resp_decoder.go:565.18,567.4 1 0
github.com/getkin/kin-openapi/openapi3filter/req_resp_decoder.go:568.3,568.30 1 0
github.com/getkin/kin-openapi/openapi3filter/req_resp_decoder.go:571.2,571.21 1 0
github.com/getkin/kin-openapi/openapi3filter/req_resp_decoder.go:571.21,572.52 1 0
github.com/getkin/kin-openapi/openapi3filter/req_resp_decoder.go:572.52,574.4 1 0
github.com/getkin/kin-openapi/openapi3filter/req_resp_decoder.go:576.2,576.19 1 0
github.com/getkin/kin-openapi/openapi3filter/req_resp_decoder.go:579.90,580.33 1 0
github.com/getkin/kin-openapi/openapi3filter/req_resp_decoder.go:580.33,583.41 3 0
github.com/getkin/kin-openapi/openapi3filter/req_resp_decoder.go:583.41,585.34 2 0
github.com/getkin/kin-openapi/openapi3filter/req_resp_decoder.go:585.34,586.10 1 0
github.com/getkin/kin-openapi/openapi3filter/req_resp_decoder.go:589.3,589.20 1 0
github.com/getkin/kin-openapi/openapi3filter/req_resp_decoder.go:592.2,592.33 1 0
github.com/getkin/kin-openapi/openapi3filter/req_resp_decoder.go:592.33,595.41 3 0
github.com/getkin/kin-openapi/openapi3filter/req_resp_decoder.go:595.41,596.52 1 0
github.com/getkin/kin-openapi/openapi3filter/req_resp_decoder.go:596.52,598.5 1 0
github.com/getkin/kin-openapi/openapi3filter/req_resp_decoder.go:601.3,601.18 1 0
github.com/getkin/kin-openapi/openapi3filter/req_resp_decoder.go:604.2,604.33 1 0
github.com/getkin/kin-openapi/openapi3filter/req_resp_decoder.go:604.33,608.41 4 0
github.com/getkin/kin-openapi/openapi3filter/req_resp_decoder.go:608.41,610.18 2 0
github.com/getkin/kin-openapi/openapi3filter/req_resp_decoder.go:610.18,613.5 2 0
github.com/getkin/kin-openapi/openapi3filter/req_resp_decoder.go:615.3,615.21 1 0
github.com/getkin/kin-openapi/openapi3filter/req_resp_decoder.go:615.21,617.4 1 0
github.com/getkin/kin-openapi/openapi3filter/req_resp_decoder.go:617.9,617.27 1 0
github.com/getkin/kin-openapi/openapi3filter/req_resp_decoder.go:617.27,619.4 1 0
github.com/getkin/kin-openapi/openapi3filter/req_resp_decoder.go:619.9,619.28 1 0
github.com/getkin/kin-openapi/openapi3filter/req_resp_decoder.go:619.28,621.4 1 0
github.com/getkin/kin-openapi/openapi3filter/req_resp_decoder.go:623.3,623.18 1 0
github.com/getkin/kin-openapi/openapi3filter/req_resp_decoder.go:626.2,626.29 1 0
github.com/getkin/kin-openapi/openapi3filter/req_resp_decoder.go:626.29,629.3 1 0
github.com/getkin/kin-openapi/openapi3filter/req_resp_decoder.go:631.2,631.34 1 0
github.com/getkin/kin-openapi/openapi3filter/req_resp_decoder.go:638.147,640.18 2 0
github.com/getkin/kin-openapi/openapi3filter/req_resp_decoder.go:641.14,642.64 1 0
github.com/getkin/kin-openapi/openapi3filter/req_resp_decoder.go:642.64,643.24 1 0
github.com/getkin/kin-openapi/openapi3filter/req_resp_decoder.go:643.24,646.5 1 0
github.com/getkin/kin-openapi/openapi3filter/req_resp_decoder.go:647.4,647.18 1 0
github.com/getkin/kin-openapi/openapi3filter/req_resp_decoder.go:647.18,649.37 2 0
github.com/getkin/kin-openapi/openapi3filter/req_resp_decoder.go:649.37,651.6 1 0
github.com/getkin/kin-openapi/openapi3filter/req_resp_decoder.go:652.5,652.22 1 0
github.com/getkin/kin-openapi/openapi3filter/req_resp_decoder.go:654.4,655.24 2 0
github.com/getkin/kin-openapi/openapi3filter/req_resp_decoder.go:655.24,658.5 1 0
github.com/getkin/kin-openapi/openapi3filter/req_resp_decoder.go:659.4,659.47 1 0
github.com/getkin/kin-openapi/openapi3filter/req_resp_decoder.go:661.20,662.64 1 0
github.com/getkin/kin-openapi/openapi3filter/req_resp_decoder.go:662.64,664.36 2 0
github.com/getkin/kin-openapi/openapi3filter/req_resp_decoder.go:664.36,665.92 1 0
github.com/getkin/kin-openapi/openapi3filter/req_resp_decoder.go:665.92,666.14 1 0
github.com/getkin/kin-openapi/openapi3filter/req_resp_decoder.go:669.5,670.31 2 0
github.com/getkin/kin-openapi/openapi3filter/req_resp_decoder.go:671.17,673.14 1 0
github.com/getkin/kin-openapi/openapi3filter/req_resp_decoder.go:674.17,676.32 2 0
github.com/getkin/kin-openapi/openapi3filter/req_resp_decoder.go:676.32,678.7 1 0
github.com/getkin/kin-openapi/openapi3filter/req_resp_decoder.go:679.6,679.94 1 0
github.com/getkin/kin-openapi/openapi3filter/req_resp_decoder.go:682.4,682.23 1 0
github.com/getkin/kin-openapi/openapi3filter/req_resp_decoder.go:682.23,685.5 1 0
github.com/getkin/kin-openapi/openapi3filter/req_resp_decoder.go:686.4,686.21 1 0
github.com/getkin/kin-openapi/openapi3filter/req_resp_decoder.go:688.10,689.55 1 0
github.com/getkin/kin-openapi/openapi3filter/req_resp_decoder.go:691.2,692.16 2 0
github.com/getkin/kin-openapi/openapi3filter/req_resp_decoder.go:692.16,694.3 1 0
github.com/getkin/kin-openapi/openapi3filter/req_resp_decoder.go:695.2,695.18 1 0
github.com/getkin/kin-openapi/openapi3filter/req_resp_decoder.go:695.18,697.3 1 0
github.com/getkin/kin-openapi/openapi3filter/req_resp_decoder.go:698.2,699.16 2 0
github.com/getkin/kin-openapi/openapi3filter/req_resp_decoder.go:699.16,701.3 1 0
github.com/getkin/kin-openapi/openapi3filter/req_resp_decoder.go:703.2,704.48 2 0
github.com/getkin/kin-openapi/openapi3filter/req_resp_decoder.go:704.48,705.35 1 0
github.com/getkin/kin-openapi/openapi3filter/req_resp_decoder.go:705.35,707.9 2 0
github.com/getkin/kin-openapi/openapi3filter/req_resp_decoder.go:710.3,710.80 1 0
github.com/getkin/kin-openapi/openapi3filter/req_resp_decoder.go:710.80,711.25 1 0
github.com/getkin/kin-openapi/openapi3filter/req_resp_decoder.go:711.25,713.43 2 0
github.com/getkin/kin-openapi/openapi3filter/req_resp_decoder.go:713.43,715.11 2 0
github.com/getkin/kin-openapi/openapi3filter/req_resp_decoder.go:721.2,721.24 1 0
github.com/getkin/kin-openapi/openapi3filter/req_resp_decoder.go:729.141,730.26 1 0
github.com/getkin/kin-openapi/openapi3filter/req_resp_decoder.go:730.26,732.3 1 0
github.com/getkin/kin-openapi/openapi3filter/req_resp_decoder.go:734.2,735.26 2 0
github.com/getkin/kin-openapi/openapi3filter/req_resp_decoder.go:735.26,738.3 1 0
github.com/getkin/kin-openapi/openapi3filter/req_resp_decoder.go:740.2,741.21 2 0
github.com/getkin/kin-openapi/openapi3filter/req_resp_decoder.go:744.139,745.26 1 0
github.com/getkin/kin-openapi/openapi3filter/req_resp_decoder.go:745.26,747.3 1 0
github.com/getkin/kin-openapi/openapi3filter/req_resp_decoder.go:749.2,750.26 2 0
github.com/getkin/kin-openapi/openapi3filter/req_resp_decoder.go:750.26,753.3 1 0
github.com/getkin/kin-openapi/openapi3filter/req_resp_decoder.go:755.2,756.21 2 0
github.com/getkin/kin-openapi/openapi3filter/req_resp_decoder.go:759.149,760.26 1 0
github.com/getkin/kin-openapi/openapi3filter/req_resp_decoder.go:760.26,762.3 1 0
github.com/getkin/kin-openapi/openapi3filter/req_resp_decoder.go:763.2,764.16 2 0
github.com/getkin/kin-openapi/openapi3filter/req_resp_decoder.go:764.16,766.3 1 0
github.com/getkin/kin-openapi/openapi3filter/req_resp_decoder.go:768.2,769.26 2 0
github.com/getkin/kin-openapi/openapi3filter/req_resp_decoder.go:769.26,772.3 1 0
github.com/getkin/kin-openapi/openapi3filter/req_resp_decoder.go:773.2,774.16 2 0
github.com/getkin/kin-openapi/openapi3filter/req_resp_decoder.go:774.16,776.3 1 0
github.com/getkin/kin-openapi/openapi3filter/req_resp_decoder.go:777.2,778.21 2 0
github.com/getkin/kin-openapi/openapi3filter/req_resp_decoder.go:786.141,787.24 1 0
github.com/getkin/kin-openapi/openapi3filter/req_resp_decoder.go:787.24,789.3 1 0
github.com/getkin/kin-openapi/openapi3filter/req_resp_decoder.go:791.2,793.12 3 0
github.com/getkin/kin-openapi/openapi3filter/req_resp_decoder.go:793.12,796.3 1 0
github.com/getkin/kin-openapi/openapi3filter/req_resp_decoder.go:797.2,797.16 1 0
github.com/getkin/kin-openapi/openapi3filter/req_resp_decoder.go:797.16,799.3 1 0
github.com/getkin/kin-openapi/openapi3filter/req_resp_decoder.go:801.2,802.24 2 0
github.com/getkin/kin-openapi/openapi3filter/req_resp_decoder.go:805.139,806.38 1 0
github.com/getkin/kin-openapi/openapi3filter/req_resp_decoder.go:806.38,808.3 1 0
github.com/getkin/kin-openapi/openapi3filter/req_resp_decoder.go:810.2,812.12 3 0
github.com/getkin/kin-openapi/openapi3filter/req_resp_decoder.go:812.12,815.3 1 0
github.com/getkin/kin-openapi/openapi3filter/req_resp_decoder.go:816.2,816.16 1 0
github.com/getkin/kin-openapi/openapi3filter/req_resp_decoder.go:816.16,818.3 1 0
github.com/getkin/kin-openapi/openapi3filter/req_resp_decoder.go:819.2,820.24 2 0
github.com/getkin/kin-openapi/openapi3filter/req_resp_decoder.go:823.149,824.38 1 0
github.com/getkin/kin-openapi/openapi3filter/req_resp_decoder.go:824.38,826.3 1 0
github.com/getkin/kin-openapi/openapi3filter/req_resp_decoder.go:828.2,830.12 3 0
github.com/getkin/kin-openapi/openapi3filter/req_resp_decoder.go:830.12,833.3 1 0
github.com/getkin/kin-openapi/openapi3filter/req_resp_decoder.go:834.2,834.16 1 0
github.com/getkin/kin-openapi/openapi3filter/req_resp_decoder.go:834.16,836.3 1 0
github.com/getkin/kin-openapi/openapi3filter/req_resp_decoder.go:837.2,838.16 2 0
github.com/getkin/kin-openapi/openapi3filter/req_resp_decoder.go:838.16,840.3 1 0
github.com/getkin/kin-openapi/openapi3filter/req_resp_decoder.go:841.2,842.24 2 0
github.com/getkin/kin-openapi/openapi3filter/req_resp_decoder.go:848.84,854.29 3 0
github.com/getkin/kin-openapi/openapi3filter/req_resp_decoder.go:854.29,857.24 1 0
github.com/getkin/kin-openapi/openapi3filter/req_resp_decoder.go:857.24,863.4 1 0
github.com/getkin/kin-openapi/openapi3filter/req_resp_decoder.go:864.3,864.37 1 0
github.com/getkin/kin-openapi/openapi3filter/req_resp_decoder.go:864.37,866.4 1 0
github.com/getkin/kin-openapi/openapi3filter/req_resp_decoder.go:867.3,867.20 1 0
github.com/getkin/kin-openapi/openapi3filter/req_resp_decoder.go:872.2,872.29 1 0
github.com/getkin/kin-openapi/openapi3filter/req_resp_decoder.go:872.29,874.21 2 0
github.com/getkin/kin-openapi/openapi3filter/req_resp_decoder.go:874.21,880.4 1 0
github.com/getkin/kin-openapi/openapi3filter/req_resp_decoder.go:881.3,881.27 1 0
github.com/getkin/kin-openapi/openapi3filter/req_resp_decoder.go:883.2,883.19 1 0
github.com/getkin/kin-openapi/openapi3filter/req_resp_decoder.go:886.60,887.27 1 0
github.com/getkin/kin-openapi/openapi3filter/req_resp_decoder.go:887.27,889.10 2 0
github.com/getkin/kin-openapi/openapi3filter/req_resp_decoder.go:889.10,891.4 1 0
github.com/getkin/kin-openapi/openapi3filter/req_resp_decoder.go:892.3,892.40 1 0
github.com/getkin/kin-openapi/openapi3filter/req_resp_decoder.go:892.40,894.4 1 0
github.com/getkin/kin-openapi/openapi3filter/req_resp_decoder.go:896.2,896.16 1 0
github.com/getkin/kin-openapi/openapi3filter/req_resp_decoder.go:899.58,900.35 1 0
github.com/getkin/kin-openapi/openapi3filter/req_resp_decoder.go:900.35,902.27 2 0
github.com/getkin/kin-openapi/openapi3filter/req_resp_decoder.go:902.27,904.4 1 0
github.com/getkin/kin-openapi/openapi3filter/req_resp_decoder.go:905.3,905.30 1 0
github.com/getkin/kin-openapi/openapi3filter/req_resp_decoder.go:907.2,907.30 1 0
github.com/getkin/kin-openapi/openapi3filter/req_resp_decoder.go:911.94,914.31 2 0
github.com/getkin/kin-openapi/openapi3filter/req_resp_decoder.go:914.31,916.51 2 0
github.com/getkin/kin-openapi/openapi3filter/req_resp_decoder.go:916.51,920.4 2 0
github.com/getkin/kin-openapi/openapi3filter/req_resp_decoder.go:921.3,921.29 1 0
github.com/getkin/kin-openapi/openapi3filter/req_resp_decoder.go:923.2,924.16 2 0
github.com/getkin/kin-openapi/openapi3filter/req_resp_decoder.go:924.16,926.3 1 0
github.com/getkin/kin-openapi/openapi3filter/req_resp_decoder.go:927.2,928.9 2 0
github.com/getkin/kin-openapi/openapi3filter/req_resp_decoder.go:928.9,930.3 1 0
github.com/getkin/kin-openapi/openapi3filter/req_resp_decoder.go:932.2,932.20 1 0
github.com/getkin/kin-openapi/openapi3filter/req_resp_decoder.go:936.55,940.19 3 0
github.com/getkin/kin-openapi/openapi3filter/req_resp_decoder.go:940.19,942.17 2 0
github.com/getkin/kin-openapi/openapi3filter/req_resp_decoder.go:942.17,944.4 1 0
github.com/getkin/kin-openapi/openapi3filter/req_resp_decoder.go:945.3,945.27 1 0
github.com/getkin/kin-openapi/openapi3filter/req_resp_decoder.go:947.2,948.25 2 0
github.com/getkin/kin-openapi/openapi3filter/req_resp_decoder.go:948.25,949.14 1 0
github.com/getkin/kin-openapi/openapi3filter/req_resp_decoder.go:949.14,951.4 1 0
github.com/getkin/kin-openapi/openapi3filter/req_resp_decoder.go:953.2,953.28 1 0
github.com/getkin/kin-openapi/openapi3filter/req_resp_decoder.go:953.28,955.10 2 0
github.com/getkin/kin-openapi/openapi3filter/req_resp_decoder.go:955.10,957.12 2 0
github.com/getkin/kin-openapi/openapi3filter/req_resp_decoder.go:959.3,959.31 1 0
github.com/getkin/kin-openapi/openapi3filter/req_resp_decoder.go:961.2,961.20 1 0
github.com/getkin/kin-openapi/openapi3filter/req_resp_decoder.go:965.115,967.15 2 0
github.com/getkin/kin-openapi/openapi3filter/req_resp_decoder.go:967.15,969.3 1 0
github.com/getkin/kin-openapi/openapi3filter/req_resp_decoder.go:971.2,971.9 1 0
github.com/getkin/kin-openapi/openapi3filter/req_resp_decoder.go:972.37,974.10 2 0
github.com/getkin/kin-openapi/openapi3filter/req_resp_decoder.go:974.10,976.4 1 0
github.com/getkin/kin-openapi/openapi3filter/req_resp_decoder.go:977.3,978.13 2 0
github.com/getkin/kin-openapi/openapi3filter/req_resp_decoder.go:978.13,980.4 1 0
github.com/getkin/kin-openapi/openapi3filter/req_resp_decoder.go:982.3,983.17 2 0
github.com/getkin/kin-openapi/openapi3filter/req_resp_decoder.go:983.17,985.4 1 0
github.com/getkin/kin-openapi/openapi3filter/req_resp_decoder.go:986.3,987.22 2 0
github.com/getkin/kin-openapi/openapi3filter/req_resp_decoder.go:987.22,989.18 2 0
github.com/getkin/kin-openapi/openapi3filter/req_resp_decoder.go:989.18,991.5 1 0
github.com/getkin/kin-openapi/openapi3filter/req_resp_decoder.go:992.4,992.16 1 0
github.com/getkin/kin-openapi/openapi3filter/req_resp_decoder.go:992.16,994.5 1 0
github.com/getkin/kin-openapi/openapi3filter/req_resp_decoder.go:996.3,996.24 1 0
github.com/getkin/kin-openapi/openapi3filter/req_resp_decoder.go:997.38,1002.10 5 0
github.com/getkin/kin-openapi/openapi3filter/req_resp_decoder.go:1002.10,1005.4 1 0
github.com/getkin/kin-openapi/openapi3filter/req_resp_decoder.go:1006.3,1006.54 1 0
github.com/getkin/kin-openapi/openapi3filter/req_resp_decoder.go:1006.54,1008.18 2 0
github.com/getkin/kin-openapi/openapi3filter/req_resp_decoder.go:1008.18,1010.5 1 0
github.com/getkin/kin-openapi/openapi3filter/req_resp_decoder.go:1011.4,1011.16 1 0
github.com/getkin/kin-openapi/openapi3filter/req_resp_decoder.go:1011.16,1013.5 1 0
github.com/getkin/kin-openapi/openapi3filter/req_resp_decoder.go:1015.3,1015.30 1 0
github.com/getkin/kin-openapi/openapi3filter/req_resp_decoder.go:1015.30,1017.32 1 0
github.com/getkin/kin-openapi/openapi3filter/req_resp_decoder.go:1017.32,1019.19 2 0
github.com/getkin/kin-openapi/openapi3filter/req_resp_decoder.go:1019.19,1021.6 1 0
github.com/getkin/kin-openapi/openapi3filter/req_resp_decoder.go:1022.5,1022.17 1 0
github.com/getkin/kin-openapi/openapi3filter/req_resp_decoder.go:1022.17,1024.6 1 0
github.com/getkin/kin-openapi/openapi3filter/req_resp_decoder.go:1028.3,1028.24 1 0
github.com/getkin/kin-openapi/openapi3filter/req_resp_decoder.go:1029.35,1030.71 1 0
github.com/getkin/kin-openapi/openapi3filter/req_resp_decoder.go:1031.35,1032.71 1 0
github.com/getkin/kin-openapi/openapi3filter/req_resp_decoder.go:1033.35,1034.71 1 0
github.com/getkin/kin-openapi/openapi3filter/req_resp_decoder.go:1035.10,1037.10 2 0
github.com/getkin/kin-openapi/openapi3filter/req_resp_decoder.go:1037.10,1040.4 1 0
github.com/getkin/kin-openapi/openapi3filter/req_resp_decoder.go:1041.3,1042.10 2 0
github.com/getkin/kin-openapi/openapi3filter/req_resp_decoder.go:1042.10,1044.4 1 0
github.com/getkin/kin-openapi/openapi3filter/req_resp_decoder.go:1045.3,1046.17 2 0
github.com/getkin/kin-openapi/openapi3filter/req_resp_decoder.go:1046.17,1048.4 1 0
github.com/getkin/kin-openapi/openapi3filter/req_resp_decoder.go:1050.3,1050.19 1 0
github.com/getkin/kin-openapi/openapi3filter/req_resp_decoder.go:1055.118,1057.28 2 0
github.com/getkin/kin-openapi/openapi3filter/req_resp_decoder.go:1057.28,1059.31 2 0
github.com/getkin/kin-openapi/openapi3filter/req_resp_decoder.go:1059.31,1061.41 1 0
github.com/getkin/kin-openapi/openapi3filter/req_resp_decoder.go:1061.41,1063.13 2 0
github.com/getkin/kin-openapi/openapi3filter/req_resp_decoder.go:1066.4,1066.32 1 0
github.com/getkin/kin-openapi/openapi3filter/req_resp_decoder.go:1066.32,1067.19 1 0
github.com/getkin/kin-openapi/openapi3filter/req_resp_decoder.go:1067.19,1069.6 1 0
github.com/getkin/kin-openapi/openapi3filter/req_resp_decoder.go:1070.5,1070.13 1 0
github.com/getkin/kin-openapi/openapi3filter/req_resp_decoder.go:1074.4,1074.19 1 0
github.com/getkin/kin-openapi/openapi3filter/req_resp_decoder.go:1078.2,1078.24 1 0
github.com/getkin/kin-openapi/openapi3filter/req_resp_decoder.go:1078.24,1080.3 1 0
github.com/getkin/kin-openapi/openapi3filter/req_resp_decoder.go:1082.2,1082.17 1 0
github.com/getkin/kin-openapi/openapi3filter/req_resp_decoder.go:1085.59,1086.36 1 0
github.com/getkin/kin-openapi/openapi3filter/req_resp_decoder.go:1086.36,1088.3 1 0
github.com/getkin/kin-openapi/openapi3filter/req_resp_decoder.go:1089.2,1089.68 1 0
github.com/getkin/kin-openapi/openapi3filter/req_resp_decoder.go:1092.38,1094.23 2 0
github.com/getkin/kin-openapi/openapi3filter/req_resp_decoder.go:1094.23,1096.3 1 0
github.com/getkin/kin-openapi/openapi3filter/req_resp_decoder.go:1097.2,1097.13 1 0
github.com/getkin/kin-openapi/openapi3filter/req_resp_decoder.go:1103.77,1105.24 2 0
github.com/getkin/kin-openapi/openapi3filter/req_resp_decoder.go:1105.24,1107.17 2 0
github.com/getkin/kin-openapi/openapi3filter/req_resp_decoder.go:1107.17,1108.38 1 0
github.com/getkin/kin-openapi/openapi3filter/req_resp_decoder.go:1108.38,1110.5 1 0
github.com/getkin/kin-openapi/openapi3filter/req_resp_decoder.go:1111.4,1111.49 1 0
github.com/getkin/kin-openapi/openapi3filter/req_resp_decoder.go:1116.3,1116.18 1 0
github.com/getkin/kin-openapi/openapi3filter/req_resp_decoder.go:1116.18,1118.4 1 0
github.com/getkin/kin-openapi/openapi3filter/req_resp_decoder.go:1119.3,1119.30 1 0
github.com/getkin/kin-openapi/openapi3filter/req_resp_decoder.go:1121.2,1121.19 1 0
github.com/getkin/kin-openapi/openapi3filter/req_resp_decoder.go:1127.80,1128.48 1 0
github.com/getkin/kin-openapi/openapi3filter/req_resp_decoder.go:1128.48,1129.35 1 0
github.com/getkin/kin-openapi/openapi3filter/req_resp_decoder.go:1129.35,1131.4 1 0
github.com/getkin/kin-openapi/openapi3filter/req_resp_decoder.go:1132.3,1132.64 1 0
github.com/getkin/kin-openapi/openapi3filter/req_resp_decoder.go:1132.64,1134.4 1 0
github.com/getkin/kin-openapi/openapi3filter/req_resp_decoder.go:1136.2,1136.8 1 0
github.com/getkin/kin-openapi/openapi3filter/req_resp_decoder.go:1139.90,1140.13 1 0
github.com/getkin/kin-openapi/openapi3filter/req_resp_decoder.go:1141.17,1142.37 1 0
github.com/getkin/kin-openapi/openapi3filter/req_resp_decoder.go:1142.37,1144.18 2 0
github.com/getkin/kin-openapi/openapi3filter/req_resp_decoder.go:1144.18,1146.5 1 0
github.com/getkin/kin-openapi/openapi3filter/req_resp_decoder.go:1147.4,1147.24 1 0
github.com/getkin/kin-openapi/openapi3filter/req_resp_decoder.go:1149.3,1150.17 2 0
github.com/getkin/kin-openapi/openapi3filter/req_resp_decoder.go:1150.17,1152.4 1 0
github.com/getkin/kin-openapi/openapi3filter/req_resp_decoder.go:1153.3,1153.16 1 0
github.com/getkin/kin-openapi/openapi3filter/req_resp_decoder.go:1154.16,1156.17 2 0
github.com/getkin/kin-openapi/openapi3filter/req_resp_decoder.go:1156.17,1158.4 1 0
github.com/getkin/kin-openapi/openapi3filter/req_resp_decoder.go:1159.3,1159.16 1 0
github.com/getkin/kin-openapi/openapi3filter/req_resp_decoder.go:1160.17,1162.17 2 0
github.com/getkin/kin-openapi/openapi3filter/req_resp_decoder.go:1162.17,1164.4 1 0
github.com/getkin/kin-openapi/openapi3filter/req_resp_decoder.go:1165.3,1165.16 1 0
github.com/getkin/kin-openapi/openapi3filter/req_resp_decoder.go:1166.16,1167.18 1 0
github.com/getkin/kin-openapi/openapi3filter/req_resp_decoder.go:1168.10,1169.103 1 0
github.com/getkin/kin-openapi/openapi3filter/req_resp_decoder.go:1188.60,1190.2 1 0
github.com/getkin/kin-openapi/openapi3filter/req_resp_decoder.go:1197.67,1198.23 1 1
github.com/getkin/kin-openapi/openapi3filter/req_resp_decoder.go:1198.23,1199.32 1 0
github.com/getkin/kin-openapi/openapi3filter/req_resp_decoder.go:1201.2,1201.20 1 1
github.com/getkin/kin-openapi/openapi3filter/req_resp_decoder.go:1201.20,1202.34 1 0
github.com/getkin/kin-openapi/openapi3filter/req_resp_decoder.go:1204.2,1204.37 1 1
github.com/getkin/kin-openapi/openapi3filter/req_resp_decoder.go:1211.48,1212.23 1 0
github.com/getkin/kin-openapi/openapi3filter/req_resp_decoder.go:1212.23,1213.32 1 0
github.com/getkin/kin-openapi/openapi3filter/req_resp_decoder.go:1215.2,1215.35 1 0
github.com/getkin/kin-openapi/openapi3filter/req_resp_decoder.go:1225.48,1226.42 1 0
github.com/getkin/kin-openapi/openapi3filter/req_resp_decoder.go:1226.42,1228.3 1 0
github.com/getkin/kin-openapi/openapi3filter/req_resp_decoder.go:1229.2,1229.74 1 0
github.com/getkin/kin-openapi/openapi3filter/req_resp_decoder.go:1232.54,1234.18 2 0
github.com/getkin/kin-openapi/openapi3filter/req_resp_decoder.go:1234.18,1238.3 1 0
github.com/getkin/kin-openapi/openapi3filter/req_resp_decoder.go:1239.2,1239.16 1 0
github.com/getkin/kin-openapi/openapi3filter/req_resp_decoder.go:1239.16,1241.3 1 0
github.com/getkin/kin-openapi/openapi3filter/req_resp_decoder.go:1243.2,1243.24 1 0
github.com/getkin/kin-openapi/openapi3filter/req_resp_decoder.go:1252.3,1254.23 2 0
github.com/getkin/kin-openapi/openapi3filter/req_resp_decoder.go:1254.23,1255.42 1 0
github.com/getkin/kin-openapi/openapi3filter/req_resp_decoder.go:1255.42,1257.4 1 0
github.com/getkin/kin-openapi/openapi3filter/req_resp_decoder.go:1260.2,1262.51 3 0
github.com/getkin/kin-openapi/openapi3filter/req_resp_decoder.go:1262.51,1265.3 2 0
github.com/getkin/kin-openapi/openapi3filter/req_resp_decoder.go:1267.2,1268.36 1 0
github.com/getkin/kin-openapi/openapi3filter/req_resp_decoder.go:1268.36,1278.3 1 0
github.com/getkin/kin-openapi/openapi3filter/req_resp_decoder.go:1280.2,1281.9 2 0
github.com/getkin/kin-openapi/openapi3filter/req_resp_decoder.go:1281.9,1286.3 1 0
github.com/getkin/kin-openapi/openapi3filter/req_resp_decoder.go:1287.2,1288.16 2 0
github.com/getkin/kin-openapi/openapi3filter/req_resp_decoder.go:1288.16,1290.3 1 0
github.com/getkin/kin-openapi/openapi3filter/req_resp_decoder.go:1291.2,1291.30 1 0
github.com/getkin/kin-openapi/openapi3filter/req_resp_decoder.go:1294.13,1309.2 14 1
github.com/getkin/kin-openapi/openapi3filter/req_resp_decoder.go:1311.118,1313.16 2 0
github.com/getkin/kin-openapi/openapi3filter/req_resp_decoder.go:1313.16,1315.3 1 0
github.com/getkin/kin-openapi/openapi3filter/req_resp_decoder.go:1316.2,1316.26 1 0
github.com/getkin/kin-openapi/openapi3filter/req_resp_decoder.go:1321.117,1325.43 4 0
github.com/getkin/kin-openapi/openapi3filter/req_resp_decoder.go:1325.43,1327.3 1 0
github.com/getkin/kin-openapi/openapi3filter/req_resp_decoder.go:1328.2,1328.19 1 0
github.com/getkin/kin-openapi/openapi3filter/req_resp_decoder.go:1331.117,1333.61 2 0
github.com/getkin/kin-openapi/openapi3filter/req_resp_decoder.go:1333.61,1335.3 1 0
github.com/getkin/kin-openapi/openapi3filter/req_resp_decoder.go:1336.2,1336.19 1 0
github.com/getkin/kin-openapi/openapi3filter/req_resp_decoder.go:1339.123,1343.37 1 0
github.com/getkin/kin-openapi/openapi3filter/req_resp_decoder.go:1343.37,1345.3 1 0
github.com/getkin/kin-openapi/openapi3filter/req_resp_decoder.go:1346.2,1347.44 2 0
github.com/getkin/kin-openapi/openapi3filter/req_resp_decoder.go:1347.44,1349.3 1 0
github.com/getkin/kin-openapi/openapi3filter/req_resp_decoder.go:1350.2,1351.37 2 0
github.com/getkin/kin-openapi/openapi3filter/req_resp_decoder.go:1351.37,1354.10 3 0
github.com/getkin/kin-openapi/openapi3filter/req_resp_decoder.go:1355.30,1356.88 1 0
github.com/getkin/kin-openapi/openapi3filter/req_resp_decoder.go:1357.29,1359.117 2 0
github.com/getkin/kin-openapi/openapi3filter/req_resp_decoder.go:1359.117,1361.5 1 0
github.com/getkin/kin-openapi/openapi3filter/req_resp_decoder.go:1366.2,1367.16 2 0
github.com/getkin/kin-openapi/openapi3filter/req_resp_decoder.go:1367.16,1369.3 1 0
github.com/getkin/kin-openapi/openapi3filter/req_resp_decoder.go:1370.2,1371.16 2 0
github.com/getkin/kin-openapi/openapi3filter/req_resp_decoder.go:1371.16,1373.3 1 0
github.com/getkin/kin-openapi/openapi3filter/req_resp_decoder.go:1376.2,1379.95 3 0
github.com/getkin/kin-openapi/openapi3filter/req_resp_decoder.go:1379.95,1381.3 1 0
github.com/getkin/kin-openapi/openapi3filter/req_resp_decoder.go:1383.2,1383.17 1 0
github.com/getkin/kin-openapi/openapi3filter/req_resp_decoder.go:1388.127,1389.36 1 0
github.com/getkin/kin-openapi/openapi3filter/req_resp_decoder.go:1389.36,1392.88 1 0
github.com/getkin/kin-openapi/openapi3filter/req_resp_decoder.go:1392.88,1394.4 1 0
github.com/getkin/kin-openapi/openapi3filter/req_resp_decoder.go:1395.3,1395.88 1 0
github.com/getkin/kin-openapi/openapi3filter/req_resp_decoder.go:1395.88,1397.4 1 0
github.com/getkin/kin-openapi/openapi3filter/req_resp_decoder.go:1398.3,1398.88 1 0
github.com/getkin/kin-openapi/openapi3filter/req_resp_decoder.go:1398.88,1400.4 1 0
github.com/getkin/kin-openapi/openapi3filter/req_resp_decoder.go:1402.3,1403.48 2 0
github.com/getkin/kin-openapi/openapi3filter/req_resp_decoder.go:1403.48,1405.4 1 0
github.com/getkin/kin-openapi/openapi3filter/req_resp_decoder.go:1406.3,1407.34 2 0
github.com/getkin/kin-openapi/openapi3filter/req_resp_decoder.go:1407.34,1410.30 3 0
github.com/getkin/kin-openapi/openapi3filter/req_resp_decoder.go:1410.30,1411.13 1 0
github.com/getkin/kin-openapi/openapi3filter/req_resp_decoder.go:1413.4,1413.84 1 0
github.com/getkin/kin-openapi/openapi3filter/req_resp_decoder.go:1413.84,1415.5 1 0
github.com/getkin/kin-openapi/openapi3filter/req_resp_decoder.go:1416.4,1416.21 1 0
github.com/getkin/kin-openapi/openapi3filter/req_resp_decoder.go:1420.2,1420.12 1 0
github.com/getkin/kin-openapi/openapi3filter/req_resp_decoder.go:1423.39,1425.2 1 0
github.com/getkin/kin-openapi/openapi3filter/req_resp_decoder.go:1427.115,1429.18 2 0
github.com/getkin/kin-openapi/openapi3filter/req_resp_decoder.go:1429.18,1431.3 1 0
github.com/getkin/kin-openapi/openapi3filter/req_resp_decoder.go:1432.2,1433.48 2 0
github.com/getkin/kin-openapi/openapi3filter/req_resp_decoder.go:1436.122,1437.37 1 0
github.com/getkin/kin-openapi/openapi3filter/req_resp_decoder.go:1437.37,1439.3 1 0
github.com/getkin/kin-openapi/openapi3filter/req_resp_decoder.go:1442.2,1445.16 4 0
github.com/getkin/kin-openapi/openapi3filter/req_resp_decoder.go:1445.16,1447.3 1 0
github.com/getkin/kin-openapi/openapi3filter/req_resp_decoder.go:1448.2,1449.6 2 0
github.com/getkin/kin-openapi/openapi3filter/req_resp_decoder.go:1449.6,1451.47 2 0
github.com/getkin/kin-openapi/openapi3filter/req_resp_decoder.go:1451.47,1452.9 1 0
github.com/getkin/kin-openapi/openapi3filter/req_resp_decoder.go:1454.3,1454.17 1 0
github.com/getkin/kin-openapi/openapi3filter/req_resp_decoder.go:1454.17,1456.4 1 0
github.com/getkin/kin-openapi/openapi3filter/req_resp_decoder.go:1458.3,1462.19 2 0
github.com/getkin/kin-openapi/openapi3filter/req_resp_decoder.go:1462.19,1464.4 1 0
github.com/getkin/kin-openapi/openapi3filter/req_resp_decoder.go:1465.3,1465.47 1 0
github.com/getkin/kin-openapi/openapi3filter/req_resp_decoder.go:1465.47,1465.61 1 0
github.com/getkin/kin-openapi/openapi3filter/req_resp_decoder.go:1467.3,1468.34 2 0
github.com/getkin/kin-openapi/openapi3filter/req_resp_decoder.go:1468.34,1470.42 2 0
github.com/getkin/kin-openapi/openapi3filter/req_resp_decoder.go:1470.42,1471.64 1 0
github.com/getkin/kin-openapi/openapi3filter/req_resp_decoder.go:1471.64,1472.11 1 0
github.com/getkin/kin-openapi/openapi3filter/req_resp_decoder.go:1475.4,1475.15 1 0
github.com/getkin/kin-openapi/openapi3filter/req_resp_decoder.go:1475.15,1477.5 1 0
github.com/getkin/kin-openapi/openapi3filter/req_resp_decoder.go:1478.9,1482.68 2 0
github.com/getkin/kin-openapi/openapi3filter/req_resp_decoder.go:1482.68,1483.85 1 0
github.com/getkin/kin-openapi/openapi3filter/req_resp_decoder.go:1483.85,1484.28 1 0
github.com/getkin/kin-openapi/openapi3filter/req_resp_decoder.go:1485.16,1487.15 1 0
github.com/getkin/kin-openapi/openapi3filter/req_resp_decoder.go:1488.14,1490.94 1 0
github.com/getkin/kin-openapi/openapi3filter/req_resp_decoder.go:1493.5,1493.56 1 0
github.com/getkin/kin-openapi/openapi3filter/req_resp_decoder.go:1493.56,1495.6 1 0
github.com/getkin/kin-openapi/openapi3filter/req_resp_decoder.go:1496.5,1496.103 1 0
github.com/getkin/kin-openapi/openapi3filter/req_resp_decoder.go:1496.103,1498.6 1 0
github.com/getkin/kin-openapi/openapi3filter/req_resp_decoder.go:1500.4,1500.42 1 0
github.com/getkin/kin-openapi/openapi3filter/req_resp_decoder.go:1500.42,1502.5 1 0
github.com/getkin/kin-openapi/openapi3filter/req_resp_decoder.go:1505.3,1507.86 3 0
github.com/getkin/kin-openapi/openapi3filter/req_resp_decoder.go:1507.86,1508.38 1 0
github.com/getkin/kin-openapi/openapi3filter/req_resp_decoder.go:1508.38,1510.5 1 0
github.com/getkin/kin-openapi/openapi3filter/req_resp_decoder.go:1511.4,1511.52 1 0
github.com/getkin/kin-openapi/openapi3filter/req_resp_decoder.go:1515.3,1515.96 1 0
github.com/getkin/kin-openapi/openapi3filter/req_resp_decoder.go:1515.96,1516.76 1 0
github.com/getkin/kin-openapi/openapi3filter/req_resp_decoder.go:1516.76,1517.39 1 0
github.com/getkin/kin-openapi/openapi3filter/req_resp_decoder.go:1517.39,1519.6 1 0
github.com/getkin/kin-openapi/openapi3filter/req_resp_decoder.go:1520.5,1520.53 1 0
github.com/getkin/kin-openapi/openapi3filter/req_resp_decoder.go:1524.3,1524.45 1 0
github.com/getkin/kin-openapi/openapi3filter/req_resp_decoder.go:1527.2,1528.33 2 0
github.com/getkin/kin-openapi/openapi3filter/req_resp_decoder.go:1528.33,1529.41 1 0
github.com/getkin/kin-openapi/openapi3filter/req_resp_decoder.go:1529.41,1531.73 2 0
github.com/getkin/kin-openapi/openapi3filter/req_resp_decoder.go:1531.73,1533.5 1 0
github.com/getkin/kin-openapi/openapi3filter/req_resp_decoder.go:1535.8,1537.76 2 0
github.com/getkin/kin-openapi/openapi3filter/req_resp_decoder.go:1537.76,1539.4 1 0
github.com/getkin/kin-openapi/openapi3filter/req_resp_decoder.go:1543.2,1544.43 2 0
github.com/getkin/kin-openapi/openapi3filter/req_resp_decoder.go:1544.43,1546.19 2 0
github.com/getkin/kin-openapi/openapi3filter/req_resp_decoder.go:1546.19,1547.12 1 0
github.com/getkin/kin-openapi/openapi3filter/req_resp_decoder.go:1549.3,1549.34 1 0
github.com/getkin/kin-openapi/openapi3filter/req_resp_decoder.go:1549.34,1551.4 1 0
github.com/getkin/kin-openapi/openapi3filter/req_resp_decoder.go:1551.9,1553.4 1 0
github.com/getkin/kin-openapi/openapi3filter/req_resp_decoder.go:1556.2,1556.17 1 0
github.com/getkin/kin-openapi/openapi3filter/req_resp_decoder.go:1560.117,1562.16 2 0
github.com/getkin/kin-openapi/openapi3filter/req_resp_decoder.go:1562.16,1564.3 1 0
github.com/getkin/kin-openapi/openapi3filter/req_resp_decoder.go:1565.2,1565.26 1 0
github.com/getkin/kin-openapi/openapi3filter/req_resp_decoder.go:1570.120,1573.16 3 0
github.com/getkin/kin-openapi/openapi3filter/req_resp_decoder.go:1573.16,1575.3 1 0
github.com/getkin/kin-openapi/openapi3filter/req_resp_decoder.go:1577.2,1578.16 2 0
github.com/getkin/kin-openapi/openapi3filter/req_resp_decoder.go:1578.16,1580.3 1 0
github.com/getkin/kin-openapi/openapi3filter/req_resp_decoder.go:1582.2,1586.28 4 0
github.com/getkin/kin-openapi/openapi3filter/req_resp_decoder.go:1586.28,1587.23 1 0
github.com/getkin/kin-openapi/openapi3filter/req_resp_decoder.go:1587.23,1589.18 2 0
github.com/getkin/kin-openapi/openapi3filter/req_resp_decoder.go:1589.18,1591.5 1 0
github.com/getkin/kin-openapi/openapi3filter/req_resp_decoder.go:1592.4,1592.17 1 0
github.com/getkin/kin-openapi/openapi3filter/req_resp_decoder.go:1592.17,1594.5 1 0
github.com/getkin/kin-openapi/openapi3filter/req_resp_decoder.go:1596.4,1596.8 1 0
github.com/getkin/kin-openapi/openapi3filter/req_resp_decoder.go:1596.8,1598.14 2 0
github.com/getkin/kin-openapi/openapi3filter/req_resp_decoder.go:1598.14,1600.6 1 0
github.com/getkin/kin-openapi/openapi3filter/req_resp_decoder.go:1601.5,1601.22 1 0
github.com/getkin/kin-openapi/openapi3filter/req_resp_decoder.go:1601.22,1602.11 1 0
github.com/getkin/kin-openapi/openapi3filter/req_resp_decoder.go:1604.5,1604.19 1 0
github.com/getkin/kin-openapi/openapi3filter/req_resp_decoder.go:1604.19,1606.6 1 0
github.com/getkin/kin-openapi/openapi3filter/req_resp_decoder.go:1609.4,1609.14 1 0
github.com/getkin/kin-openapi/openapi3filter/req_resp_decoder.go:1611.3,1611.17 1 0
github.com/getkin/kin-openapi/openapi3filter/req_resp_decoder.go:1611.17,1613.4 1 0
github.com/getkin/kin-openapi/openapi3filter/req_resp_decoder.go:1616.2,1616.29 1 0
github.com/getkin/kin-openapi/openapi3filter/req_resp_decoder.go:1620.116,1624.6 3 0
github.com/getkin/kin-openapi/openapi3filter/req_resp_decoder.go:1624.6,1626.20 2 0
github.com/getkin/kin-openapi/openapi3filter/req_resp_decoder.go:1626.20,1627.9 1 0
github.com/getkin/kin-openapi/openapi3filter/req_resp_decoder.go:1629.3,1629.17 1 0
github.com/getkin/kin-openapi/openapi3filter/req_resp_decoder.go:1629.17,1631.4 1 0
github.com/getkin/kin-openapi/openapi3filter/req_resp_decoder.go:1633.3,1634.23 2 0
github.com/getkin/kin-openapi/openapi3filter/req_resp_decoder.go:1637.2,1637.25 1 0
github.com/getkin/kin-openapi/openapi3filter/req_resp_encoder.go:9.61,10.65 1 0
github.com/getkin/kin-openapi/openapi3filter/req_resp_encoder.go:10.65,12.3 1 0
github.com/getkin/kin-openapi/openapi3filter/req_resp_encoder.go:13.2,16.3 1 0
github.com/getkin/kin-openapi/openapi3filter/req_resp_encoder.go:28.67,29.23 1 0
github.com/getkin/kin-openapi/openapi3filter/req_resp_encoder.go:29.23,30.32 1 0
github.com/getkin/kin-openapi/openapi3filter/req_resp_encoder.go:32.2,32.20 1 0
github.com/getkin/kin-openapi/openapi3filter/req_resp_encoder.go:32.20,33.34 1 0
github.com/getkin/kin-openapi/openapi3filter/req_resp_encoder.go:35.2,37.24 3 0
github.com/getkin/kin-openapi/openapi3filter/req_resp_encoder.go:41.48,42.23 1 0
github.com/getkin/kin-openapi/openapi3filter/req_resp_encoder.go:42.23,43.32 1 0
github.com/getkin/kin-openapi/openapi3filter/req_resp_encoder.go:45.2,47.24 3 0
github.com/getkin/kin-openapi/openapi3filter/req_resp_encoder.go:53.60,58.2 4 0
github.com/getkin/kin-openapi/openapi3filter/validate_request.go:33.80,37.20 3 1
github.com/getkin/kin-openapi/openapi3filter/validate_request.go:37.20,39.3 1 0
github.com/getkin/kin-openapi/openapi3filter/validate_request.go:40.2,48.21 6 1
github.com/getkin/kin-openapi/openapi3filter/validate_request.go:48.21,51.3 1 0
github.com/getkin/kin-openapi/openapi3filter/validate_request.go:52.2,52.21 1 1
github.com/getkin/kin-openapi/openapi3filter/validate_request.go:52.21,53.77 1 1
github.com/getkin/kin-openapi/openapi3filter/validate_request.go:53.77,54.27 1 0
github.com/getkin/kin-openapi/openapi3filter/validate_request.go:54.27,56.5 1 0
github.com/getkin/kin-openapi/openapi3filter/validate_request.go:57.4,57.24 1 0
github.com/getkin/kin-openapi/openapi3filter/validate_request.go:62.2,62.50 1 1
github.com/getkin/kin-openapi/openapi3filter/validate_request.go:62.50,64.33 2 0
github.com/getkin/kin-openapi/openapi3filter/validate_request.go:64.33,65.101 1 0
github.com/getkin/kin-openapi/openapi3filter/validate_request.go:65.101,66.13 1 0
github.com/getkin/kin-openapi/openapi3filter/validate_request.go:70.3,70.66 1 0
github.com/getkin/kin-openapi/openapi3filter/validate_request.go:70.66,71.27 1 0
github.com/getkin/kin-openapi/openapi3filter/validate_request.go:71.27,73.5 1 0
github.com/getkin/kin-openapi/openapi3filter/validate_request.go:74.4,74.24 1 0
github.com/getkin/kin-openapi/openapi3filter/validate_request.go:79.2,79.48 1 1
github.com/getkin/kin-openapi/openapi3filter/validate_request.go:79.48,80.91 1 0
github.com/getkin/kin-openapi/openapi3filter/validate_request.go:80.91,81.12 1 0
github.com/getkin/kin-openapi/openapi3filter/validate_request.go:83.3,83.72 1 0
github.com/getkin/kin-openapi/openapi3filter/validate_request.go:83.72,84.27 1 0
github.com/getkin/kin-openapi/openapi3filter/validate_request.go:84.27,86.5 1 0
github.com/getkin/kin-openapi/openapi3filter/validate_request.go:87.4,87.24 1 0
github.com/getkin/kin-openapi/openapi3filter/validate_request.go:92.2,93.33 2 1
github.com/getkin/kin-openapi/openapi3filter/validate_request.go:93.33,95.25 1 1
github.com/getkin/kin-openapi/openapi3filter/validate_request.go:95.25,96.77 1 0
github.com/getkin/kin-openapi/openapi3filter/validate_request.go:96.77,97.28 1 0
github.com/getkin/kin-openapi/openapi3filter/validate_request.go:97.28,99.6 1 0
github.com/getkin/kin-openapi/openapi3filter/validate_request.go:100.5,100.25 1 0
github.com/getkin/kin-openapi/openapi3filter/validate_request.go:105.3,105.83 1 1
github.com/getkin/kin-openapi/openapi3filter/validate_request.go:105.83,110.27 2 0
github.com/getkin/kin-openapi/openapi3filter/validate_request.go:110.27,112.5 1 0
github.com/getkin/kin-openapi/openapi3filter/validate_request.go:113.4,113.24 1 0
github.com/getkin/kin-openapi/openapi3filter/validate_request.go:117.2,117.17 1 1
github.com/getkin/kin-openapi/openapi3filter/validate_request.go:117.17,119.3 1 0
github.com/getkin/kin-openapi/openapi3filter/validate_request.go:120.2,120.12 1 1
github.com/getkin/kin-openapi/openapi3filter/validate_request.go:124.76,125.22 1 0
github.com/getkin/kin-openapi/openapi3filter/validate_request.go:125.22,127.3 1 0
github.com/getkin/kin-openapi/openapi3filter/validate_request.go:130.50,132.27 2 0
github.com/getkin/kin-openapi/openapi3filter/validate_request.go:132.27,134.3 1 0
github.com/getkin/kin-openapi/openapi3filter/validate_request.go:135.2,135.37 1 0
github.com/getkin/kin-openapi/openapi3filter/validate_request.go:139.98,140.27 1 0
github.com/getkin/kin-openapi/openapi3filter/validate_request.go:141.13,142.14 1 0
github.com/getkin/kin-openapi/openapi3filter/validate_request.go:142.14,144.4 1 0
github.com/getkin/kin-openapi/openapi3filter/validate_request.go:144.9,146.4 1 0
github.com/getkin/kin-openapi/openapi3filter/validate_request.go:147.10,148.42 1 0
github.com/getkin/kin-openapi/openapi3filter/validate_request.go:157.113,158.57 1 0
github.com/getkin/kin-openapi/openapi3filter/validate_request.go:158.57,163.3 1 0
github.com/getkin/kin-openapi/openapi3filter/validate_request.go:165.2,166.20 2 0
github.com/getkin/kin-openapi/openapi3filter/validate_request.go:166.20,168.3 1 0
github.com/getkin/kin-openapi/openapi3filter/validate_request.go:170.2,176.30 5 0
github.com/getkin/kin-openapi/openapi3filter/validate_request.go:176.30,177.87 1 0
github.com/getkin/kin-openapi/openapi3filter/validate_request.go:177.87,179.4 1 0
github.com/getkin/kin-openapi/openapi3filter/validate_request.go:180.8,181.78 1 0
github.com/getkin/kin-openapi/openapi3filter/validate_request.go:181.78,183.4 1 0
github.com/getkin/kin-openapi/openapi3filter/validate_request.go:184.3,184.34 1 0
github.com/getkin/kin-openapi/openapi3filter/validate_request.go:188.2,188.67 1 0
github.com/getkin/kin-openapi/openapi3filter/validate_request.go:188.67,190.42 2 0
github.com/getkin/kin-openapi/openapi3filter/validate_request.go:190.42,191.38 1 0
github.com/getkin/kin-openapi/openapi3filter/validate_request.go:191.38,193.10 2 0
github.com/getkin/kin-openapi/openapi3filter/validate_request.go:197.3,197.19 1 0
github.com/getkin/kin-openapi/openapi3filter/validate_request.go:197.19,199.24 2 0
github.com/getkin/kin-openapi/openapi3filter/validate_request.go:200.34,200.34 0 0
github.com/getkin/kin-openapi/openapi3filter/validate_request.go:203.35,207.34 4 0
github.com/getkin/kin-openapi/openapi3filter/validate_request.go:208.36,209.54 1 0
github.com/getkin/kin-openapi/openapi3filter/validate_request.go:210.36,214.7 1 0
github.com/getkin/kin-openapi/openapi3filter/validate_request.go:220.2,220.34 1 0
github.com/getkin/kin-openapi/openapi3filter/validate_request.go:220.34,222.3 1 0
github.com/getkin/kin-openapi/openapi3filter/validate_request.go:224.2,224.23 1 0
github.com/getkin/kin-openapi/openapi3filter/validate_request.go:224.23,225.42 1 0
github.com/getkin/kin-openapi/openapi3filter/validate_request.go:225.42,227.4 1 0
github.com/getkin/kin-openapi/openapi3filter/validate_request.go:228.3,228.13 1 0
github.com/getkin/kin-openapi/openapi3filter/validate_request.go:230.2,230.19 1 0
github.com/getkin/kin-openapi/openapi3filter/validate_request.go:230.19,233.3 1 0
github.com/getkin/kin-openapi/openapi3filter/validate_request.go:235.2,236.24 2 0
github.com/getkin/kin-openapi/openapi3filter/validate_request.go:236.24,238.3 1 0
github.com/getkin/kin-openapi/openapi3filter/validate_request.go:239.2,239.42 1 0
github.com/getkin/kin-openapi/openapi3filter/validate_request.go:239.42,241.3 1 0
github.com/getkin/kin-openapi/openapi3filter/validate_request.go:242.2,242.65 1 0
github.com/getkin/kin-openapi/openapi3filter/validate_request.go:242.65,244.3 1 0
github.com/getkin/kin-openapi/openapi3filter/validate_request.go:245.2,245.56 1 0
github.com/getkin/kin-openapi/openapi3filter/validate_request.go:245.56,247.3 1 0
github.com/getkin/kin-openapi/openapi3filter/validate_request.go:248.2,248.12 1 0
github.com/getkin/kin-openapi/openapi3filter/validate_request.go:257.119,264.20 3 0
github.com/getkin/kin-openapi/openapi3filter/validate_request.go:264.20,266.3 1 0
github.com/getkin/kin-openapi/openapi3filter/validate_request.go:268.2,268.48 1 0
github.com/getkin/kin-openapi/openapi3filter/validate_request.go:268.48,271.51 3 0
github.com/getkin/kin-openapi/openapi3filter/validate_request.go:271.51,278.4 1 0
github.com/getkin/kin-openapi/openapi3filter/validate_request.go:280.3,281.25 2 0
github.com/getkin/kin-openapi/openapi3filter/validate_request.go:281.25,282.49 1 0
github.com/getkin/kin-openapi/openapi3filter/validate_request.go:282.49,284.5 1 0
github.com/getkin/kin-openapi/openapi3filter/validate_request.go:286.3,286.22 1 0
github.com/getkin/kin-openapi/openapi3filter/validate_request.go:286.22,288.48 2 0
github.com/getkin/kin-openapi/openapi3filter/validate_request.go:288.48,290.5 1 0
github.com/getkin/kin-openapi/openapi3filter/validate_request.go:291.4,291.31 1 0
github.com/getkin/kin-openapi/openapi3filter/validate_request.go:295.2,295.20 1 0
github.com/getkin/kin-openapi/openapi3filter/validate_request.go:295.20,296.27 1 0
github.com/getkin/kin-openapi/openapi3filter/validate_request.go:296.27,298.4 1 0
github.com/getkin/kin-openapi/openapi3filter/validate_request.go:299.3,299.13 1 0
github.com/getkin/kin-openapi/openapi3filter/validate_request.go:302.2,303.23 2 0
github.com/getkin/kin-openapi/openapi3filter/validate_request.go:303.23,306.3 1 0
github.com/getkin/kin-openapi/openapi3filter/validate_request.go:308.2,310.24 3 0
github.com/getkin/kin-openapi/openapi3filter/validate_request.go:310.24,316.3 1 0
github.com/getkin/kin-openapi/openapi3filter/validate_request.go:318.2,318.31 1 0
github.com/getkin/kin-openapi/openapi3filter/validate_request.go:318.31,321.3 1 0
github.com/getkin/kin-openapi/openapi3filter/validate_request.go:323.2,323.48 1 0
github.com/getkin/kin-openapi/openapi3filter/validate_request.go:323.48,323.85 1 0
github.com/getkin/kin-openapi/openapi3filter/validate_request.go:324.2,325.16 2 0
github.com/getkin/kin-openapi/openapi3filter/validate_request.go:325.16,332.3 1 0
github.com/getkin/kin-openapi/openapi3filter/validate_request.go:334.2,337.34 4 0
github.com/getkin/kin-openapi/openapi3filter/validate_request.go:337.34,338.51 1 0
github.com/getkin/kin-openapi/openapi3filter/validate_request.go:338.51,338.73 1 0
github.com/getkin/kin-openapi/openapi3filter/validate_request.go:340.2,340.24 1 0
github.com/getkin/kin-openapi/openapi3filter/validate_request.go:340.24,342.3 1 0
github.com/getkin/kin-openapi/openapi3filter/validate_request.go:343.2,343.42 1 0
github.com/getkin/kin-openapi/openapi3filter/validate_request.go:343.42,345.3 1 0
github.com/getkin/kin-openapi/openapi3filter/validate_request.go:346.2,346.40 1 0
github.com/getkin/kin-openapi/openapi3filter/validate_request.go:346.40,348.3 1 0
github.com/getkin/kin-openapi/openapi3filter/validate_request.go:349.2,349.34 1 0
github.com/getkin/kin-openapi/openapi3filter/validate_request.go:349.34,351.3 1 0
github.com/getkin/kin-openapi/openapi3filter/validate_request.go:353.2,354.65 2 0
github.com/getkin/kin-openapi/openapi3filter/validate_request.go:354.65,356.3 1 0
github.com/getkin/kin-openapi/openapi3filter/validate_request.go:359.2,359.75 1 0
github.com/getkin/kin-openapi/openapi3filter/validate_request.go:359.75,368.3 3 0
github.com/getkin/kin-openapi/openapi3filter/validate_request.go:370.2,370.17 1 0
github.com/getkin/kin-openapi/openapi3filter/validate_request.go:370.17,372.59 2 0
github.com/getkin/kin-openapi/openapi3filter/validate_request.go:372.59,379.4 1 0
github.com/getkin/kin-openapi/openapi3filter/validate_request.go:381.3,381.22 1 0
github.com/getkin/kin-openapi/openapi3filter/validate_request.go:381.22,383.4 1 0
github.com/getkin/kin-openapi/openapi3filter/validate_request.go:384.3,385.47 2 0
github.com/getkin/kin-openapi/openapi3filter/validate_request.go:385.47,387.4 1 0
github.com/getkin/kin-openapi/openapi3filter/validate_request.go:388.3,388.30 1 0
github.com/getkin/kin-openapi/openapi3filter/validate_request.go:391.2,391.12 1 0
github.com/getkin/kin-openapi/openapi3filter/validate_request.go:397.128,398.19 1 1
github.com/getkin/kin-openapi/openapi3filter/validate_request.go:398.19,400.3 1 0
github.com/getkin/kin-openapi/openapi3filter/validate_request.go:401.2,402.25 2 1
github.com/getkin/kin-openapi/openapi3filter/validate_request.go:402.25,403.69 1 1
github.com/getkin/kin-openapi/openapi3filter/validate_request.go:403.69,404.22 1 0
github.com/getkin/kin-openapi/openapi3filter/validate_request.go:404.22,406.5 1 0
github.com/getkin/kin-openapi/openapi3filter/validate_request.go:407.4,408.12 2 0
github.com/getkin/kin-openapi/openapi3filter/validate_request.go:410.3,410.13 1 1
github.com/getkin/kin-openapi/openapi3filter/validate_request.go:412.2,415.3 1 0
github.com/getkin/kin-openapi/openapi3filter/validate_request.go:419.142,421.40 2 1
github.com/getkin/kin-openapi/openapi3filter/validate_request.go:421.40,423.3 1 1
github.com/getkin/kin-openapi/openapi3filter/validate_request.go:424.2,428.20 3 1
github.com/getkin/kin-openapi/openapi3filter/validate_request.go:428.20,430.3 1 0
github.com/getkin/kin-openapi/openapi3filter/validate_request.go:431.2,432.14 2 1
github.com/getkin/kin-openapi/openapi3filter/validate_request.go:432.14,434.3 1 0
github.com/getkin/kin-openapi/openapi3filter/validate_request.go:436.2,437.66 2 1
github.com/getkin/kin-openapi/openapi3filter/validate_request.go:437.66,439.3 1 1
github.com/getkin/kin-openapi/openapi3filter/validate_request.go:442.2,444.92 2 1
github.com/getkin/kin-openapi/openapi3filter/validate_request.go:444.92,448.61 3 0
github.com/getkin/kin-openapi/openapi3filter/validate_request.go:448.61,454.4 1 0
github.com/getkin/kin-openapi/openapi3filter/validate_request.go:458.2,458.29 1 1
github.com/getkin/kin-openapi/openapi3filter/validate_request.go:458.29,460.29 2 1
github.com/getkin/kin-openapi/openapi3filter/validate_request.go:460.29,461.48 1 1
github.com/getkin/kin-openapi/openapi3filter/validate_request.go:461.48,463.5 1 1
github.com/getkin/kin-openapi/openapi3filter/validate_request.go:465.3,465.28 1 1
github.com/getkin/kin-openapi/openapi3filter/validate_request.go:465.28,470.4 1 0
github.com/getkin/kin-openapi/openapi3filter/validate_request.go:471.3,474.18 2 1
github.com/getkin/kin-openapi/openapi3filter/validate_request.go:474.18,478.36 3 0
github.com/getkin/kin-openapi/openapi3filter/validate_request.go:478.36,479.70 1 0
github.com/getkin/kin-openapi/openapi3filter/validate_request.go:479.70,481.6 1 0
github.com/getkin/kin-openapi/openapi3filter/validate_request.go:483.4,483.33 1 0
github.com/getkin/kin-openapi/openapi3filter/validate_request.go:483.33,485.59 2 0
github.com/getkin/kin-openapi/openapi3filter/validate_request.go:485.59,487.6 1 0
github.com/getkin/kin-openapi/openapi3filter/validate_request.go:488.5,488.52 1 0
github.com/getkin/kin-openapi/openapi3filter/validate_request.go:492.3,497.18 1 1
github.com/getkin/kin-openapi/openapi3filter/validate_request.go:497.18,499.4 1 0
github.com/getkin/kin-openapi/openapi3filter/validate_request.go:503.2,503.17 1 1
github.com/getkin/kin-openapi/openapi3filter/validate_request.go:503.17,507.35 3 0
github.com/getkin/kin-openapi/openapi3filter/validate_request.go:507.35,508.69 1 0
github.com/getkin/kin-openapi/openapi3filter/validate_request.go:508.69,510.5 1 0
github.com/getkin/kin-openapi/openapi3filter/validate_request.go:512.3,512.32 1 0
github.com/getkin/kin-openapi/openapi3filter/validate_request.go:512.32,514.58 2 0
github.com/getkin/kin-openapi/openapi3filter/validate_request.go:514.58,516.5 1 0
github.com/getkin/kin-openapi/openapi3filter/validate_request.go:517.4,517.51 1 0
github.com/getkin/kin-openapi/openapi3filter/validate_request.go:520.2,520.12 1 1
github.com/getkin/kin-openapi/openapi3filter/validate_request_input.go:31.66,33.14 2 0
github.com/getkin/kin-openapi/openapi3filter/validate_request_input.go:33.14,36.3 2 0
github.com/getkin/kin-openapi/openapi3filter/validate_request_input.go:37.2,37.10 1 0
github.com/getkin/kin-openapi/openapi3filter/validate_response.go:22.82,23.80 1 0
github.com/getkin/kin-openapi/openapi3filter/validate_response.go:23.80,25.3 1 0
github.com/getkin/kin-openapi/openapi3filter/validate_response.go:26.2,30.16 2 0
github.com/getkin/kin-openapi/openapi3filter/validate_response.go:34.31,35.13 1 0
github.com/getkin/kin-openapi/openapi3filter/validate_response.go:37.2,39.20 3 0
github.com/getkin/kin-openapi/openapi3filter/validate_response.go:39.20,41.3 1 0
github.com/getkin/kin-openapi/openapi3filter/validate_response.go:44.2,45.26 2 0
github.com/getkin/kin-openapi/openapi3filter/validate_response.go:45.26,47.3 1 0
github.com/getkin/kin-openapi/openapi3filter/validate_response.go:48.2,49.24 2 0
github.com/getkin/kin-openapi/openapi3filter/validate_response.go:49.24,51.3 1 0
github.com/getkin/kin-openapi/openapi3filter/validate_response.go:52.2,52.24 1 0
github.com/getkin/kin-openapi/openapi3filter/validate_response.go:52.24,54.37 1 0
github.com/getkin/kin-openapi/openapi3filter/validate_response.go:54.37,56.4 1 0
github.com/getkin/kin-openapi/openapi3filter/validate_response.go:57.3,57.73 1 0
github.com/getkin/kin-openapi/openapi3filter/validate_response.go:59.2,60.21 2 0
github.com/getkin/kin-openapi/openapi3filter/validate_response.go:60.21,62.3 1 0
github.com/getkin/kin-openapi/openapi3filter/validate_response.go:64.2,65.24 2 0
github.com/getkin/kin-openapi/openapi3filter/validate_response.go:65.24,67.3 1 0
github.com/getkin/kin-openapi/openapi3filter/validate_response.go:68.2,68.42 1 0
github.com/getkin/kin-openapi/openapi3filter/validate_response.go:68.42,70.3 1 0
github.com/getkin/kin-openapi/openapi3filter/validate_response.go:71.2,71.41 1 0
github.com/getkin/kin-openapi/openapi3filter/validate_response.go:71.41,73.3 1 0
github.com/getkin/kin-openapi/openapi3filter/validate_response.go:75.2,76.37 2 0
github.com/getkin/kin-openapi/openapi3filter/validate_response.go:76.37,78.3 1 0
github.com/getkin/kin-openapi/openapi3filter/validate_response.go:80.2,81.34 2 0
github.com/getkin/kin-openapi/openapi3filter/validate_response.go:81.34,82.20 1 0
github.com/getkin/kin-openapi/openapi3filter/validate_response.go:82.20,84.4 1 0
github.com/getkin/kin-openapi/openapi3filter/validate_response.go:86.2,87.37 2 0
github.com/getkin/kin-openapi/openapi3filter/validate_response.go:87.37,89.84 2 0
github.com/getkin/kin-openapi/openapi3filter/validate_response.go:89.84,91.4 1 0
github.com/getkin/kin-openapi/openapi3filter/validate_response.go:94.2,94.33 1 0
github.com/getkin/kin-openapi/openapi3filter/validate_response.go:94.33,97.3 1 0
github.com/getkin/kin-openapi/openapi3filter/validate_response.go:99.2,100.23 2 0
github.com/getkin/kin-openapi/openapi3filter/validate_response.go:100.23,103.3 1 0
github.com/getkin/kin-openapi/openapi3filter/validate_response.go:105.2,107.24 3 0
github.com/getkin/kin-openapi/openapi3filter/validate_response.go:107.24,112.3 1 0
github.com/getkin/kin-openapi/openapi3filter/validate_response.go:114.2,114.31 1 0
github.com/getkin/kin-openapi/openapi3filter/validate_response.go:114.31,117.3 1 0
github.com/getkin/kin-openapi/openapi3filter/validate_response.go:120.2,132.16 5 0
github.com/getkin/kin-openapi/openapi3filter/validate_response.go:132.16,138.3 1 0
github.com/getkin/kin-openapi/openapi3filter/validate_response.go:141.2,143.48 2 0
github.com/getkin/kin-openapi/openapi3filter/validate_response.go:143.48,143.85 1 0
github.com/getkin/kin-openapi/openapi3filter/validate_response.go:144.2,145.16 2 0
github.com/getkin/kin-openapi/openapi3filter/validate_response.go:145.16,151.3 1 0
github.com/getkin/kin-openapi/openapi3filter/validate_response.go:154.2,154.111 1 0
github.com/getkin/kin-openapi/openapi3filter/validate_response.go:154.111,162.3 3 0
github.com/getkin/kin-openapi/openapi3filter/validate_response.go:163.2,163.12 1 0
github.com/getkin/kin-openapi/openapi3filter/validate_response.go:166.157,173.65 6 0
github.com/getkin/kin-openapi/openapi3filter/validate_response.go:173.65,179.3 1 0
github.com/getkin/kin-openapi/openapi3filter/validate_response.go:181.2,181.127 1 0
github.com/getkin/kin-openapi/openapi3filter/validate_response.go:181.127,187.3 1 0
github.com/getkin/kin-openapi/openapi3filter/validate_response.go:189.2,189.11 1 0
github.com/getkin/kin-openapi/openapi3filter/validate_response.go:189.11,190.86 1 0
github.com/getkin/kin-openapi/openapi3filter/validate_response.go:190.86,196.4 1 0
github.com/getkin/kin-openapi/openapi3filter/validate_response.go:197.8,197.37 1 0
github.com/getkin/kin-openapi/openapi3filter/validate_response.go:197.37,202.3 1 0
github.com/getkin/kin-openapi/openapi3filter/validate_response.go:203.2,203.12 1 0
github.com/getkin/kin-openapi/openapi3filter/validate_response.go:209.61,212.19 2 0
github.com/getkin/kin-openapi/openapi3filter/validate_response.go:212.19,214.3 1 0
github.com/getkin/kin-openapi/openapi3filter/validate_response.go:215.2,215.37 1 0
github.com/getkin/kin-openapi/openapi3filter/validate_response.go:215.37,217.3 1 0
github.com/getkin/kin-openapi/openapi3filter/validate_response.go:219.2,219.11 1 0
github.com/getkin/kin-openapi/openapi3filter/validate_response.go:222.48,223.20 1 0
github.com/getkin/kin-openapi/openapi3filter/validate_response.go:223.20,225.3 1 0
github.com/getkin/kin-openapi/openapi3filter/validate_response.go:226.2,226.14 1 0
github.com/getkin/kin-openapi/openapi3filter/validate_response_input.go:17.91,20.2 2 0
github.com/getkin/kin-openapi/openapi3filter/validate_response_input.go:27.41,29.38 1 0
github.com/getkin/kin-openapi/openapi3filter/validate_response_input.go:29.38,30.30 1 0
github.com/getkin/kin-openapi/openapi3filter/validate_response_input.go:30.30,31.12 1 0
github.com/getkin/kin-openapi/openapi3filter/validate_response_input.go:33.3,33.40 1 0
github.com/getkin/kin-openapi/openapi3filter/validate_response_input.go:33.40,34.22 1 0
github.com/getkin/kin-openapi/openapi3filter/validate_response_input.go:34.22,35.20 1 0
github.com/getkin/kin-openapi/openapi3filter/validate_response_input.go:38.3,38.28 1 0
github.com/getkin/kin-openapi/openapi3filter/validate_response_input.go:40.2,40.13 1 0
github.com/getkin/kin-openapi/openapi3filter/validation_error.go:37.42,39.19 2 0
github.com/getkin/kin-openapi/openapi3filter/validation_error.go:39.19,41.3 1 0
github.com/getkin/kin-openapi/openapi3filter/validation_error.go:42.2,44.18 3 0
github.com/getkin/kin-openapi/openapi3filter/validation_error.go:44.18,46.3 1 0
github.com/getkin/kin-openapi/openapi3filter/validation_error.go:47.2,49.16 3 0
github.com/getkin/kin-openapi/openapi3filter/validation_error.go:49.16,51.3 1 0
github.com/getkin/kin-openapi/openapi3filter/validation_error.go:52.2,54.19 3 0
github.com/getkin/kin-openapi/openapi3filter/validation_error.go:54.19,57.3 2 0
github.com/getkin/kin-openapi/openapi3filter/validation_error.go:58.2,58.20 1 0
github.com/getkin/kin-openapi/openapi3filter/validation_error.go:58.20,62.3 3 0
github.com/getkin/kin-openapi/openapi3filter/validation_error.go:63.2,63.21 1 0
github.com/getkin/kin-openapi/openapi3filter/validation_error.go:63.21,65.31 2 0
github.com/getkin/kin-openapi/openapi3filter/validation_error.go:65.31,68.4 2 0
github.com/getkin/kin-openapi/openapi3filter/validation_error.go:68.9,68.36 1 0
github.com/getkin/kin-openapi/openapi3filter/validation_error.go:68.36,71.4 2 0
github.com/getkin/kin-openapi/openapi3filter/validation_error.go:72.3,72.21 1 0
github.com/getkin/kin-openapi/openapi3filter/validation_error.go:75.2,75.18 1 0
github.com/getkin/kin-openapi/openapi3filter/validation_error.go:75.18,77.3 1 0
github.com/getkin/kin-openapi/openapi3filter/validation_error.go:78.2,78.19 1 0
github.com/getkin/kin-openapi/openapi3filter/validation_error.go:82.44,84.2 1 0
github.com/getkin/kin-openapi/openapi3filter/validation_error_encoder.go:19.98,21.2 1 0
github.com/getkin/kin-openapi/openapi3filter/validation_error_encoder.go:24.37,25.44 1 0
github.com/getkin/kin-openapi/openapi3filter/validation_error_encoder.go:25.44,27.3 1 0
github.com/getkin/kin-openapi/openapi3filter/validation_error_encoder.go:29.2,30.9 2 0
github.com/getkin/kin-openapi/openapi3filter/validation_error_encoder.go:30.9,32.3 1 0
github.com/getkin/kin-openapi/openapi3filter/validation_error_encoder.go:34.2,35.18 2 0
github.com/getkin/kin-openapi/openapi3filter/validation_error_encoder.go:35.18,37.3 1 0
github.com/getkin/kin-openapi/openapi3filter/validation_error_encoder.go:37.8,37.40 1 0
github.com/getkin/kin-openapi/openapi3filter/validation_error_encoder.go:37.40,39.3 1 0
github.com/getkin/kin-openapi/openapi3filter/validation_error_encoder.go:39.8,39.42 1 0
github.com/getkin/kin-openapi/openapi3filter/validation_error_encoder.go:39.42,41.3 1 0
github.com/getkin/kin-openapi/openapi3filter/validation_error_encoder.go:41.8,41.52 1 0
github.com/getkin/kin-openapi/openapi3filter/validation_error_encoder.go:41.52,43.3 1 0
github.com/getkin/kin-openapi/openapi3filter/validation_error_encoder.go:43.8,43.62 1 0
github.com/getkin/kin-openapi/openapi3filter/validation_error_encoder.go:43.62,45.3 1 0
github.com/getkin/kin-openapi/openapi3filter/validation_error_encoder.go:47.2,47.17 1 0
github.com/getkin/kin-openapi/openapi3filter/validation_error_encoder.go:47.17,49.3 1 0
github.com/getkin/kin-openapi/openapi3filter/validation_error_encoder.go:50.2,50.12 1 0
github.com/getkin/kin-openapi/openapi3filter/validation_error_encoder.go:53.64,55.54 2 0
github.com/getkin/kin-openapi/openapi3filter/validation_error_encoder.go:55.54,57.3 1 0
github.com/getkin/kin-openapi/openapi3filter/validation_error_encoder.go:58.2,58.59 1 0
github.com/getkin/kin-openapi/openapi3filter/validation_error_encoder.go:61.65,62.50 1 0
github.com/getkin/kin-openapi/openapi3filter/validation_error_encoder.go:62.50,63.40 1 0
github.com/getkin/kin-openapi/openapi3filter/validation_error_encoder.go:63.40,68.4 1 0
github.com/getkin/kin-openapi/openapi3filter/validation_error_encoder.go:69.3,72.4 1 0
github.com/getkin/kin-openapi/openapi3filter/validation_error_encoder.go:74.2,77.3 1 0
github.com/getkin/kin-openapi/openapi3filter/validation_error_encoder.go:80.66,81.55 1 0
github.com/getkin/kin-openapi/openapi3filter/validation_error_encoder.go:81.55,86.3 1 0
github.com/getkin/kin-openapi/openapi3filter/validation_error_encoder.go:87.2,90.3 1 0
github.com/getkin/kin-openapi/openapi3filter/validation_error_encoder.go:93.68,94.57 1 0
github.com/getkin/kin-openapi/openapi3filter/validation_error_encoder.go:94.57,99.3 1 0
github.com/getkin/kin-openapi/openapi3filter/validation_error_encoder.go:100.2,103.3 1 0
github.com/getkin/kin-openapi/openapi3filter/validation_error_encoder.go:106.80,108.90 1 0
github.com/getkin/kin-openapi/openapi3filter/validation_error_encoder.go:108.90,113.3 1 0
github.com/getkin/kin-openapi/openapi3filter/validation_error_encoder.go:113.8,113.68 1 0
github.com/getkin/kin-openapi/openapi3filter/validation_error_encoder.go:113.68,118.3 1 0
github.com/getkin/kin-openapi/openapi3filter/validation_error_encoder.go:118.8,118.40 1 0
github.com/getkin/kin-openapi/openapi3filter/validation_error_encoder.go:118.40,120.67 1 0
github.com/getkin/kin-openapi/openapi3filter/validation_error_encoder.go:120.67,126.4 1 0
github.com/getkin/kin-openapi/openapi3filter/validation_error_encoder.go:127.3,130.4 1 0
github.com/getkin/kin-openapi/openapi3filter/validation_error_encoder.go:132.2,132.12 1 0
github.com/getkin/kin-openapi/openapi3filter/validation_error_encoder.go:135.91,139.66 2 0
github.com/getkin/kin-openapi/openapi3filter/validation_error_encoder.go:139.66,141.3 1 0
github.com/getkin/kin-openapi/openapi3filter/validation_error_encoder.go:144.2,144.24 1 0
github.com/getkin/kin-openapi/openapi3filter/validation_error_encoder.go:144.24,146.3 1 0
github.com/getkin/kin-openapi/openapi3filter/validation_error_encoder.go:146.8,146.33 1 0
github.com/getkin/kin-openapi/openapi3filter/validation_error_encoder.go:146.33,148.3 1 0
github.com/getkin/kin-openapi/openapi3filter/validation_error_encoder.go:151.2,151.24 1 0
github.com/getkin/kin-openapi/openapi3filter/validation_error_encoder.go:151.24,155.3 1 0
github.com/getkin/kin-openapi/openapi3filter/validation_error_encoder.go:155.8,155.54 1 0
github.com/getkin/kin-openapi/openapi3filter/validation_error_encoder.go:155.54,157.3 1 0
github.com/getkin/kin-openapi/openapi3filter/validation_error_encoder.go:160.2,160.36 1 0
github.com/getkin/kin-openapi/openapi3filter/validation_error_encoder.go:160.36,162.45 2 0
github.com/getkin/kin-openapi/openapi3filter/validation_error_encoder.go:162.45,164.4 1 0
github.com/getkin/kin-openapi/openapi3filter/validation_error_encoder.go:165.3,173.33 3 0
github.com/getkin/kin-openapi/openapi3filter/validation_error_encoder.go:173.33,179.4 2 0
github.com/getkin/kin-openapi/openapi3filter/validation_error_encoder.go:181.2,181.13 1 0
github.com/getkin/kin-openapi/openapi3filter/validation_error_encoder.go:184.49,186.2 1 0
github.com/getkin/kin-openapi/openapi3filter/validation_handler.go:18.74,18.88 1 1
github.com/getkin/kin-openapi/openapi3filter/validation_handler.go:30.42,33.16 3 1
github.com/getkin/kin-openapi/openapi3filter/validation_handler.go:33.16,35.3 1 0
github.com/getkin/kin-openapi/openapi3filter/validation_handler.go:36.2,36.53 1 1
github.com/getkin/kin-openapi/openapi3filter/validation_handler.go:36.53,38.3 1 0
github.com/getkin/kin-openapi/openapi3filter/validation_handler.go:39.2,39.61 1 1
github.com/getkin/kin-openapi/openapi3filter/validation_handler.go:39.61,41.3 1 0
github.com/getkin/kin-openapi/openapi3filter/validation_handler.go:44.2,44.22 1 1
github.com/getkin/kin-openapi/openapi3filter/validation_handler.go:44.22,46.3 1 1
github.com/getkin/kin-openapi/openapi3filter/validation_handler.go:47.2,47.33 1 1
github.com/getkin/kin-openapi/openapi3filter/validation_handler.go:47.33,49.3 1 1
github.com/getkin/kin-openapi/openapi3filter/validation_handler.go:50.2,50.27 1 1
github.com/getkin/kin-openapi/openapi3filter/validation_handler.go:50.27,52.3 1 1
github.com/getkin/kin-openapi/openapi3filter/validation_handler.go:54.2,54.12 1 1
github.com/getkin/kin-openapi/openapi3filter/validation_handler.go:57.79,58.40 1 1
github.com/getkin/kin-openapi/openapi3filter/validation_handler.go:58.40,60.3 1 0
github.com/getkin/kin-openapi/openapi3filter/validation_handler.go:62.2,62.27 1 1
github.com/getkin/kin-openapi/openapi3filter/validation_handler.go:66.72,67.71 1 0
github.com/getkin/kin-openapi/openapi3filter/validation_handler.go:67.71,68.41 1 0
github.com/getkin/kin-openapi/openapi3filter/validation_handler.go:68.41,70.4 1 0
github.com/getkin/kin-openapi/openapi3filter/validation_handler.go:72.3,72.23 1 0
github.com/getkin/kin-openapi/openapi3filter/validation_handler.go:76.91,77.45 1 1
github.com/getkin/kin-openapi/openapi3filter/validation_handler.go:77.45,80.3 2 0
github.com/getkin/kin-openapi/openapi3filter/validation_handler.go:81.2,81.14 1 1
github.com/getkin/kin-openapi/openapi3filter/validation_handler.go:84.68,87.16 2 1
github.com/getkin/kin-openapi/openapi3filter/validation_handler.go:87.16,89.3 1 0
github.com/getkin/kin-openapi/openapi3filter/validation_handler.go:91.2,102.76 3 1
github.com/getkin/kin-openapi/openapi3filter/validation_handler.go:102.76,104.3 1 0
github.com/getkin/kin-openapi/openapi3filter/validation_handler.go:106.2,106.12 1 1
github.com/getkin/kin-openapi/openapi3filter/validation_kit.go:64.79,66.47 2 0
github.com/getkin/kin-openapi/openapi3filter/validation_kit.go:66.47,67.73 1 0
github.com/getkin/kin-openapi/openapi3filter/validation_kit.go:67.73,69.4 1 0
github.com/getkin/kin-openapi/openapi3filter/validation_kit.go:71.2,72.40 2 0
github.com/getkin/kin-openapi/openapi3filter/validation_kit.go:72.40,73.45 1 0
github.com/getkin/kin-openapi/openapi3filter/validation_kit.go:73.45,74.29 1 0
github.com/getkin/kin-openapi/openapi3filter/validation_kit.go:74.29,76.5 1 0
github.com/getkin/kin-openapi/openapi3filter/validation_kit.go:79.2,80.37 2 0
github.com/getkin/kin-openapi/openapi3filter/validation_kit.go:80.37,82.3 1 0
github.com/getkin/kin-openapi/openapi3filter/validation_kit.go:83.2,84.22 2 0
github.com/getkin/kin-openapi/routers/types.go:42.37,42.56 1 0
github.com/getkin/kin-openapi/routers/legacy/router.go:25.107,26.28 1 0
github.com/getkin/kin-openapi/routers/legacy/router.go:26.28,28.35 1 0
github.com/getkin/kin-openapi/routers/legacy/router.go:28.35,29.12 1 0
github.com/getkin/kin-openapi/routers/legacy/router.go:31.3,32.17 2 0
github.com/getkin/kin-openapi/routers/legacy/router.go:32.17,34.4 1 0
github.com/getkin/kin-openapi/routers/legacy/router.go:36.2,36.28 1 0
github.com/getkin/kin-openapi/routers/legacy/router.go:36.28,38.34 1 0
github.com/getkin/kin-openapi/routers/legacy/router.go:38.34,39.12 1 0
github.com/getkin/kin-openapi/routers/legacy/router.go:41.3,42.17 2 0
github.com/getkin/kin-openapi/routers/legacy/router.go:42.17,44.4 1 0
github.com/getkin/kin-openapi/routers/legacy/router.go:46.2,48.3 1 0
github.com/getkin/kin-openapi/routers/legacy/router.go:61.92,62.68 1 1
github.com/getkin/kin-openapi/routers/legacy/router.go:62.68,64.3 1 0
github.com/getkin/kin-openapi/routers/legacy/router.go:65.2,67.46 3 1
github.com/getkin/kin-openapi/routers/legacy/router.go:67.46,68.56 1 1
github.com/getkin/kin-openapi/routers/legacy/router.go:68.56,76.24 2 1
github.com/getkin/kin-openapi/routers/legacy/router.go:76.24,78.5 1 0
github.com/getkin/kin-openapi/routers/legacy/router.go:81.2,81.20 1 1
github.com/getkin/kin-openapi/routers/legacy/router.go:85.60,87.18 2 0
github.com/getkin/kin-openapi/routers/legacy/router.go:87.18,89.3 1 0
github.com/getkin/kin-openapi/routers/legacy/router.go:90.2,92.16 3 0
github.com/getkin/kin-openapi/routers/legacy/router.go:92.16,94.3 1 0
github.com/getkin/kin-openapi/routers/legacy/router.go:95.2,95.56 1 0
github.com/getkin/kin-openapi/routers/legacy/router.go:98.48,100.17 2 1
github.com/getkin/kin-openapi/routers/legacy/router.go:100.17,103.3 2 1
github.com/getkin/kin-openapi/routers/legacy/router.go:104.2,104.13 1 1
github.com/getkin/kin-openapi/routers/legacy/router.go:108.95,117.23 7 1
github.com/getkin/kin-openapi/routers/legacy/router.go:117.23,119.3 1 1
github.com/getkin/kin-openapi/routers/legacy/router.go:119.8,122.20 3 0
github.com/getkin/kin-openapi/routers/legacy/router.go:122.20,126.4 1 0
github.com/getkin/kin-openapi/routers/legacy/router.go:127.3,129.17 3 0
github.com/getkin/kin-openapi/routers/legacy/router.go:129.17,131.4 1 0
github.com/getkin/kin-openapi/routers/legacy/router.go:132.3,132.37 1 0
github.com/getkin/kin-openapi/routers/legacy/router.go:132.37,135.4 2 0
github.com/getkin/kin-openapi/routers/legacy/router.go:139.2,142.17 4 1
github.com/getkin/kin-openapi/routers/legacy/router.go:142.17,144.3 1 1
github.com/getkin/kin-openapi/routers/legacy/router.go:145.2,145.18 1 1
github.com/getkin/kin-openapi/routers/legacy/router.go:145.18,147.22 2 0
github.com/getkin/kin-openapi/routers/legacy/router.go:147.22,149.4 1 0
github.com/getkin/kin-openapi/routers/legacy/router.go:150.3,150.43 1 0
github.com/getkin/kin-openapi/routers/legacy/router.go:150.43,152.4 1 0
github.com/getkin/kin-openapi/routers/legacy/router.go:155.2,155.23 1 1
github.com/getkin/kin-openapi/routers/legacy/router.go:155.23,157.3 1 1
github.com/getkin/kin-openapi/routers/legacy/router.go:158.2,159.36 2 1
github.com/getkin/kin-openapi/routers/legacy/router.go:159.36,162.3 2 0
github.com/getkin/kin-openapi/routers/legacy/router.go:163.2,163.31 1 1
github.com/getkin/kin-openapi/routers/legacy/pathpattern/node.go:34.59,39.44 3 0
github.com/getkin/kin-openapi/routers/legacy/pathpattern/node.go:39.44,40.22 1 0
github.com/getkin/kin-openapi/routers/legacy/pathpattern/node.go:41.12,44.15 3 0
github.com/getkin/kin-openapi/routers/legacy/pathpattern/node.go:45.12,46.21 1 0
github.com/getkin/kin-openapi/routers/legacy/pathpattern/node.go:46.21,50.5 3 0
github.com/getkin/kin-openapi/routers/legacy/pathpattern/node.go:53.2,54.20 2 0
github.com/getkin/kin-openapi/routers/legacy/pathpattern/node.go:63.42,67.2 3 0
github.com/getkin/kin-openapi/routers/legacy/pathpattern/node.go:69.73,70.46 1 0
github.com/getkin/kin-openapi/routers/legacy/pathpattern/node.go:70.46,75.3 4 0
github.com/getkin/kin-openapi/routers/legacy/pathpattern/node.go:76.2,77.23 2 0
github.com/getkin/kin-openapi/routers/legacy/pathpattern/node.go:77.23,79.35 2 0
github.com/getkin/kin-openapi/routers/legacy/pathpattern/node.go:79.35,85.4 5 0
github.com/getkin/kin-openapi/routers/legacy/pathpattern/node.go:118.36,120.2 1 0
github.com/getkin/kin-openapi/routers/legacy/pathpattern/node.go:122.38,123.21 1 0
github.com/getkin/kin-openapi/routers/legacy/pathpattern/node.go:124.26,125.24 1 0
github.com/getkin/kin-openapi/routers/legacy/pathpattern/node.go:126.26,127.15 1 0
github.com/getkin/kin-openapi/routers/legacy/pathpattern/node.go:128.28,129.16 1 0
github.com/getkin/kin-openapi/routers/legacy/pathpattern/node.go:130.10,131.38 1 0
github.com/getkin/kin-openapi/routers/legacy/pathpattern/node.go:139.37,140.46 1 0
github.com/getkin/kin-openapi/routers/legacy/pathpattern/node.go:140.46,142.3 1 0
github.com/getkin/kin-openapi/routers/legacy/pathpattern/node.go:144.2,144.42 1 0
github.com/getkin/kin-openapi/routers/legacy/pathpattern/node.go:147.76,149.16 2 0
github.com/getkin/kin-openapi/routers/legacy/pathpattern/node.go:149.16,150.13 1 0
github.com/getkin/kin-openapi/routers/legacy/pathpattern/node.go:152.2,152.20 1 0
github.com/getkin/kin-openapi/routers/legacy/pathpattern/node.go:155.78,157.16 2 1
github.com/getkin/kin-openapi/routers/legacy/pathpattern/node.go:157.16,159.3 1 0
github.com/getkin/kin-openapi/routers/legacy/pathpattern/node.go:160.2,161.12 2 1
github.com/getkin/kin-openapi/routers/legacy/pathpattern/node.go:164.83,165.20 1 1
github.com/getkin/kin-openapi/routers/legacy/pathpattern/node.go:165.20,167.3 1 1
github.com/getkin/kin-openapi/routers/legacy/pathpattern/node.go:168.2,168.35 1 1
github.com/getkin/kin-openapi/routers/legacy/pathpattern/node.go:168.35,170.3 1 0
github.com/getkin/kin-openapi/routers/legacy/pathpattern/node.go:171.2,174.6 3 1
github.com/getkin/kin-openapi/routers/legacy/pathpattern/node.go:174.6,176.26 1 1
github.com/getkin/kin-openapi/routers/legacy/pathpattern/node.go:176.26,181.4 2 1
github.com/getkin/kin-openapi/routers/legacy/pathpattern/node.go:183.3,185.40 3 1
github.com/getkin/kin-openapi/routers/legacy/pathpattern/node.go:185.40,189.4 3 1
github.com/getkin/kin-openapi/routers/legacy/pathpattern/node.go:189.9,191.13 2 1
github.com/getkin/kin-openapi/routers/legacy/pathpattern/node.go:191.13,193.5 1 1
github.com/getkin/kin-openapi/routers/legacy/pathpattern/node.go:194.4,194.13 1 1
github.com/getkin/kin-openapi/routers/legacy/pathpattern/node.go:194.13,199.5 3 1
github.com/getkin/kin-openapi/routers/legacy/pathpattern/node.go:199.10,199.34 1 0
github.com/getkin/kin-openapi/routers/legacy/pathpattern/node.go:199.34,205.14 3 0
github.com/getkin/kin-openapi/routers/legacy/pathpattern/node.go:205.14,207.6 1 0
github.com/getkin/kin-openapi/routers/legacy/pathpattern/node.go:208.5,211.30 3 0
github.com/getkin/kin-openapi/routers/legacy/pathpattern/node.go:211.30,214.16 2 0
github.com/getkin/kin-openapi/routers/legacy/pathpattern/node.go:214.16,218.7 3 0
github.com/getkin/kin-openapi/routers/legacy/pathpattern/node.go:220.5,220.69 1 0
github.com/getkin/kin-openapi/routers/legacy/pathpattern/node.go:220.69,221.46 1 0
github.com/getkin/kin-openapi/routers/legacy/pathpattern/node.go:221.46,223.7 1 0
github.com/getkin/kin-openapi/routers/legacy/pathpattern/node.go:225.5,225.56 1 0
github.com/getkin/kin-openapi/routers/legacy/pathpattern/node.go:230.3,230.49 1 1
github.com/getkin/kin-openapi/routers/legacy/pathpattern/node.go:230.49,231.37 1 0
github.com/getkin/kin-openapi/routers/legacy/pathpattern/node.go:231.37,233.18 2 0
github.com/getkin/kin-openapi/routers/legacy/pathpattern/node.go:238.3,238.38 1 1
github.com/getkin/kin-openapi/routers/legacy/pathpattern/node.go:238.38,240.18 2 0
github.com/getkin/kin-openapi/routers/legacy/pathpattern/node.go:240.18,242.5 1 0
github.com/getkin/kin-openapi/routers/legacy/pathpattern/node.go:243.4,243.26 1 0
github.com/getkin/kin-openapi/routers/legacy/pathpattern/node.go:247.3,252.16 6 1
github.com/getkin/kin-openapi/routers/legacy/pathpattern/node.go:256.63,257.35 1 1
github.com/getkin/kin-openapi/routers/legacy/pathpattern/node.go:257.35,259.3 1 0
github.com/getkin/kin-openapi/routers/legacy/pathpattern/node.go:260.2,261.57 2 1
github.com/getkin/kin-openapi/routers/legacy/pathpattern/node.go:264.99,266.53 1 1
github.com/getkin/kin-openapi/routers/legacy/pathpattern/node.go:266.53,268.3 1 1
github.com/getkin/kin-openapi/routers/legacy/pathpattern/node.go:271.2,271.46 1 1
github.com/getkin/kin-openapi/routers/legacy/pathpattern/node.go:271.46,274.22 3 1
github.com/getkin/kin-openapi/routers/legacy/pathpattern/node.go:275.27,277.45 2 1
github.com/getkin/kin-openapi/routers/legacy/pathpattern/node.go:277.45,280.5 2 1
github.com/getkin/kin-openapi/routers/legacy/pathpattern/node.go:280.10,280.52 1 0
github.com/getkin/kin-openapi/routers/legacy/pathpattern/node.go:280.52,282.5 1 0
github.com/getkin/kin-openapi/routers/legacy/pathpattern/node.go:283.27,285.13 2 0
github.com/getkin/kin-openapi/routers/legacy/pathpattern/node.go:285.13,287.5 1 0
github.com/getkin/kin-openapi/routers/legacy/pathpattern/node.go:288.4,290.87 3 0
github.com/getkin/kin-openapi/routers/legacy/pathpattern/node.go:291.29,293.58 2 0
github.com/getkin/kin-openapi/routers/legacy/pathpattern/node.go:294.25,296.13 2 0
github.com/getkin/kin-openapi/routers/legacy/pathpattern/node.go:296.13,298.5 1 0
github.com/getkin/kin-openapi/routers/legacy/pathpattern/node.go:299.4,301.38 3 0
github.com/getkin/kin-openapi/routers/legacy/pathpattern/node.go:301.38,303.25 2 0
github.com/getkin/kin-openapi/routers/legacy/pathpattern/node.go:303.25,305.6 1 0
github.com/getkin/kin-openapi/routers/legacy/pathpattern/node.go:306.5,308.88 3 0
github.com/getkin/kin-openapi/routers/legacy/pathpattern/node.go:311.3,311.51 1 1
github.com/getkin/kin-openapi/routers/legacy/pathpattern/node.go:311.51,314.4 1 1
github.com/getkin/kin-openapi/routers/legacy/pathpattern/node.go:318.2,318.17 1 0
