mode: set
github.com/getkin/kin-openapi/openapi3/callback.go:17.55,19.27 2 0
github.com/getkin/kin-openapi/openapi3/callback.go:19.27,21.3 1 0
github.com/getkin/kin-openapi/openapi3/callback.go:22.2,22.17 1 0
github.com/getkin/kin-openapi/openapi3/callback.go:29.68,30.34 1 0
github.com/getkin/kin-openapi/openapi3/callback.go:30.34,31.42 1 0
github.com/getkin/kin-openapi/openapi3/callback.go:31.42,33.4 1 0
github.com/getkin/kin-openapi/openapi3/callback.go:38.89,41.38 2 0
github.com/getkin/kin-openapi/openapi3/callback.go:41.38,43.41 2 0
github.com/getkin/kin-openapi/openapi3/callback.go:43.41,45.4 1 0
github.com/getkin/kin-openapi/openapi3/callback.go:48.2,48.70 1 0
github.com/getkin/kin-openapi/openapi3/components.go:39.33,41.2 1 0
github.com/getkin/kin-openapi/openapi3/components.go:44.60,46.16 2 0
github.com/getkin/kin-openapi/openapi3/components.go:46.16,48.3 1 0
github.com/getkin/kin-openapi/openapi3/components.go:49.2,49.24 1 0
github.com/getkin/kin-openapi/openapi3/components.go:53.57,56.42 3 0
github.com/getkin/kin-openapi/openapi3/components.go:56.42,58.3 1 0
github.com/getkin/kin-openapi/openapi3/components.go:59.2,59.45 1 0
github.com/getkin/kin-openapi/openapi3/components.go:59.45,61.3 1 0
github.com/getkin/kin-openapi/openapi3/components.go:62.2,62.42 1 0
github.com/getkin/kin-openapi/openapi3/components.go:62.42,64.3 1 0
github.com/getkin/kin-openapi/openapi3/components.go:65.2,65.48 1 0
github.com/getkin/kin-openapi/openapi3/components.go:65.48,67.3 1 0
github.com/getkin/kin-openapi/openapi3/components.go:68.2,68.44 1 0
github.com/getkin/kin-openapi/openapi3/components.go:68.44,70.3 1 0
github.com/getkin/kin-openapi/openapi3/components.go:71.2,71.50 1 0
github.com/getkin/kin-openapi/openapi3/components.go:71.50,73.3 1 0
github.com/getkin/kin-openapi/openapi3/components.go:74.2,74.43 1 0
github.com/getkin/kin-openapi/openapi3/components.go:74.43,76.3 1 0
github.com/getkin/kin-openapi/openapi3/components.go:77.2,77.40 1 0
github.com/getkin/kin-openapi/openapi3/components.go:77.40,79.3 1 0
github.com/getkin/kin-openapi/openapi3/components.go:80.2,80.44 1 0
github.com/getkin/kin-openapi/openapi3/components.go:80.44,82.3 1 0
github.com/getkin/kin-openapi/openapi3/components.go:83.2,83.15 1 0
github.com/getkin/kin-openapi/openapi3/components.go:87.64,90.49 3 1
github.com/getkin/kin-openapi/openapi3/components.go:90.49,92.3 1 0
github.com/getkin/kin-openapi/openapi3/components.go:93.2,103.28 11 1
github.com/getkin/kin-openapi/openapi3/components.go:103.28,105.3 1 1
github.com/getkin/kin-openapi/openapi3/components.go:106.2,107.12 2 1
github.com/getkin/kin-openapi/openapi3/components.go:111.93,115.89 3 1
github.com/getkin/kin-openapi/openapi3/components.go:115.89,116.27 1 1
github.com/getkin/kin-openapi/openapi3/components.go:116.27,117.52 1 1
github.com/getkin/kin-openapi/openapi3/components.go:117.52,118.101 1 0
github.com/getkin/kin-openapi/openapi3/components.go:118.101,120.6 1 0
github.com/getkin/kin-openapi/openapi3/components.go:126.5,126.13 1 0
github.com/getkin/kin-openapi/openapi3/components.go:128.4,128.32 1 1
github.com/getkin/kin-openapi/openapi3/components.go:128.32,128.103 1 0
github.com/getkin/kin-openapi/openapi3/components.go:129.4,129.60 1 1
github.com/getkin/kin-openapi/openapi3/components.go:129.60,131.5 1 0
github.com/getkin/kin-openapi/openapi3/components.go:133.3,133.13 1 1
github.com/getkin/kin-openapi/openapi3/components.go:136.2,136.91 1 1
github.com/getkin/kin-openapi/openapi3/components.go:136.91,138.3 1 0
github.com/getkin/kin-openapi/openapi3/components.go:138.17,140.3 1 0
github.com/getkin/kin-openapi/openapi3/components.go:142.2,142.97 1 1
github.com/getkin/kin-openapi/openapi3/components.go:142.97,144.3 1 0
github.com/getkin/kin-openapi/openapi3/components.go:144.17,146.3 1 0
github.com/getkin/kin-openapi/openapi3/components.go:148.2,148.103 1 1
github.com/getkin/kin-openapi/openapi3/components.go:148.103,150.3 1 0
github.com/getkin/kin-openapi/openapi3/components.go:150.17,152.3 1 0
github.com/getkin/kin-openapi/openapi3/components.go:154.2,154.95 1 1
github.com/getkin/kin-openapi/openapi3/components.go:154.95,156.3 1 0
github.com/getkin/kin-openapi/openapi3/components.go:156.17,158.3 1 0
github.com/getkin/kin-openapi/openapi3/components.go:160.2,160.91 1 1
github.com/getkin/kin-openapi/openapi3/components.go:160.91,162.3 1 0
github.com/getkin/kin-openapi/openapi3/components.go:162.17,164.3 1 0
github.com/getkin/kin-openapi/openapi3/components.go:166.2,166.108 1 1
github.com/getkin/kin-openapi/openapi3/components.go:166.108,168.3 1 1
github.com/getkin/kin-openapi/openapi3/components.go:168.17,170.3 1 0
github.com/getkin/kin-openapi/openapi3/components.go:172.2,172.93 1 1
github.com/getkin/kin-openapi/openapi3/components.go:172.93,174.3 1 0
github.com/getkin/kin-openapi/openapi3/components.go:174.17,176.3 1 0
github.com/getkin/kin-openapi/openapi3/components.go:178.2,178.87 1 1
github.com/getkin/kin-openapi/openapi3/components.go:178.87,180.3 1 0
github.com/getkin/kin-openapi/openapi3/components.go:180.17,182.3 1 0
github.com/getkin/kin-openapi/openapi3/components.go:184.2,184.95 1 1
github.com/getkin/kin-openapi/openapi3/components.go:184.95,186.3 1 0
github.com/getkin/kin-openapi/openapi3/components.go:186.17,188.3 1 0
github.com/getkin/kin-openapi/openapi3/components.go:190.2,190.87 1 1
github.com/getkin/kin-openapi/openapi3/components.go:196.56,197.40 1 0
github.com/getkin/kin-openapi/openapi3/components.go:197.40,199.3 1 0
github.com/getkin/kin-openapi/openapi3/components.go:199.8,199.36 1 0
github.com/getkin/kin-openapi/openapi3/components.go:199.36,201.3 1 0
github.com/getkin/kin-openapi/openapi3/components.go:201.8,203.3 1 0
github.com/getkin/kin-openapi/openapi3/components.go:209.62,210.40 1 0
github.com/getkin/kin-openapi/openapi3/components.go:210.40,212.3 1 0
github.com/getkin/kin-openapi/openapi3/components.go:212.8,212.36 1 0
github.com/getkin/kin-openapi/openapi3/components.go:212.36,214.3 1 0
github.com/getkin/kin-openapi/openapi3/components.go:214.8,216.3 1 0
github.com/getkin/kin-openapi/openapi3/components.go:222.56,223.40 1 0
github.com/getkin/kin-openapi/openapi3/components.go:223.40,225.3 1 0
github.com/getkin/kin-openapi/openapi3/components.go:225.8,225.36 1 0
github.com/getkin/kin-openapi/openapi3/components.go:225.36,227.3 1 0
github.com/getkin/kin-openapi/openapi3/components.go:227.8,229.3 1 0
github.com/getkin/kin-openapi/openapi3/components.go:235.62,236.40 1 0
github.com/getkin/kin-openapi/openapi3/components.go:236.40,238.3 1 0
github.com/getkin/kin-openapi/openapi3/components.go:238.8,238.36 1 0
github.com/getkin/kin-openapi/openapi3/components.go:238.36,240.3 1 0
github.com/getkin/kin-openapi/openapi3/components.go:240.8,242.3 1 0
github.com/getkin/kin-openapi/openapi3/components.go:248.63,249.40 1 0
github.com/getkin/kin-openapi/openapi3/components.go:249.40,251.3 1 0
github.com/getkin/kin-openapi/openapi3/components.go:251.8,251.36 1 0
github.com/getkin/kin-openapi/openapi3/components.go:251.36,253.3 1 0
github.com/getkin/kin-openapi/openapi3/components.go:253.8,255.3 1 0
github.com/getkin/kin-openapi/openapi3/components.go:261.64,262.40 1 0
github.com/getkin/kin-openapi/openapi3/components.go:262.40,264.3 1 0
github.com/getkin/kin-openapi/openapi3/components.go:264.8,264.36 1 0
github.com/getkin/kin-openapi/openapi3/components.go:264.36,266.3 1 0
github.com/getkin/kin-openapi/openapi3/components.go:266.8,268.3 1 0
github.com/getkin/kin-openapi/openapi3/components.go:274.57,275.40 1 0
github.com/getkin/kin-openapi/openapi3/components.go:275.40,277.3 1 0
github.com/getkin/kin-openapi/openapi3/components.go:277.8,277.36 1 0
github.com/getkin/kin-openapi/openapi3/components.go:277.36,279.3 1 0
github.com/getkin/kin-openapi/openapi3/components.go:279.8,281.3 1 0
github.com/getkin/kin-openapi/openapi3/components.go:287.54,288.40 1 0
github.com/getkin/kin-openapi/openapi3/components.go:288.40,290.3 1 0
github.com/getkin/kin-openapi/openapi3/components.go:290.8,290.36 1 0
github.com/getkin/kin-openapi/openapi3/components.go:290.36,292.3 1 0
github.com/getkin/kin-openapi/openapi3/components.go:292.8,294.3 1 0
github.com/getkin/kin-openapi/openapi3/components.go:300.58,301.40 1 0
github.com/getkin/kin-openapi/openapi3/components.go:301.40,303.3 1 0
github.com/getkin/kin-openapi/openapi3/components.go:303.8,303.36 1 0
github.com/getkin/kin-openapi/openapi3/components.go:303.36,305.3 1 0
github.com/getkin/kin-openapi/openapi3/components.go:305.8,307.3 1 0
github.com/getkin/kin-openapi/openapi3/contact.go:21.54,23.16 2 0
github.com/getkin/kin-openapi/openapi3/contact.go:23.16,25.3 1 0
github.com/getkin/kin-openapi/openapi3/contact.go:26.2,26.24 1 0
github.com/getkin/kin-openapi/openapi3/contact.go:30.51,33.32 3 0
github.com/getkin/kin-openapi/openapi3/contact.go:33.32,35.3 1 0
github.com/getkin/kin-openapi/openapi3/contact.go:36.2,36.31 1 0
github.com/getkin/kin-openapi/openapi3/contact.go:36.31,38.3 1 0
github.com/getkin/kin-openapi/openapi3/contact.go:39.2,39.33 1 0
github.com/getkin/kin-openapi/openapi3/contact.go:39.33,41.3 1 0
github.com/getkin/kin-openapi/openapi3/contact.go:42.2,42.15 1 0
github.com/getkin/kin-openapi/openapi3/contact.go:46.58,49.49 3 0
github.com/getkin/kin-openapi/openapi3/contact.go:49.49,51.3 1 0
github.com/getkin/kin-openapi/openapi3/contact.go:52.2,57.28 5 0
github.com/getkin/kin-openapi/openapi3/contact.go:57.28,59.3 1 0
github.com/getkin/kin-openapi/openapi3/contact.go:60.2,61.12 2 0
github.com/getkin/kin-openapi/openapi3/contact.go:65.87,69.2 2 0
github.com/getkin/kin-openapi/openapi3/content.go:11.27,13.2 1 0
github.com/getkin/kin-openapi/openapi3/content.go:15.70,16.24 1 0
github.com/getkin/kin-openapi/openapi3/content.go:16.24,20.3 1 0
github.com/getkin/kin-openapi/openapi3/content.go:21.2,22.37 2 0
github.com/getkin/kin-openapi/openapi3/content.go:22.37,24.3 1 0
github.com/getkin/kin-openapi/openapi3/content.go:25.2,25.16 1 0
github.com/getkin/kin-openapi/openapi3/content.go:28.76,29.24 1 0
github.com/getkin/kin-openapi/openapi3/content.go:29.24,33.3 1 0
github.com/getkin/kin-openapi/openapi3/content.go:34.2,35.37 2 0
github.com/getkin/kin-openapi/openapi3/content.go:35.37,37.3 1 0
github.com/getkin/kin-openapi/openapi3/content.go:38.2,38.16 1 0
github.com/getkin/kin-openapi/openapi3/content.go:41.55,45.2 1 0
github.com/getkin/kin-openapi/openapi3/content.go:46.61,50.2 1 0
github.com/getkin/kin-openapi/openapi3/content.go:52.59,56.2 1 0
github.com/getkin/kin-openapi/openapi3/content.go:58.65,62.2 1 0
github.com/getkin/kin-openapi/openapi3/content.go:64.52,68.16 1 0
github.com/getkin/kin-openapi/openapi3/content.go:68.16,70.3 1 0
github.com/getkin/kin-openapi/openapi3/content.go:73.2,73.34 1 0
github.com/getkin/kin-openapi/openapi3/content.go:73.34,75.3 1 0
github.com/getkin/kin-openapi/openapi3/content.go:79.2,80.11 2 0
github.com/getkin/kin-openapi/openapi3/content.go:80.11,84.3 1 0
github.com/getkin/kin-openapi/openapi3/content.go:85.2,86.34 2 0
github.com/getkin/kin-openapi/openapi3/content.go:86.34,88.3 1 0
github.com/getkin/kin-openapi/openapi3/content.go:91.2,92.11 2 0
github.com/getkin/kin-openapi/openapi3/content.go:92.11,97.3 1 0
github.com/getkin/kin-openapi/openapi3/content.go:98.2,99.34 2 0
github.com/getkin/kin-openapi/openapi3/content.go:99.34,101.3 1 0
github.com/getkin/kin-openapi/openapi3/content.go:104.2,104.23 1 0
github.com/getkin/kin-openapi/openapi3/content.go:108.86,111.44 2 0
github.com/getkin/kin-openapi/openapi3/content.go:111.44,112.50 1 0
github.com/getkin/kin-openapi/openapi3/content.go:112.50,114.4 1 0
github.com/getkin/kin-openapi/openapi3/content.go:116.2,116.12 1 0
github.com/getkin/kin-openapi/openapi3/discriminator.go:24.56,27.2 2 0
github.com/getkin/kin-openapi/openapi3/discriminator.go:29.52,31.2 1 0
github.com/getkin/kin-openapi/openapi3/discriminator.go:34.66,36.16 2 0
github.com/getkin/kin-openapi/openapi3/discriminator.go:36.16,38.3 1 0
github.com/getkin/kin-openapi/openapi3/discriminator.go:39.2,39.24 1 0
github.com/getkin/kin-openapi/openapi3/discriminator.go:43.63,47.45 4 0
github.com/getkin/kin-openapi/openapi3/discriminator.go:47.45,49.3 1 0
github.com/getkin/kin-openapi/openapi3/discriminator.go:50.2,50.15 1 0
github.com/getkin/kin-openapi/openapi3/discriminator.go:54.70,57.49 3 0
github.com/getkin/kin-openapi/openapi3/discriminator.go:57.49,59.3 1 0
github.com/getkin/kin-openapi/openapi3/discriminator.go:60.2,64.28 4 0
github.com/getkin/kin-openapi/openapi3/discriminator.go:64.28,66.3 1 0
github.com/getkin/kin-openapi/openapi3/discriminator.go:67.2,68.12 2 0
github.com/getkin/kin-openapi/openapi3/discriminator.go:72.99,76.2 2 0
github.com/getkin/kin-openapi/openapi3/encoding.go:22.30,24.2 1 0
github.com/getkin/kin-openapi/openapi3/encoding.go:29.77,33.2 1 0
github.com/getkin/kin-openapi/openapi3/encoding.go:35.80,37.20 2 0
github.com/getkin/kin-openapi/openapi3/encoding.go:37.20,40.3 2 0
github.com/getkin/kin-openapi/openapi3/encoding.go:41.2,42.17 2 0
github.com/getkin/kin-openapi/openapi3/encoding.go:46.56,48.16 2 0
github.com/getkin/kin-openapi/openapi3/encoding.go:48.16,50.3 1 0
github.com/getkin/kin-openapi/openapi3/encoding.go:51.2,51.24 1 0
github.com/getkin/kin-openapi/openapi3/encoding.go:55.53,58.40 3 0
github.com/getkin/kin-openapi/openapi3/encoding.go:58.40,60.3 1 0
github.com/getkin/kin-openapi/openapi3/encoding.go:61.2,61.40 1 0
github.com/getkin/kin-openapi/openapi3/encoding.go:61.40,63.3 1 0
github.com/getkin/kin-openapi/openapi3/encoding.go:64.2,64.34 1 0
github.com/getkin/kin-openapi/openapi3/encoding.go:64.34,66.3 1 0
github.com/getkin/kin-openapi/openapi3/encoding.go:67.2,67.37 1 0
github.com/getkin/kin-openapi/openapi3/encoding.go:67.37,69.3 1 0
github.com/getkin/kin-openapi/openapi3/encoding.go:70.2,70.36 1 0
github.com/getkin/kin-openapi/openapi3/encoding.go:70.36,72.3 1 0
github.com/getkin/kin-openapi/openapi3/encoding.go:73.2,73.15 1 0
github.com/getkin/kin-openapi/openapi3/encoding.go:77.60,80.49 3 0
github.com/getkin/kin-openapi/openapi3/encoding.go:80.49,82.3 1 0
github.com/getkin/kin-openapi/openapi3/encoding.go:83.2,90.28 7 0
github.com/getkin/kin-openapi/openapi3/encoding.go:90.28,92.3 1 0
github.com/getkin/kin-openapi/openapi3/encoding.go:93.2,94.12 2 0
github.com/getkin/kin-openapi/openapi3/encoding.go:99.70,101.21 2 0
github.com/getkin/kin-openapi/openapi3/encoding.go:101.21,102.27 1 0
github.com/getkin/kin-openapi/openapi3/encoding.go:102.27,104.4 1 0
github.com/getkin/kin-openapi/openapi3/encoding.go:105.3,105.30 1 0
github.com/getkin/kin-openapi/openapi3/encoding.go:105.30,107.4 1 0
github.com/getkin/kin-openapi/openapi3/encoding.go:109.2,109.11 1 0
github.com/getkin/kin-openapi/openapi3/encoding.go:113.89,116.21 2 0
github.com/getkin/kin-openapi/openapi3/encoding.go:116.21,118.3 1 0
github.com/getkin/kin-openapi/openapi3/encoding.go:120.2,120.53 1 0
github.com/getkin/kin-openapi/openapi3/encoding.go:120.53,122.47 2 0
github.com/getkin/kin-openapi/openapi3/encoding.go:122.47,124.4 1 0
github.com/getkin/kin-openapi/openapi3/encoding.go:125.3,125.41 1 0
github.com/getkin/kin-openapi/openapi3/encoding.go:125.41,127.4 1 0
github.com/getkin/kin-openapi/openapi3/encoding.go:131.2,132.9 2 0
github.com/getkin/kin-openapi/openapi3/encoding.go:139.53,139.53 0 0
github.com/getkin/kin-openapi/openapi3/encoding.go:140.10,141.92 1 0
github.com/getkin/kin-openapi/openapi3/encoding.go:144.2,144.70 1 0
github.com/getkin/kin-openapi/openapi3/error_collector.go:26.57,28.2 1 1
github.com/getkin/kin-openapi/openapi3/error_collector.go:30.46,31.16 1 1
github.com/getkin/kin-openapi/openapi3/error_collector.go:31.16,33.3 1 1
github.com/getkin/kin-openapi/openapi3/error_collector.go:34.2,34.14 1 0
github.com/getkin/kin-openapi/openapi3/error_collector.go:34.14,36.3 1 0
github.com/getkin/kin-openapi/openapi3/error_collector.go:37.2,37.36 1 0
github.com/getkin/kin-openapi/openapi3/error_collector.go:37.36,38.26 1 0
github.com/getkin/kin-openapi/openapi3/error_collector.go:38.26,39.34 1 0
github.com/getkin/kin-openapi/openapi3/error_collector.go:39.34,41.5 1 0
github.com/getkin/kin-openapi/openapi3/error_collector.go:43.3,43.13 1 0
github.com/getkin/kin-openapi/openapi3/error_collector.go:45.2,46.12 2 0
github.com/getkin/kin-openapi/openapi3/error_collector.go:49.77,50.16 1 1
github.com/getkin/kin-openapi/openapi3/error_collector.go:50.16,52.3 1 1
github.com/getkin/kin-openapi/openapi3/error_collector.go:53.2,53.14 1 0
github.com/getkin/kin-openapi/openapi3/error_collector.go:53.14,55.3 1 0
github.com/getkin/kin-openapi/openapi3/error_collector.go:56.2,56.36 1 0
github.com/getkin/kin-openapi/openapi3/error_collector.go:56.36,57.26 1 0
github.com/getkin/kin-openapi/openapi3/error_collector.go:57.26,58.47 1 0
github.com/getkin/kin-openapi/openapi3/error_collector.go:58.47,60.5 1 0
github.com/getkin/kin-openapi/openapi3/error_collector.go:62.3,62.13 1 0
github.com/getkin/kin-openapi/openapi3/error_collector.go:64.2,64.26 1 0
github.com/getkin/kin-openapi/openapi3/error_collector.go:67.39,68.21 1 1
github.com/getkin/kin-openapi/openapi3/error_collector.go:68.21,70.3 1 0
github.com/getkin/kin-openapi/openapi3/error_collector.go:71.2,71.12 1 1
github.com/getkin/kin-openapi/openapi3/error_collector.go:77.50,78.32 1 1
github.com/getkin/kin-openapi/openapi3/error_collector.go:78.32,80.3 1 0
github.com/getkin/kin-openapi/openapi3/error_collector.go:81.2,81.19 1 1
github.com/getkin/kin-openapi/openapi3/errors.go:12.37,14.2 1 0
github.com/getkin/kin-openapi/openapi3/errors.go:16.49,18.25 2 0
github.com/getkin/kin-openapi/openapi3/errors.go:18.25,20.23 2 0
github.com/getkin/kin-openapi/openapi3/errors.go:20.23,22.4 1 0
github.com/getkin/kin-openapi/openapi3/errors.go:24.2,24.22 1 0
github.com/getkin/kin-openapi/openapi3/errors.go:29.44,30.38 1 0
github.com/getkin/kin-openapi/openapi3/errors.go:30.38,32.3 1 0
github.com/getkin/kin-openapi/openapi3/errors.go:33.2,33.23 1 0
github.com/getkin/kin-openapi/openapi3/errors.go:33.23,34.27 1 0
github.com/getkin/kin-openapi/openapi3/errors.go:34.27,36.4 1 0
github.com/getkin/kin-openapi/openapi3/errors.go:38.2,38.14 1 0
github.com/getkin/kin-openapi/openapi3/errors.go:42.42,43.23 1 0
github.com/getkin/kin-openapi/openapi3/errors.go:43.23,44.27 1 0
github.com/getkin/kin-openapi/openapi3/errors.go:44.27,46.4 1 0
github.com/getkin/kin-openapi/openapi3/errors.go:48.2,48.14 1 0
github.com/getkin/kin-openapi/openapi3/errors.go:53.46,55.2 1 0
github.com/getkin/kin-openapi/openapi3/errors.go:57.46,59.2 1 0
github.com/getkin/kin-openapi/openapi3/errors.go:63.46,65.2 1 0
github.com/getkin/kin-openapi/openapi3/errors.go:67.46,69.2 1 0
github.com/getkin/kin-openapi/openapi3/example.go:21.37,23.2 1 0
github.com/getkin/kin-openapi/openapi3/example.go:26.54,28.16 2 0
github.com/getkin/kin-openapi/openapi3/example.go:28.16,30.3 1 0
github.com/getkin/kin-openapi/openapi3/example.go:31.2,31.24 1 0
github.com/getkin/kin-openapi/openapi3/example.go:35.51,38.35 3 0
github.com/getkin/kin-openapi/openapi3/example.go:38.35,40.3 1 0
github.com/getkin/kin-openapi/openapi3/example.go:41.2,41.39 1 0
github.com/getkin/kin-openapi/openapi3/example.go:41.39,43.3 1 0
github.com/getkin/kin-openapi/openapi3/example.go:44.2,44.34 1 0
github.com/getkin/kin-openapi/openapi3/example.go:44.34,46.3 1 0
github.com/getkin/kin-openapi/openapi3/example.go:47.2,47.41 1 0
github.com/getkin/kin-openapi/openapi3/example.go:47.41,49.3 1 0
github.com/getkin/kin-openapi/openapi3/example.go:50.2,50.15 1 0
github.com/getkin/kin-openapi/openapi3/example.go:54.58,57.49 3 0
github.com/getkin/kin-openapi/openapi3/example.go:57.49,59.3 1 0
github.com/getkin/kin-openapi/openapi3/example.go:60.2,65.28 6 0
github.com/getkin/kin-openapi/openapi3/example.go:65.28,67.3 1 0
github.com/getkin/kin-openapi/openapi3/example.go:68.2,69.12 2 0
github.com/getkin/kin-openapi/openapi3/example.go:73.87,76.57 2 0
github.com/getkin/kin-openapi/openapi3/example.go:76.57,78.3 1 0
github.com/getkin/kin-openapi/openapi3/example.go:79.2,79.57 1 0
github.com/getkin/kin-openapi/openapi3/example.go:79.57,81.3 1 0
github.com/getkin/kin-openapi/openapi3/example.go:83.2,83.68 1 0
github.com/getkin/kin-openapi/openapi3/example_validation.go:5.81,9.32 3 0
github.com/getkin/kin-openapi/openapi3/example_validation.go:9.32,11.3 1 0
github.com/getkin/kin-openapi/openapi3/example_validation.go:11.8,11.39 1 0
github.com/getkin/kin-openapi/openapi3/example_validation.go:11.39,13.3 1 0
github.com/getkin/kin-openapi/openapi3/example_validation.go:15.2,15.40 1 0
github.com/getkin/kin-openapi/openapi3/example_validation.go:15.40,17.3 1 0
github.com/getkin/kin-openapi/openapi3/example_validation.go:19.2,19.41 1 0
github.com/getkin/kin-openapi/openapi3/extension.go:15.95,19.47 3 1
github.com/getkin/kin-openapi/openapi3/extension.go:19.47,20.33 1 0
github.com/getkin/kin-openapi/openapi3/extension.go:20.33,21.12 1 0
github.com/getkin/kin-openapi/openapi3/extension.go:23.3,23.21 1 0
github.com/getkin/kin-openapi/openapi3/extension.go:23.21,24.31 1 0
github.com/getkin/kin-openapi/openapi3/extension.go:24.31,25.13 1 0
github.com/getkin/kin-openapi/openapi3/extension.go:28.3,28.33 1 0
github.com/getkin/kin-openapi/openapi3/extension.go:31.2,31.24 1 1
github.com/getkin/kin-openapi/openapi3/extension.go:31.24,33.3 1 0
github.com/getkin/kin-openapi/openapi3/extension.go:35.2,35.12 1 1
github.com/getkin/kin-openapi/openapi3/external_docs.go:21.53,23.16 2 0
github.com/getkin/kin-openapi/openapi3/external_docs.go:23.16,25.3 1 0
github.com/getkin/kin-openapi/openapi3/external_docs.go:26.2,26.24 1 0
github.com/getkin/kin-openapi/openapi3/external_docs.go:30.50,33.33 3 0
github.com/getkin/kin-openapi/openapi3/external_docs.go:33.33,35.3 1 0
github.com/getkin/kin-openapi/openapi3/external_docs.go:36.2,36.25 1 0
github.com/getkin/kin-openapi/openapi3/external_docs.go:36.25,38.3 1 0
github.com/getkin/kin-openapi/openapi3/external_docs.go:39.2,39.15 1 0
github.com/getkin/kin-openapi/openapi3/external_docs.go:43.57,46.49 3 0
github.com/getkin/kin-openapi/openapi3/external_docs.go:46.49,48.3 1 0
github.com/getkin/kin-openapi/openapi3/external_docs.go:49.2,52.28 4 0
github.com/getkin/kin-openapi/openapi3/external_docs.go:52.28,54.3 1 0
github.com/getkin/kin-openapi/openapi3/external_docs.go:55.2,56.12 2 0
github.com/getkin/kin-openapi/openapi3/external_docs.go:60.86,64.17 3 0
github.com/getkin/kin-openapi/openapi3/external_docs.go:64.17,65.71 1 0
github.com/getkin/kin-openapi/openapi3/external_docs.go:65.71,67.4 1 0
github.com/getkin/kin-openapi/openapi3/external_docs.go:69.2,69.44 1 0
github.com/getkin/kin-openapi/openapi3/external_docs.go:69.44,70.78 1 0
github.com/getkin/kin-openapi/openapi3/external_docs.go:70.78,72.4 1 0
github.com/getkin/kin-openapi/openapi3/external_docs.go:75.2,75.69 1 0
github.com/getkin/kin-openapi/openapi3/header.go:18.60,20.2 1 0
github.com/getkin/kin-openapi/openapi3/header.go:23.52,25.2 1 0
github.com/getkin/kin-openapi/openapi3/header.go:28.56,30.2 1 0
github.com/getkin/kin-openapi/openapi3/header.go:33.49,35.2 1 0
github.com/getkin/kin-openapi/openapi3/header.go:38.75,40.17 2 0
github.com/getkin/kin-openapi/openapi3/header.go:40.17,42.3 1 0
github.com/getkin/kin-openapi/openapi3/header.go:43.2,44.27 2 0
github.com/getkin/kin-openapi/openapi3/header.go:44.27,46.3 1 0
github.com/getkin/kin-openapi/openapi3/header.go:47.2,47.66 1 0
github.com/getkin/kin-openapi/openapi3/header.go:51.85,54.23 2 0
github.com/getkin/kin-openapi/openapi3/header.go:54.23,56.3 1 0
github.com/getkin/kin-openapi/openapi3/header.go:57.2,57.21 1 0
github.com/getkin/kin-openapi/openapi3/header.go:57.21,59.3 1 0
github.com/getkin/kin-openapi/openapi3/header.go:62.2,63.16 2 0
github.com/getkin/kin-openapi/openapi3/header.go:63.16,65.3 1 0
github.com/getkin/kin-openapi/openapi3/header.go:66.2,68.63 1 0
github.com/getkin/kin-openapi/openapi3/header.go:68.63,71.3 2 0
github.com/getkin/kin-openapi/openapi3/header.go:73.2,73.58 1 0
github.com/getkin/kin-openapi/openapi3/header.go:73.58,76.3 1 0
github.com/getkin/kin-openapi/openapi3/header.go:77.2,77.44 1 0
github.com/getkin/kin-openapi/openapi3/header.go:77.44,78.46 1 0
github.com/getkin/kin-openapi/openapi3/header.go:78.46,80.4 1 0
github.com/getkin/kin-openapi/openapi3/header.go:83.2,83.47 1 0
github.com/getkin/kin-openapi/openapi3/header.go:83.47,84.23 1 0
github.com/getkin/kin-openapi/openapi3/header.go:84.23,87.4 1 0
github.com/getkin/kin-openapi/openapi3/header.go:89.3,89.47 1 0
github.com/getkin/kin-openapi/openapi3/header.go:89.47,91.4 1 0
github.com/getkin/kin-openapi/openapi3/header.go:93.2,93.12 1 0
github.com/getkin/kin-openapi/openapi3/helpers.go:27.45,28.41 1 1
github.com/getkin/kin-openapi/openapi3/helpers.go:28.41,30.3 1 1
github.com/getkin/kin-openapi/openapi3/helpers.go:31.2,31.115 1 0
github.com/getkin/kin-openapi/openapi3/helpers.go:35.29,37.2 1 0
github.com/getkin/kin-openapi/openapi3/helpers.go:42.41,44.2 1 0
github.com/getkin/kin-openapi/openapi3/helpers.go:49.32,51.2 1 0
github.com/getkin/kin-openapi/openapi3/helpers.go:56.35,58.2 1 0
github.com/getkin/kin-openapi/openapi3/helpers.go:63.38,65.2 1 0
github.com/getkin/kin-openapi/openapi3/helpers.go:68.53,70.19 2 1
github.com/getkin/kin-openapi/openapi3/helpers.go:70.19,72.3 1 1
github.com/getkin/kin-openapi/openapi3/helpers.go:73.2,74.12 2 1
github.com/getkin/kin-openapi/openapi3/helpers.go:78.35,79.14 1 1
github.com/getkin/kin-openapi/openapi3/helpers.go:79.14,81.3 1 0
github.com/getkin/kin-openapi/openapi3/helpers.go:83.2,84.11 2 1
github.com/getkin/kin-openapi/openapi3/helpers.go:104.66,105.28 1 0
github.com/getkin/kin-openapi/openapi3/helpers.go:105.28,107.3 1 0
github.com/getkin/kin-openapi/openapi3/helpers.go:109.2,112.28 3 0
github.com/getkin/kin-openapi/openapi3/helpers.go:112.28,114.3 1 0
github.com/getkin/kin-openapi/openapi3/helpers.go:117.2,117.34 1 0
github.com/getkin/kin-openapi/openapi3/helpers.go:123.60,124.58 1 0
github.com/getkin/kin-openapi/openapi3/helpers.go:124.58,126.3 1 0
github.com/getkin/kin-openapi/openapi3/helpers.go:128.2,132.44 3 0
github.com/getkin/kin-openapi/openapi3/helpers.go:135.55,137.21 2 0
github.com/getkin/kin-openapi/openapi3/helpers.go:137.21,139.3 1 0
github.com/getkin/kin-openapi/openapi3/helpers.go:140.2,140.21 1 0
github.com/getkin/kin-openapi/openapi3/helpers.go:140.21,142.3 1 0
github.com/getkin/kin-openapi/openapi3/helpers.go:144.2,144.35 1 0
github.com/getkin/kin-openapi/openapi3/helpers.go:187.81,188.41 1 0
github.com/getkin/kin-openapi/openapi3/helpers.go:188.41,190.3 1 0
github.com/getkin/kin-openapi/openapi3/helpers.go:194.2,194.107 1 0
github.com/getkin/kin-openapi/openapi3/helpers.go:194.107,196.39 1 0
github.com/getkin/kin-openapi/openapi3/helpers.go:196.39,200.4 2 0
github.com/getkin/kin-openapi/openapi3/helpers.go:204.2,204.27 1 0
github.com/getkin/kin-openapi/openapi3/helpers.go:204.27,206.3 1 0
github.com/getkin/kin-openapi/openapi3/helpers.go:208.2,209.16 2 0
github.com/getkin/kin-openapi/openapi3/helpers.go:209.16,210.13 1 0
github.com/getkin/kin-openapi/openapi3/helpers.go:213.2,218.43 3 0
github.com/getkin/kin-openapi/openapi3/helpers.go:218.43,222.35 3 0
github.com/getkin/kin-openapi/openapi3/helpers.go:222.35,226.4 2 0
github.com/getkin/kin-openapi/openapi3/helpers.go:227.8,229.3 1 0
github.com/getkin/kin-openapi/openapi3/helpers.go:233.2,233.50 1 0
github.com/getkin/kin-openapi/openapi3/helpers.go:233.50,236.47 2 0
github.com/getkin/kin-openapi/openapi3/helpers.go:236.47,237.12 1 0
github.com/getkin/kin-openapi/openapi3/helpers.go:241.3,241.36 1 0
github.com/getkin/kin-openapi/openapi3/helpers.go:241.36,242.12 1 0
github.com/getkin/kin-openapi/openapi3/helpers.go:246.3,246.70 1 0
github.com/getkin/kin-openapi/openapi3/helpers.go:249.2,249.18 1 0
github.com/getkin/kin-openapi/openapi3/helpers.go:253.42,255.2 1 0
github.com/getkin/kin-openapi/openapi3/helpers.go:258.65,260.2 1 0
github.com/getkin/kin-openapi/openapi3/helpers.go:263.48,265.2 1 0
github.com/getkin/kin-openapi/openapi3/helpers.go:268.41,270.2 1 0
github.com/getkin/kin-openapi/openapi3/helpers.go:273.38,275.2 1 0
github.com/getkin/kin-openapi/openapi3/info.go:26.48,28.16 2 0
github.com/getkin/kin-openapi/openapi3/info.go:28.16,30.3 1 0
github.com/getkin/kin-openapi/openapi3/info.go:31.2,31.24 1 0
github.com/getkin/kin-openapi/openapi3/info.go:35.46,36.17 1 0
github.com/getkin/kin-openapi/openapi3/info.go:36.17,38.3 1 0
github.com/getkin/kin-openapi/openapi3/info.go:39.2,42.32 4 0
github.com/getkin/kin-openapi/openapi3/info.go:42.32,44.3 1 0
github.com/getkin/kin-openapi/openapi3/info.go:45.2,45.36 1 0
github.com/getkin/kin-openapi/openapi3/info.go:45.36,47.3 1 0
github.com/getkin/kin-openapi/openapi3/info.go:48.2,48.39 1 0
github.com/getkin/kin-openapi/openapi3/info.go:48.39,50.3 1 0
github.com/getkin/kin-openapi/openapi3/info.go:51.2,51.33 1 0
github.com/getkin/kin-openapi/openapi3/info.go:51.33,53.3 1 0
github.com/getkin/kin-openapi/openapi3/info.go:54.2,54.33 1 0
github.com/getkin/kin-openapi/openapi3/info.go:54.33,56.3 1 0
github.com/getkin/kin-openapi/openapi3/info.go:57.2,58.15 2 0
github.com/getkin/kin-openapi/openapi3/info.go:62.52,65.49 3 1
github.com/getkin/kin-openapi/openapi3/info.go:65.49,67.3 1 0
github.com/getkin/kin-openapi/openapi3/info.go:68.2,76.28 9 1
github.com/getkin/kin-openapi/openapi3/info.go:76.28,78.3 1 1
github.com/getkin/kin-openapi/openapi3/info.go:79.2,80.12 2 1
github.com/getkin/kin-openapi/openapi3/info.go:84.81,88.73 3 1
github.com/getkin/kin-openapi/openapi3/info.go:88.73,89.76 1 0
github.com/getkin/kin-openapi/openapi3/info.go:89.76,91.4 1 0
github.com/getkin/kin-openapi/openapi3/info.go:94.2,94.45 1 1
github.com/getkin/kin-openapi/openapi3/info.go:94.45,95.56 1 0
github.com/getkin/kin-openapi/openapi3/info.go:95.56,97.4 1 0
github.com/getkin/kin-openapi/openapi3/info.go:100.2,100.45 1 1
github.com/getkin/kin-openapi/openapi3/info.go:100.45,101.56 1 0
github.com/getkin/kin-openapi/openapi3/info.go:101.56,103.4 1 0
github.com/getkin/kin-openapi/openapi3/info.go:106.2,106.24 1 1
github.com/getkin/kin-openapi/openapi3/info.go:106.24,107.70 1 0
github.com/getkin/kin-openapi/openapi3/info.go:107.70,109.4 1 0
github.com/getkin/kin-openapi/openapi3/info.go:112.2,112.22 1 1
github.com/getkin/kin-openapi/openapi3/info.go:112.22,113.68 1 0
github.com/getkin/kin-openapi/openapi3/info.go:113.68,115.4 1 0
github.com/getkin/kin-openapi/openapi3/info.go:118.2,118.75 1 1
github.com/getkin/kin-openapi/openapi3/internalize_refs.go:30.62,31.51 1 0
github.com/getkin/kin-openapi/openapi3/internalize_refs.go:31.51,32.47 1 0
github.com/getkin/kin-openapi/openapi3/internalize_refs.go:35.2,44.77 2 0
github.com/getkin/kin-openapi/openapi3/internalize_refs.go:44.77,50.3 4 0
github.com/getkin/kin-openapi/openapi3/internalize_refs.go:52.2,56.99 2 0
github.com/getkin/kin-openapi/openapi3/internalize_refs.go:56.99,58.3 1 0
github.com/getkin/kin-openapi/openapi3/internalize_refs.go:60.2,60.20 1 0
github.com/getkin/kin-openapi/openapi3/internalize_refs.go:60.20,62.49 1 0
github.com/getkin/kin-openapi/openapi3/internalize_refs.go:62.49,64.4 1 0
github.com/getkin/kin-openapi/openapi3/internalize_refs.go:67.3,67.73 1 0
github.com/getkin/kin-openapi/openapi3/internalize_refs.go:67.73,69.4 1 0
github.com/getkin/kin-openapi/openapi3/internalize_refs.go:72.3,72.21 1 0
github.com/getkin/kin-openapi/openapi3/internalize_refs.go:72.21,73.116 1 0
github.com/getkin/kin-openapi/openapi3/internalize_refs.go:73.116,74.63 1 0
github.com/getkin/kin-openapi/openapi3/internalize_refs.go:74.63,76.11 2 0
github.com/getkin/kin-openapi/openapi3/internalize_refs.go:82.2,85.20 2 0
github.com/getkin/kin-openapi/openapi3/internalize_refs.go:85.20,87.3 1 0
github.com/getkin/kin-openapi/openapi3/internalize_refs.go:89.2,89.25 1 0
github.com/getkin/kin-openapi/openapi3/internalize_refs.go:89.25,90.29 1 0
github.com/getkin/kin-openapi/openapi3/internalize_refs.go:90.29,92.4 1 0
github.com/getkin/kin-openapi/openapi3/internalize_refs.go:94.3,94.60 1 0
github.com/getkin/kin-openapi/openapi3/internalize_refs.go:98.2,100.25 2 0
github.com/getkin/kin-openapi/openapi3/internalize_refs.go:105.52,106.27 1 0
github.com/getkin/kin-openapi/openapi3/internalize_refs.go:106.27,108.3 1 0
github.com/getkin/kin-openapi/openapi3/internalize_refs.go:110.2,115.49 5 0
github.com/getkin/kin-openapi/openapi3/internalize_refs.go:115.49,118.23 2 0
github.com/getkin/kin-openapi/openapi3/internalize_refs.go:118.23,120.4 1 0
github.com/getkin/kin-openapi/openapi3/internalize_refs.go:122.3,122.20 1 0
github.com/getkin/kin-openapi/openapi3/internalize_refs.go:125.2,125.17 1 0
github.com/getkin/kin-openapi/openapi3/internalize_refs.go:128.60,130.2 1 0
github.com/getkin/kin-openapi/openapi3/internalize_refs.go:132.106,133.57 1 0
github.com/getkin/kin-openapi/openapi3/internalize_refs.go:133.57,135.3 1 0
github.com/getkin/kin-openapi/openapi3/internalize_refs.go:137.2,138.27 2 0
github.com/getkin/kin-openapi/openapi3/internalize_refs.go:138.27,139.48 1 0
github.com/getkin/kin-openapi/openapi3/internalize_refs.go:139.48,142.4 2 0
github.com/getkin/kin-openapi/openapi3/internalize_refs.go:145.2,145.27 1 0
github.com/getkin/kin-openapi/openapi3/internalize_refs.go:145.27,147.3 1 0
github.com/getkin/kin-openapi/openapi3/internalize_refs.go:148.2,148.35 1 0
github.com/getkin/kin-openapi/openapi3/internalize_refs.go:148.35,150.3 1 0
github.com/getkin/kin-openapi/openapi3/internalize_refs.go:151.2,153.13 3 0
github.com/getkin/kin-openapi/openapi3/internalize_refs.go:156.112,157.57 1 0
github.com/getkin/kin-openapi/openapi3/internalize_refs.go:157.57,159.3 1 0
github.com/getkin/kin-openapi/openapi3/internalize_refs.go:160.2,161.27 2 0
github.com/getkin/kin-openapi/openapi3/internalize_refs.go:161.27,162.51 1 0
github.com/getkin/kin-openapi/openapi3/internalize_refs.go:162.51,165.4 2 0
github.com/getkin/kin-openapi/openapi3/internalize_refs.go:168.2,168.27 1 0
github.com/getkin/kin-openapi/openapi3/internalize_refs.go:168.27,170.3 1 0
github.com/getkin/kin-openapi/openapi3/internalize_refs.go:171.2,171.38 1 0
github.com/getkin/kin-openapi/openapi3/internalize_refs.go:171.38,173.3 1 0
github.com/getkin/kin-openapi/openapi3/internalize_refs.go:174.2,176.13 3 0
github.com/getkin/kin-openapi/openapi3/internalize_refs.go:179.106,180.57 1 0
github.com/getkin/kin-openapi/openapi3/internalize_refs.go:180.57,182.3 1 0
github.com/getkin/kin-openapi/openapi3/internalize_refs.go:183.2,184.27 2 0
github.com/getkin/kin-openapi/openapi3/internalize_refs.go:184.27,185.48 1 0
github.com/getkin/kin-openapi/openapi3/internalize_refs.go:185.48,188.4 2 0
github.com/getkin/kin-openapi/openapi3/internalize_refs.go:191.2,191.27 1 0
github.com/getkin/kin-openapi/openapi3/internalize_refs.go:191.27,193.3 1 0
github.com/getkin/kin-openapi/openapi3/internalize_refs.go:194.2,194.35 1 0
github.com/getkin/kin-openapi/openapi3/internalize_refs.go:194.35,196.3 1 0
github.com/getkin/kin-openapi/openapi3/internalize_refs.go:197.2,199.13 3 0
github.com/getkin/kin-openapi/openapi3/internalize_refs.go:202.116,203.57 1 0
github.com/getkin/kin-openapi/openapi3/internalize_refs.go:203.57,205.3 1 0
github.com/getkin/kin-openapi/openapi3/internalize_refs.go:206.2,207.27 2 0
github.com/getkin/kin-openapi/openapi3/internalize_refs.go:207.27,208.54 1 0
github.com/getkin/kin-openapi/openapi3/internalize_refs.go:208.54,211.4 2 0
github.com/getkin/kin-openapi/openapi3/internalize_refs.go:214.2,214.27 1 0
github.com/getkin/kin-openapi/openapi3/internalize_refs.go:214.27,216.3 1 0
github.com/getkin/kin-openapi/openapi3/internalize_refs.go:217.2,217.41 1 0
github.com/getkin/kin-openapi/openapi3/internalize_refs.go:217.41,219.3 1 0
github.com/getkin/kin-openapi/openapi3/internalize_refs.go:220.2,222.13 3 0
github.com/getkin/kin-openapi/openapi3/internalize_refs.go:225.110,226.57 1 0
github.com/getkin/kin-openapi/openapi3/internalize_refs.go:226.57,228.3 1 0
github.com/getkin/kin-openapi/openapi3/internalize_refs.go:229.2,230.27 2 0
github.com/getkin/kin-openapi/openapi3/internalize_refs.go:230.27,231.50 1 0
github.com/getkin/kin-openapi/openapi3/internalize_refs.go:231.50,234.4 2 0
github.com/getkin/kin-openapi/openapi3/internalize_refs.go:237.2,237.27 1 0
github.com/getkin/kin-openapi/openapi3/internalize_refs.go:237.27,239.3 1 0
github.com/getkin/kin-openapi/openapi3/internalize_refs.go:240.2,240.37 1 0
github.com/getkin/kin-openapi/openapi3/internalize_refs.go:240.37,242.3 1 0
github.com/getkin/kin-openapi/openapi3/internalize_refs.go:243.2,245.13 3 0
github.com/getkin/kin-openapi/openapi3/internalize_refs.go:248.118,249.59 1 0
github.com/getkin/kin-openapi/openapi3/internalize_refs.go:249.59,251.3 1 0
github.com/getkin/kin-openapi/openapi3/internalize_refs.go:252.2,253.27 2 0
github.com/getkin/kin-openapi/openapi3/internalize_refs.go:253.27,254.56 1 0
github.com/getkin/kin-openapi/openapi3/internalize_refs.go:254.56,257.4 2 0
github.com/getkin/kin-openapi/openapi3/internalize_refs.go:260.2,260.27 1 0
github.com/getkin/kin-openapi/openapi3/internalize_refs.go:260.27,262.3 1 0
github.com/getkin/kin-openapi/openapi3/internalize_refs.go:263.2,263.43 1 0
github.com/getkin/kin-openapi/openapi3/internalize_refs.go:263.43,265.3 1 0
github.com/getkin/kin-openapi/openapi3/internalize_refs.go:266.2,267.49 2 0
github.com/getkin/kin-openapi/openapi3/internalize_refs.go:271.103,272.57 1 0
github.com/getkin/kin-openapi/openapi3/internalize_refs.go:272.57,274.3 1 0
github.com/getkin/kin-openapi/openapi3/internalize_refs.go:275.2,276.27 2 0
github.com/getkin/kin-openapi/openapi3/internalize_refs.go:276.27,277.49 1 0
github.com/getkin/kin-openapi/openapi3/internalize_refs.go:277.49,280.4 2 0
github.com/getkin/kin-openapi/openapi3/internalize_refs.go:283.2,283.27 1 0
github.com/getkin/kin-openapi/openapi3/internalize_refs.go:283.27,285.3 1 0
github.com/getkin/kin-openapi/openapi3/internalize_refs.go:286.2,286.36 1 0
github.com/getkin/kin-openapi/openapi3/internalize_refs.go:286.36,288.3 1 0
github.com/getkin/kin-openapi/openapi3/internalize_refs.go:289.2,290.41 2 0
github.com/getkin/kin-openapi/openapi3/internalize_refs.go:294.97,295.57 1 0
github.com/getkin/kin-openapi/openapi3/internalize_refs.go:295.57,297.3 1 0
github.com/getkin/kin-openapi/openapi3/internalize_refs.go:298.2,299.27 2 0
github.com/getkin/kin-openapi/openapi3/internalize_refs.go:299.27,300.46 1 0
github.com/getkin/kin-openapi/openapi3/internalize_refs.go:300.46,303.4 2 0
github.com/getkin/kin-openapi/openapi3/internalize_refs.go:306.2,306.27 1 0
github.com/getkin/kin-openapi/openapi3/internalize_refs.go:306.27,308.3 1 0
github.com/getkin/kin-openapi/openapi3/internalize_refs.go:309.2,309.33 1 0
github.com/getkin/kin-openapi/openapi3/internalize_refs.go:309.33,311.3 1 0
github.com/getkin/kin-openapi/openapi3/internalize_refs.go:312.2,313.38 2 0
github.com/getkin/kin-openapi/openapi3/internalize_refs.go:317.110,318.57 1 0
github.com/getkin/kin-openapi/openapi3/internalize_refs.go:318.57,320.3 1 0
github.com/getkin/kin-openapi/openapi3/internalize_refs.go:321.2,323.27 2 0
github.com/getkin/kin-openapi/openapi3/internalize_refs.go:323.27,325.3 1 0
github.com/getkin/kin-openapi/openapi3/internalize_refs.go:326.2,326.37 1 0
github.com/getkin/kin-openapi/openapi3/internalize_refs.go:326.37,328.3 1 0
github.com/getkin/kin-openapi/openapi3/internalize_refs.go:329.2,331.13 3 0
github.com/getkin/kin-openapi/openapi3/internalize_refs.go:334.94,335.40 1 0
github.com/getkin/kin-openapi/openapi3/internalize_refs.go:335.40,337.3 1 0
github.com/getkin/kin-openapi/openapi3/internalize_refs.go:339.2,339.63 1 0
github.com/getkin/kin-openapi/openapi3/internalize_refs.go:339.63,340.27 1 0
github.com/getkin/kin-openapi/openapi3/internalize_refs.go:340.27,342.17 2 0
github.com/getkin/kin-openapi/openapi3/internalize_refs.go:342.17,344.5 1 0
github.com/getkin/kin-openapi/openapi3/internalize_refs.go:350.2,350.28 1 0
github.com/getkin/kin-openapi/openapi3/internalize_refs.go:350.28,351.61 1 0
github.com/getkin/kin-openapi/openapi3/internalize_refs.go:351.61,357.4 5 0
github.com/getkin/kin-openapi/openapi3/internalize_refs.go:360.2,360.52 1 0
github.com/getkin/kin-openapi/openapi3/internalize_refs.go:360.52,363.16 3 0
github.com/getkin/kin-openapi/openapi3/internalize_refs.go:363.16,365.4 1 0
github.com/getkin/kin-openapi/openapi3/internalize_refs.go:367.2,367.82 1 0
github.com/getkin/kin-openapi/openapi3/internalize_refs.go:367.82,369.17 2 0
github.com/getkin/kin-openapi/openapi3/internalize_refs.go:369.17,371.4 1 0
github.com/getkin/kin-openapi/openapi3/internalize_refs.go:375.96,376.42 1 0
github.com/getkin/kin-openapi/openapi3/internalize_refs.go:376.42,379.35 3 0
github.com/getkin/kin-openapi/openapi3/internalize_refs.go:379.35,380.12 1 0
github.com/getkin/kin-openapi/openapi3/internalize_refs.go:382.3,382.89 1 0
github.com/getkin/kin-openapi/openapi3/internalize_refs.go:386.98,387.42 1 0
github.com/getkin/kin-openapi/openapi3/internalize_refs.go:387.42,390.3 2 0
github.com/getkin/kin-openapi/openapi3/internalize_refs.go:393.95,394.41 1 0
github.com/getkin/kin-openapi/openapi3/internalize_refs.go:394.41,397.30 3 0
github.com/getkin/kin-openapi/openapi3/internalize_refs.go:397.30,399.4 1 0
github.com/getkin/kin-openapi/openapi3/internalize_refs.go:400.3,401.59 2 0
github.com/getkin/kin-openapi/openapi3/internalize_refs.go:401.59,404.4 2 0
github.com/getkin/kin-openapi/openapi3/internalize_refs.go:408.92,409.42 1 0
github.com/getkin/kin-openapi/openapi3/internalize_refs.go:409.42,412.3 2 0
github.com/getkin/kin-openapi/openapi3/internalize_refs.go:415.101,417.28 2 0
github.com/getkin/kin-openapi/openapi3/internalize_refs.go:417.28,421.3 3 0
github.com/getkin/kin-openapi/openapi3/internalize_refs.go:424.101,426.2 1 0
github.com/getkin/kin-openapi/openapi3/internalize_refs.go:428.110,429.42 1 0
github.com/getkin/kin-openapi/openapi3/internalize_refs.go:429.42,432.3 2 0
github.com/getkin/kin-openapi/openapi3/internalize_refs.go:435.99,438.21 3 0
github.com/getkin/kin-openapi/openapi3/internalize_refs.go:438.21,440.3 1 0
github.com/getkin/kin-openapi/openapi3/internalize_refs.go:443.103,445.2 1 0
github.com/getkin/kin-openapi/openapi3/internalize_refs.go:447.110,448.45 1 0
github.com/getkin/kin-openapi/openapi3/internalize_refs.go:448.45,454.40 4 0
github.com/getkin/kin-openapi/openapi3/internalize_refs.go:454.40,456.26 2 0
github.com/getkin/kin-openapi/openapi3/internalize_refs.go:456.26,458.5 1 0
github.com/getkin/kin-openapi/openapi3/internalize_refs.go:461.3,462.54 2 0
github.com/getkin/kin-openapi/openapi3/internalize_refs.go:462.54,465.60 3 0
github.com/getkin/kin-openapi/openapi3/internalize_refs.go:465.60,467.5 1 0
github.com/getkin/kin-openapi/openapi3/internalize_refs.go:468.4,468.54 1 0
github.com/getkin/kin-openapi/openapi3/internalize_refs.go:468.54,471.24 3 0
github.com/getkin/kin-openapi/openapi3/internalize_refs.go:471.24,474.6 2 0
github.com/getkin/kin-openapi/openapi3/internalize_refs.go:476.4,477.40 2 0
github.com/getkin/kin-openapi/openapi3/internalize_refs.go:477.40,479.27 2 0
github.com/getkin/kin-openapi/openapi3/internalize_refs.go:479.27,481.6 1 0
github.com/getkin/kin-openapi/openapi3/internalize_refs.go:498.99,501.28 2 0
github.com/getkin/kin-openapi/openapi3/internalize_refs.go:501.28,503.3 1 0
github.com/getkin/kin-openapi/openapi3/internalize_refs.go:505.2,505.53 1 0
github.com/getkin/kin-openapi/openapi3/internalize_refs.go:505.53,506.59 1 0
github.com/getkin/kin-openapi/openapi3/internalize_refs.go:506.59,509.21 3 0
github.com/getkin/kin-openapi/openapi3/internalize_refs.go:509.21,512.5 2 0
github.com/getkin/kin-openapi/openapi3/internalize_refs.go:514.3,514.62 1 0
github.com/getkin/kin-openapi/openapi3/internalize_refs.go:514.62,517.34 3 0
github.com/getkin/kin-openapi/openapi3/internalize_refs.go:517.34,520.5 2 0
github.com/getkin/kin-openapi/openapi3/internalize_refs.go:522.3,523.65 2 0
github.com/getkin/kin-openapi/openapi3/internalize_refs.go:523.65,526.38 3 0
github.com/getkin/kin-openapi/openapi3/internalize_refs.go:526.38,529.5 2 0
github.com/getkin/kin-openapi/openapi3/internalize_refs.go:531.3,532.67 2 0
github.com/getkin/kin-openapi/openapi3/internalize_refs.go:532.67,535.4 2 0
github.com/getkin/kin-openapi/openapi3/internalize_refs.go:536.3,539.61 3 0
github.com/getkin/kin-openapi/openapi3/internalize_refs.go:539.61,542.36 3 0
github.com/getkin/kin-openapi/openapi3/internalize_refs.go:542.36,546.5 3 0
github.com/getkin/kin-openapi/openapi3/internalize_refs.go:550.2,550.57 1 0
github.com/getkin/kin-openapi/openapi3/license.go:25.54,27.16 2 0
github.com/getkin/kin-openapi/openapi3/license.go:27.16,29.3 1 0
github.com/getkin/kin-openapi/openapi3/license.go:30.2,30.24 1 0
github.com/getkin/kin-openapi/openapi3/license.go:34.51,38.31 4 0
github.com/getkin/kin-openapi/openapi3/license.go:38.31,40.3 1 0
github.com/getkin/kin-openapi/openapi3/license.go:41.2,41.38 1 0
github.com/getkin/kin-openapi/openapi3/license.go:41.38,43.3 1 0
github.com/getkin/kin-openapi/openapi3/license.go:44.2,44.15 1 0
github.com/getkin/kin-openapi/openapi3/license.go:48.58,51.49 3 0
github.com/getkin/kin-openapi/openapi3/license.go:51.49,53.3 1 0
github.com/getkin/kin-openapi/openapi3/license.go:54.2,58.28 5 0
github.com/getkin/kin-openapi/openapi3/license.go:58.28,60.3 1 0
github.com/getkin/kin-openapi/openapi3/license.go:61.2,62.12 2 0
github.com/getkin/kin-openapi/openapi3/license.go:66.87,70.79 3 0
github.com/getkin/kin-openapi/openapi3/license.go:70.79,71.85 1 0
github.com/getkin/kin-openapi/openapi3/license.go:71.85,73.4 1 0
github.com/getkin/kin-openapi/openapi3/license.go:76.2,76.24 1 0
github.com/getkin/kin-openapi/openapi3/license.go:76.24,77.73 1 0
github.com/getkin/kin-openapi/openapi3/license.go:77.73,79.4 1 0
github.com/getkin/kin-openapi/openapi3/license.go:82.2,82.51 1 0
github.com/getkin/kin-openapi/openapi3/license.go:82.51,83.83 1 0
github.com/getkin/kin-openapi/openapi3/license.go:83.83,85.4 1 0
github.com/getkin/kin-openapi/openapi3/license.go:88.2,88.81 1 0
github.com/getkin/kin-openapi/openapi3/link.go:24.48,26.16 2 0
github.com/getkin/kin-openapi/openapi3/link.go:26.16,28.3 1 0
github.com/getkin/kin-openapi/openapi3/link.go:29.2,29.24 1 0
github.com/getkin/kin-openapi/openapi3/link.go:33.45,37.37 3 0
github.com/getkin/kin-openapi/openapi3/link.go:37.37,39.3 1 0
github.com/getkin/kin-openapi/openapi3/link.go:40.2,40.36 1 0
github.com/getkin/kin-openapi/openapi3/link.go:40.36,42.3 1 0
github.com/getkin/kin-openapi/openapi3/link.go:43.2,43.36 1 0
github.com/getkin/kin-openapi/openapi3/link.go:43.36,45.3 1 0
github.com/getkin/kin-openapi/openapi3/link.go:46.2,46.39 1 0
github.com/getkin/kin-openapi/openapi3/link.go:46.39,48.3 1 0
github.com/getkin/kin-openapi/openapi3/link.go:49.2,49.32 1 0
github.com/getkin/kin-openapi/openapi3/link.go:49.32,51.3 1 0
github.com/getkin/kin-openapi/openapi3/link.go:52.2,52.37 1 0
github.com/getkin/kin-openapi/openapi3/link.go:52.37,54.3 1 0
github.com/getkin/kin-openapi/openapi3/link.go:56.2,56.15 1 0
github.com/getkin/kin-openapi/openapi3/link.go:60.52,63.49 3 0
github.com/getkin/kin-openapi/openapi3/link.go:63.49,65.3 1 0
github.com/getkin/kin-openapi/openapi3/link.go:66.2,74.28 8 0
github.com/getkin/kin-openapi/openapi3/link.go:74.28,76.3 1 0
github.com/getkin/kin-openapi/openapi3/link.go:77.2,78.12 2 0
github.com/getkin/kin-openapi/openapi3/link.go:82.81,85.55 2 0
github.com/getkin/kin-openapi/openapi3/link.go:85.55,87.3 1 0
github.com/getkin/kin-openapi/openapi3/link.go:88.2,88.55 1 0
github.com/getkin/kin-openapi/openapi3/link.go:88.55,90.3 1 0
github.com/getkin/kin-openapi/openapi3/link.go:92.2,92.62 1 0
github.com/getkin/kin-openapi/openapi3/loader.go:23.63,25.2 1 0
github.com/getkin/kin-openapi/openapi3/loader.go:80.26,85.2 1 1
github.com/getkin/kin-openapi/openapi3/loader.go:87.50,92.2 4 1
github.com/getkin/kin-openapi/openapi3/loader.go:95.66,98.2 2 1
github.com/getkin/kin-openapi/openapi3/loader.go:101.65,104.2 2 1
github.com/getkin/kin-openapi/openapi3/loader.go:106.74,108.16 2 1
github.com/getkin/kin-openapi/openapi3/loader.go:108.16,110.3 1 0
github.com/getkin/kin-openapi/openapi3/loader.go:111.2,111.60 1 1
github.com/getkin/kin-openapi/openapi3/loader.go:114.66,115.35 1 0
github.com/getkin/kin-openapi/openapi3/loader.go:115.35,117.3 1 0
github.com/getkin/kin-openapi/openapi3/loader.go:118.2,118.8 1 0
github.com/getkin/kin-openapi/openapi3/loader.go:121.110,125.35 1 0
github.com/getkin/kin-openapi/openapi3/loader.go:125.35,126.56 1 0
github.com/getkin/kin-openapi/openapi3/loader.go:126.56,128.4 1 0
github.com/getkin/kin-openapi/openapi3/loader.go:131.2,132.16 2 0
github.com/getkin/kin-openapi/openapi3/loader.go:132.16,134.3 1 0
github.com/getkin/kin-openapi/openapi3/loader.go:135.2,135.47 1 0
github.com/getkin/kin-openapi/openapi3/loader.go:135.47,137.3 1 0
github.com/getkin/kin-openapi/openapi3/loader.go:139.2,140.16 2 0
github.com/getkin/kin-openapi/openapi3/loader.go:140.16,142.3 1 0
github.com/getkin/kin-openapi/openapi3/loader.go:143.2,143.88 1 0
github.com/getkin/kin-openapi/openapi3/loader.go:143.88,145.3 1 0
github.com/getkin/kin-openapi/openapi3/loader.go:147.2,147.26 1 0
github.com/getkin/kin-openapi/openapi3/loader.go:152.68,153.17 1 1
github.com/getkin/kin-openapi/openapi3/loader.go:153.17,155.3 1 1
github.com/getkin/kin-openapi/openapi3/loader.go:156.2,156.31 1 0
github.com/getkin/kin-openapi/openapi3/loader.go:156.31,158.3 1 0
github.com/getkin/kin-openapi/openapi3/loader.go:159.2,159.32 1 0
github.com/getkin/kin-openapi/openapi3/loader.go:162.66,163.43 1 1
github.com/getkin/kin-openapi/openapi3/loader.go:163.43,165.3 1 0
github.com/getkin/kin-openapi/openapi3/loader.go:166.2,166.45 1 1
github.com/getkin/kin-openapi/openapi3/loader.go:170.51,172.2 1 0
github.com/getkin/kin-openapi/openapi3/loader.go:175.70,176.19 1 0
github.com/getkin/kin-openapi/openapi3/loader.go:176.19,178.3 1 0
github.com/getkin/kin-openapi/openapi3/loader.go:180.2,181.16 2 0
github.com/getkin/kin-openapi/openapi3/loader.go:181.16,183.3 1 0
github.com/getkin/kin-openapi/openapi3/loader.go:184.2,184.34 1 0
github.com/getkin/kin-openapi/openapi3/loader.go:188.61,192.16 4 0
github.com/getkin/kin-openapi/openapi3/loader.go:192.16,194.3 1 0
github.com/getkin/kin-openapi/openapi3/loader.go:195.2,196.55 2 0
github.com/getkin/kin-openapi/openapi3/loader.go:196.55,198.3 1 0
github.com/getkin/kin-openapi/openapi3/loader.go:199.2,199.17 1 0
github.com/getkin/kin-openapi/openapi3/loader.go:204.88,207.2 2 0
github.com/getkin/kin-openapi/openapi3/loader.go:209.96,210.36 1 1
github.com/getkin/kin-openapi/openapi3/loader.go:210.36,213.3 2 1
github.com/getkin/kin-openapi/openapi3/loader.go:214.2,215.49 2 1
github.com/getkin/kin-openapi/openapi3/loader.go:215.49,217.3 1 0
github.com/getkin/kin-openapi/openapi3/loader.go:219.2,223.16 4 1
github.com/getkin/kin-openapi/openapi3/loader.go:223.16,225.3 1 0
github.com/getkin/kin-openapi/openapi3/loader.go:226.2,230.60 3 1
github.com/getkin/kin-openapi/openapi3/loader.go:230.60,232.3 1 0
github.com/getkin/kin-openapi/openapi3/loader.go:234.2,234.17 1 1
github.com/getkin/kin-openapi/openapi3/loader.go:238.76,239.27 1 1
github.com/getkin/kin-openapi/openapi3/loader.go:239.27,241.3 1 0
github.com/getkin/kin-openapi/openapi3/loader.go:243.2,243.39 1 1
github.com/getkin/kin-openapi/openapi3/loader.go:243.39,245.3 1 0
github.com/getkin/kin-openapi/openapi3/loader.go:247.2,247.53 1 1
github.com/getkin/kin-openapi/openapi3/loader.go:247.53,248.59 1 1
github.com/getkin/kin-openapi/openapi3/loader.go:248.59,250.75 2 0
github.com/getkin/kin-openapi/openapi3/loader.go:250.75,252.5 1 0
github.com/getkin/kin-openapi/openapi3/loader.go:254.3,254.62 1 1
github.com/getkin/kin-openapi/openapi3/loader.go:254.62,256.78 2 0
github.com/getkin/kin-openapi/openapi3/loader.go:256.78,258.5 1 0
github.com/getkin/kin-openapi/openapi3/loader.go:260.3,260.65 1 1
github.com/getkin/kin-openapi/openapi3/loader.go:260.65,262.80 2 0
github.com/getkin/kin-openapi/openapi3/loader.go:262.80,264.5 1 0
github.com/getkin/kin-openapi/openapi3/loader.go:266.3,266.61 1 1
github.com/getkin/kin-openapi/openapi3/loader.go:266.61,268.77 2 0
github.com/getkin/kin-openapi/openapi3/loader.go:268.77,270.5 1 0
github.com/getkin/kin-openapi/openapi3/loader.go:272.3,272.59 1 1
github.com/getkin/kin-openapi/openapi3/loader.go:272.59,274.87 2 0
github.com/getkin/kin-openapi/openapi3/loader.go:274.87,276.5 1 0
github.com/getkin/kin-openapi/openapi3/loader.go:278.3,278.67 1 1
github.com/getkin/kin-openapi/openapi3/loader.go:278.67,280.83 2 1
github.com/getkin/kin-openapi/openapi3/loader.go:280.83,282.5 1 0
github.com/getkin/kin-openapi/openapi3/loader.go:284.3,284.60 1 1
github.com/getkin/kin-openapi/openapi3/loader.go:284.60,286.76 2 0
github.com/getkin/kin-openapi/openapi3/loader.go:286.76,288.5 1 0
github.com/getkin/kin-openapi/openapi3/loader.go:290.3,290.61 1 1
github.com/getkin/kin-openapi/openapi3/loader.go:290.61,292.77 2 0
github.com/getkin/kin-openapi/openapi3/loader.go:292.77,294.5 1 0
github.com/getkin/kin-openapi/openapi3/loader.go:299.2,300.49 2 1
github.com/getkin/kin-openapi/openapi3/loader.go:300.49,302.22 2 1
github.com/getkin/kin-openapi/openapi3/loader.go:302.22,303.12 1 0
github.com/getkin/kin-openapi/openapi3/loader.go:305.3,305.75 1 1
github.com/getkin/kin-openapi/openapi3/loader.go:305.75,307.4 1 0
github.com/getkin/kin-openapi/openapi3/loader.go:310.2,310.52 1 1
github.com/getkin/kin-openapi/openapi3/loader.go:310.52,311.54 1 0
github.com/getkin/kin-openapi/openapi3/loader.go:311.54,312.76 1 0
github.com/getkin/kin-openapi/openapi3/loader.go:312.76,314.5 1 0
github.com/getkin/kin-openapi/openapi3/loader.go:318.2,318.8 1 1
github.com/getkin/kin-openapi/openapi3/loader.go:321.69,322.21 1 0
github.com/getkin/kin-openapi/openapi3/loader.go:322.21,324.3 1 0
github.com/getkin/kin-openapi/openapi3/loader.go:325.2,327.17 3 0
github.com/getkin/kin-openapi/openapi3/loader.go:330.87,331.28 1 0
github.com/getkin/kin-openapi/openapi3/loader.go:331.28,333.41 1 0
github.com/getkin/kin-openapi/openapi3/loader.go:333.41,335.4 1 0
github.com/getkin/kin-openapi/openapi3/loader.go:336.3,336.29 1 0
github.com/getkin/kin-openapi/openapi3/loader.go:336.29,338.4 1 0
github.com/getkin/kin-openapi/openapi3/loader.go:339.3,339.46 1 0
github.com/getkin/kin-openapi/openapi3/loader.go:341.2,341.22 1 0
github.com/getkin/kin-openapi/openapi3/loader.go:344.91,346.16 2 0
github.com/getkin/kin-openapi/openapi3/loader.go:346.16,348.3 1 0
github.com/getkin/kin-openapi/openapi3/loader.go:350.2,352.26 3 0
github.com/getkin/kin-openapi/openapi3/loader.go:355.83,356.32 1 0
github.com/getkin/kin-openapi/openapi3/loader.go:356.32,360.18 2 0
github.com/getkin/kin-openapi/openapi3/loader.go:360.18,362.4 1 0
github.com/getkin/kin-openapi/openapi3/loader.go:364.3,365.19 2 0
github.com/getkin/kin-openapi/openapi3/loader.go:371.2,371.35 1 0
github.com/getkin/kin-openapi/openapi3/loader.go:371.35,372.56 1 0
github.com/getkin/kin-openapi/openapi3/loader.go:372.56,374.4 1 0
github.com/getkin/kin-openapi/openapi3/loader.go:377.2,378.16 2 0
github.com/getkin/kin-openapi/openapi3/loader.go:378.16,380.3 1 0
github.com/getkin/kin-openapi/openapi3/loader.go:382.2,382.26 1 0
github.com/getkin/kin-openapi/openapi3/loader.go:385.42,387.2 1 0
github.com/getkin/kin-openapi/openapi3/loader.go:389.44,390.31 1 0
github.com/getkin/kin-openapi/openapi3/loader.go:390.31,393.3 2 0
github.com/getkin/kin-openapi/openapi3/loader.go:394.2,395.38 2 0
github.com/getkin/kin-openapi/openapi3/loader.go:398.57,399.18 1 0
github.com/getkin/kin-openapi/openapi3/loader.go:399.18,400.44 1 0
github.com/getkin/kin-openapi/openapi3/loader.go:400.44,402.4 1 0
github.com/getkin/kin-openapi/openapi3/loader.go:404.2,406.69 3 0
github.com/getkin/kin-openapi/openapi3/loader.go:409.75,410.42 1 0
github.com/getkin/kin-openapi/openapi3/loader.go:410.42,413.3 2 0
github.com/getkin/kin-openapi/openapi3/loader.go:414.2,414.13 1 0
github.com/getkin/kin-openapi/openapi3/loader.go:421.3,422.102 1 0
github.com/getkin/kin-openapi/openapi3/loader.go:422.102,424.3 1 0
github.com/getkin/kin-openapi/openapi3/loader.go:426.2,427.16 2 0
github.com/getkin/kin-openapi/openapi3/loader.go:427.16,429.3 1 0
github.com/getkin/kin-openapi/openapi3/loader.go:430.2,431.20 2 0
github.com/getkin/kin-openapi/openapi3/loader.go:431.20,433.3 1 0
github.com/getkin/kin-openapi/openapi3/loader.go:434.2,434.24 1 0
github.com/getkin/kin-openapi/openapi3/loader.go:434.24,436.3 1 0
github.com/getkin/kin-openapi/openapi3/loader.go:438.2,438.41 1 0
github.com/getkin/kin-openapi/openapi3/loader.go:438.41,439.61 1 0
github.com/getkin/kin-openapi/openapi3/loader.go:439.61,443.30 3 0
github.com/getkin/kin-openapi/openapi3/loader.go:446.12,447.23 1 0
github.com/getkin/kin-openapi/openapi3/loader.go:447.23,450.6 2 0
github.com/getkin/kin-openapi/openapi3/loader.go:453.20,454.43 1 0
github.com/getkin/kin-openapi/openapi3/loader.go:454.43,455.59 1 0
github.com/getkin/kin-openapi/openapi3/loader.go:455.59,457.7 1 0
github.com/getkin/kin-openapi/openapi3/loader.go:457.12,459.7 1 0
github.com/getkin/kin-openapi/openapi3/loader.go:460.6,460.22 1 0
github.com/getkin/kin-openapi/openapi3/loader.go:463.20,464.17 1 0
github.com/getkin/kin-openapi/openapi3/loader.go:465.19,466.17 1 0
github.com/getkin/kin-openapi/openapi3/loader.go:467.16,468.17 1 0
github.com/getkin/kin-openapi/openapi3/loader.go:471.4,471.18 1 0
github.com/getkin/kin-openapi/openapi3/loader.go:471.18,472.67 1 0
github.com/getkin/kin-openapi/openapi3/loader.go:472.67,475.6 2 0
github.com/getkin/kin-openapi/openapi3/loader.go:478.4,478.21 1 0
github.com/getkin/kin-openapi/openapi3/loader.go:478.21,480.5 1 0
github.com/getkin/kin-openapi/openapi3/loader.go:482.3,482.21 1 0
github.com/getkin/kin-openapi/openapi3/loader.go:484.2,485.51 2 0
github.com/getkin/kin-openapi/openapi3/loader.go:485.51,486.18 1 0
github.com/getkin/kin-openapi/openapi3/loader.go:486.18,488.4 1 0
github.com/getkin/kin-openapi/openapi3/loader.go:489.3,491.18 3 0
github.com/getkin/kin-openapi/openapi3/loader.go:491.18,493.4 1 0
github.com/getkin/kin-openapi/openapi3/loader.go:494.3,494.82 1 0
github.com/getkin/kin-openapi/openapi3/loader.go:494.82,496.4 1 0
github.com/getkin/kin-openapi/openapi3/loader.go:497.3,497.65 1 0
github.com/getkin/kin-openapi/openapi3/loader.go:497.65,499.4 1 0
github.com/getkin/kin-openapi/openapi3/loader.go:500.3,500.12 1 0
github.com/getkin/kin-openapi/openapi3/loader.go:503.2,503.33 1 0
github.com/getkin/kin-openapi/openapi3/loader.go:503.33,506.10 1 0
github.com/getkin/kin-openapi/openapi3/loader.go:506.10,510.22 2 0
github.com/getkin/kin-openapi/openapi3/loader.go:510.22,512.5 1 0
github.com/getkin/kin-openapi/openapi3/loader.go:513.4,515.25 2 0
github.com/getkin/kin-openapi/openapi3/loader.go:519.2,519.9 1 0
github.com/getkin/kin-openapi/openapi3/loader.go:520.58,524.42 3 0
github.com/getkin/kin-openapi/openapi3/loader.go:526.67,527.40 1 0
github.com/getkin/kin-openapi/openapi3/loader.go:527.40,529.18 2 0
github.com/getkin/kin-openapi/openapi3/loader.go:529.18,531.5 1 0
github.com/getkin/kin-openapi/openapi3/loader.go:532.4,532.53 1 0
github.com/getkin/kin-openapi/openapi3/loader.go:532.53,534.5 1 0
github.com/getkin/kin-openapi/openapi3/loader.go:536.4,537.14 2 0
github.com/getkin/kin-openapi/openapi3/loader.go:539.3,539.49 1 0
github.com/getkin/kin-openapi/openapi3/loader.go:539.49,541.4 1 0
github.com/getkin/kin-openapi/openapi3/loader.go:545.3,546.42 2 0
github.com/getkin/kin-openapi/openapi3/loader.go:548.10,549.92 1 0
github.com/getkin/kin-openapi/openapi3/loader.go:561.94,562.27 1 0
github.com/getkin/kin-openapi/openapi3/loader.go:562.27,564.3 1 0
github.com/getkin/kin-openapi/openapi3/loader.go:565.2,566.17 2 0
github.com/getkin/kin-openapi/openapi3/loader.go:566.17,568.3 1 0
github.com/getkin/kin-openapi/openapi3/loader.go:569.2,569.71 1 0
github.com/getkin/kin-openapi/openapi3/loader.go:569.71,570.17 1 0
github.com/getkin/kin-openapi/openapi3/loader.go:570.17,571.12 1 0
github.com/getkin/kin-openapi/openapi3/loader.go:573.3,573.63 1 0
github.com/getkin/kin-openapi/openapi3/loader.go:573.63,575.4 1 0
github.com/getkin/kin-openapi/openapi3/loader.go:577.2,577.30 1 0
github.com/getkin/kin-openapi/openapi3/loader.go:580.33,581.18 1 0
github.com/getkin/kin-openapi/openapi3/loader.go:582.17,583.27 1 0
github.com/getkin/kin-openapi/openapi3/loader.go:584.20,585.34 1 0
github.com/getkin/kin-openapi/openapi3/loader.go:586.19,587.33 1 0
github.com/getkin/kin-openapi/openapi3/loader.go:588.18,589.32 1 0
github.com/getkin/kin-openapi/openapi3/loader.go:590.16,591.30 1 0
github.com/getkin/kin-openapi/openapi3/loader.go:592.21,593.35 1 0
github.com/getkin/kin-openapi/openapi3/loader.go:594.17,595.27 1 0
github.com/getkin/kin-openapi/openapi3/loader.go:596.23,597.37 1 0
github.com/getkin/kin-openapi/openapi3/loader.go:598.20,599.34 1 0
github.com/getkin/kin-openapi/openapi3/loader.go:600.18,601.32 1 0
github.com/getkin/kin-openapi/openapi3/loader.go:602.26,603.40 1 0
github.com/getkin/kin-openapi/openapi3/loader.go:604.10,605.42 1 0
github.com/getkin/kin-openapi/openapi3/loader.go:609.64,610.70 1 0
github.com/getkin/kin-openapi/openapi3/loader.go:612.19,614.30 2 0
github.com/getkin/kin-openapi/openapi3/loader.go:614.30,616.4 1 0
github.com/getkin/kin-openapi/openapi3/loader.go:617.3,617.39 1 0
github.com/getkin/kin-openapi/openapi3/loader.go:619.21,621.17 2 0
github.com/getkin/kin-openapi/openapi3/loader.go:621.17,623.4 1 0
github.com/getkin/kin-openapi/openapi3/loader.go:624.3,625.38 2 0
github.com/getkin/kin-openapi/openapi3/loader.go:625.38,627.4 1 0
github.com/getkin/kin-openapi/openapi3/loader.go:628.3,628.43 1 0
github.com/getkin/kin-openapi/openapi3/loader.go:630.22,632.33 2 0
github.com/getkin/kin-openapi/openapi3/loader.go:632.33,634.70 2 0
github.com/getkin/kin-openapi/openapi3/loader.go:634.70,635.66 1 0
github.com/getkin/kin-openapi/openapi3/loader.go:635.66,636.30 1 0
github.com/getkin/kin-openapi/openapi3/loader.go:636.30,638.7 1 0
github.com/getkin/kin-openapi/openapi3/loader.go:644.3,644.51 1 0
github.com/getkin/kin-openapi/openapi3/loader.go:644.51,647.4 1 0
github.com/getkin/kin-openapi/openapi3/loader.go:648.3,648.16 1 0
github.com/getkin/kin-openapi/openapi3/loader.go:648.16,649.78 1 0
github.com/getkin/kin-openapi/openapi3/loader.go:649.78,651.45 2 0
github.com/getkin/kin-openapi/openapi3/loader.go:651.45,653.6 1 0
github.com/getkin/kin-openapi/openapi3/loader.go:656.3,656.65 1 0
github.com/getkin/kin-openapi/openapi3/loader.go:658.10,659.56 1 0
github.com/getkin/kin-openapi/openapi3/loader.go:663.110,664.32 1 0
github.com/getkin/kin-openapi/openapi3/loader.go:664.32,666.3 1 0
github.com/getkin/kin-openapi/openapi3/loader.go:668.2,669.16 2 0
github.com/getkin/kin-openapi/openapi3/loader.go:669.16,671.3 1 0
github.com/getkin/kin-openapi/openapi3/loader.go:673.2,673.69 1 0
github.com/getkin/kin-openapi/openapi3/loader.go:673.69,675.3 1 0
github.com/getkin/kin-openapi/openapi3/loader.go:677.2,677.41 1 0
github.com/getkin/kin-openapi/openapi3/loader.go:680.87,682.16 2 0
github.com/getkin/kin-openapi/openapi3/loader.go:682.16,684.3 1 0
github.com/getkin/kin-openapi/openapi3/loader.go:686.2,688.39 3 0
github.com/getkin/kin-openapi/openapi3/loader.go:704.91,705.73 1 0
github.com/getkin/kin-openapi/openapi3/loader.go:705.73,707.3 1 0
github.com/getkin/kin-openapi/openapi3/loader.go:709.2,709.44 1 0
github.com/getkin/kin-openapi/openapi3/loader.go:712.105,715.25 2 0
github.com/getkin/kin-openapi/openapi3/loader.go:715.25,717.3 1 0
github.com/getkin/kin-openapi/openapi3/loader.go:719.2,719.37 1 0
github.com/getkin/kin-openapi/openapi3/loader.go:719.37,720.29 1 0
github.com/getkin/kin-openapi/openapi3/loader.go:720.29,722.4 1 0
github.com/getkin/kin-openapi/openapi3/loader.go:723.3,723.50 1 0
github.com/getkin/kin-openapi/openapi3/loader.go:723.50,728.4 4 0
github.com/getkin/kin-openapi/openapi3/loader.go:728.6,730.4 1 0
github.com/getkin/kin-openapi/openapi3/loader.go:731.3,732.30 2 0
github.com/getkin/kin-openapi/openapi3/loader.go:732.30,734.99 2 0
github.com/getkin/kin-openapi/openapi3/loader.go:734.99,736.5 1 0
github.com/getkin/kin-openapi/openapi3/loader.go:737.4,738.38 2 0
github.com/getkin/kin-openapi/openapi3/loader.go:739.9,742.18 3 0
github.com/getkin/kin-openapi/openapi3/loader.go:742.18,744.5 1 0
github.com/getkin/kin-openapi/openapi3/loader.go:745.4,745.81 1 0
github.com/getkin/kin-openapi/openapi3/loader.go:745.81,746.29 1 0
github.com/getkin/kin-openapi/openapi3/loader.go:746.29,748.6 1 0
github.com/getkin/kin-openapi/openapi3/loader.go:749.5,749.15 1 0
github.com/getkin/kin-openapi/openapi3/loader.go:751.4,752.44 2 0
github.com/getkin/kin-openapi/openapi3/loader.go:754.3,755.73 2 0
github.com/getkin/kin-openapi/openapi3/loader.go:757.2,758.18 2 0
github.com/getkin/kin-openapi/openapi3/loader.go:758.18,760.3 1 0
github.com/getkin/kin-openapi/openapi3/loader.go:762.2,762.43 1 0
github.com/getkin/kin-openapi/openapi3/loader.go:762.43,763.88 1 0
github.com/getkin/kin-openapi/openapi3/loader.go:763.88,765.4 1 0
github.com/getkin/kin-openapi/openapi3/loader.go:767.2,767.51 1 0
github.com/getkin/kin-openapi/openapi3/loader.go:767.51,768.88 1 0
github.com/getkin/kin-openapi/openapi3/loader.go:768.88,770.4 1 0
github.com/getkin/kin-openapi/openapi3/loader.go:772.2,772.12 1 0
github.com/getkin/kin-openapi/openapi3/loader.go:775.100,776.73 1 0
github.com/getkin/kin-openapi/openapi3/loader.go:776.73,778.3 1 0
github.com/getkin/kin-openapi/openapi3/loader.go:780.2,780.44 1 0
github.com/getkin/kin-openapi/openapi3/loader.go:783.111,786.25 2 0
github.com/getkin/kin-openapi/openapi3/loader.go:786.25,788.3 1 0
github.com/getkin/kin-openapi/openapi3/loader.go:790.2,790.37 1 0
github.com/getkin/kin-openapi/openapi3/loader.go:790.37,791.29 1 0
github.com/getkin/kin-openapi/openapi3/loader.go:791.29,793.4 1 0
github.com/getkin/kin-openapi/openapi3/loader.go:794.3,794.50 1 0
github.com/getkin/kin-openapi/openapi3/loader.go:794.50,799.4 4 0
github.com/getkin/kin-openapi/openapi3/loader.go:799.6,801.4 1 0
github.com/getkin/kin-openapi/openapi3/loader.go:802.3,803.30 2 0
github.com/getkin/kin-openapi/openapi3/loader.go:803.30,805.98 2 0
github.com/getkin/kin-openapi/openapi3/loader.go:805.98,807.5 1 0
github.com/getkin/kin-openapi/openapi3/loader.go:808.4,809.38 2 0
github.com/getkin/kin-openapi/openapi3/loader.go:810.9,813.18 3 0
github.com/getkin/kin-openapi/openapi3/loader.go:813.18,815.5 1 0
github.com/getkin/kin-openapi/openapi3/loader.go:816.4,816.84 1 0
github.com/getkin/kin-openapi/openapi3/loader.go:816.84,817.32 1 0
github.com/getkin/kin-openapi/openapi3/loader.go:817.32,819.6 1 0
github.com/getkin/kin-openapi/openapi3/loader.go:820.5,820.15 1 0
github.com/getkin/kin-openapi/openapi3/loader.go:822.4,823.44 2 0
github.com/getkin/kin-openapi/openapi3/loader.go:825.3,826.76 2 0
github.com/getkin/kin-openapi/openapi3/loader.go:828.2,829.18 2 0
github.com/getkin/kin-openapi/openapi3/loader.go:829.18,831.3 1 0
github.com/getkin/kin-openapi/openapi3/loader.go:833.2,833.49 1 0
github.com/getkin/kin-openapi/openapi3/loader.go:833.49,835.3 1 0
github.com/getkin/kin-openapi/openapi3/loader.go:836.2,836.53 1 0
github.com/getkin/kin-openapi/openapi3/loader.go:836.53,837.93 1 0
github.com/getkin/kin-openapi/openapi3/loader.go:837.93,839.4 1 0
github.com/getkin/kin-openapi/openapi3/loader.go:841.2,841.43 1 0
github.com/getkin/kin-openapi/openapi3/loader.go:841.43,842.88 1 0
github.com/getkin/kin-openapi/openapi3/loader.go:842.88,844.4 1 0
github.com/getkin/kin-openapi/openapi3/loader.go:846.2,846.51 1 0
github.com/getkin/kin-openapi/openapi3/loader.go:846.51,847.88 1 0
github.com/getkin/kin-openapi/openapi3/loader.go:847.88,849.4 1 0
github.com/getkin/kin-openapi/openapi3/loader.go:851.2,851.12 1 0
github.com/getkin/kin-openapi/openapi3/loader.go:854.106,855.73 1 0
github.com/getkin/kin-openapi/openapi3/loader.go:855.73,857.3 1 0
github.com/getkin/kin-openapi/openapi3/loader.go:859.2,859.44 1 0
github.com/getkin/kin-openapi/openapi3/loader.go:862.115,865.25 2 0
github.com/getkin/kin-openapi/openapi3/loader.go:865.25,867.3 1 0
github.com/getkin/kin-openapi/openapi3/loader.go:869.2,869.37 1 0
github.com/getkin/kin-openapi/openapi3/loader.go:869.37,870.29 1 0
github.com/getkin/kin-openapi/openapi3/loader.go:870.29,872.4 1 0
github.com/getkin/kin-openapi/openapi3/loader.go:873.3,873.50 1 0
github.com/getkin/kin-openapi/openapi3/loader.go:873.50,878.4 4 0
github.com/getkin/kin-openapi/openapi3/loader.go:878.6,880.4 1 0
github.com/getkin/kin-openapi/openapi3/loader.go:881.3,882.30 2 0
github.com/getkin/kin-openapi/openapi3/loader.go:882.30,884.104 2 0
github.com/getkin/kin-openapi/openapi3/loader.go:884.104,886.5 1 0
github.com/getkin/kin-openapi/openapi3/loader.go:887.4,888.38 2 0
github.com/getkin/kin-openapi/openapi3/loader.go:889.9,892.18 3 0
github.com/getkin/kin-openapi/openapi3/loader.go:892.18,894.5 1 0
github.com/getkin/kin-openapi/openapi3/loader.go:895.4,895.85 1 0
github.com/getkin/kin-openapi/openapi3/loader.go:895.85,896.34 1 0
github.com/getkin/kin-openapi/openapi3/loader.go:896.34,898.6 1 0
github.com/getkin/kin-openapi/openapi3/loader.go:899.5,899.15 1 0
github.com/getkin/kin-openapi/openapi3/loader.go:901.4,902.44 2 0
github.com/getkin/kin-openapi/openapi3/loader.go:904.3,905.78 2 0
github.com/getkin/kin-openapi/openapi3/loader.go:907.2,908.18 2 0
github.com/getkin/kin-openapi/openapi3/loader.go:908.18,910.3 1 0
github.com/getkin/kin-openapi/openapi3/loader.go:912.2,912.53 1 0
github.com/getkin/kin-openapi/openapi3/loader.go:912.53,913.93 1 0
github.com/getkin/kin-openapi/openapi3/loader.go:913.93,915.4 1 0
github.com/getkin/kin-openapi/openapi3/loader.go:917.2,917.12 1 0
github.com/getkin/kin-openapi/openapi3/loader.go:920.97,921.73 1 0
github.com/getkin/kin-openapi/openapi3/loader.go:921.73,923.3 1 0
github.com/getkin/kin-openapi/openapi3/loader.go:925.2,925.43 1 0
github.com/getkin/kin-openapi/openapi3/loader.go:928.109,931.25 2 1
github.com/getkin/kin-openapi/openapi3/loader.go:931.25,933.3 1 0
github.com/getkin/kin-openapi/openapi3/loader.go:935.2,935.37 1 1
github.com/getkin/kin-openapi/openapi3/loader.go:935.37,936.29 1 0
github.com/getkin/kin-openapi/openapi3/loader.go:936.29,938.4 1 0
github.com/getkin/kin-openapi/openapi3/loader.go:939.3,939.50 1 0
github.com/getkin/kin-openapi/openapi3/loader.go:939.50,944.4 4 0
github.com/getkin/kin-openapi/openapi3/loader.go:944.6,946.4 1 0
github.com/getkin/kin-openapi/openapi3/loader.go:947.3,948.30 2 0
github.com/getkin/kin-openapi/openapi3/loader.go:948.30,950.97 2 0
github.com/getkin/kin-openapi/openapi3/loader.go:950.97,952.5 1 0
github.com/getkin/kin-openapi/openapi3/loader.go:953.4,954.38 2 0
github.com/getkin/kin-openapi/openapi3/loader.go:955.9,958.18 3 0
github.com/getkin/kin-openapi/openapi3/loader.go:958.18,960.5 1 0
github.com/getkin/kin-openapi/openapi3/loader.go:961.4,961.83 1 0
github.com/getkin/kin-openapi/openapi3/loader.go:961.83,962.31 1 0
github.com/getkin/kin-openapi/openapi3/loader.go:962.31,964.6 1 0
github.com/getkin/kin-openapi/openapi3/loader.go:965.5,965.15 1 0
github.com/getkin/kin-openapi/openapi3/loader.go:967.4,968.44 2 0
github.com/getkin/kin-openapi/openapi3/loader.go:970.3,971.75 2 0
github.com/getkin/kin-openapi/openapi3/loader.go:973.2,974.18 2 1
github.com/getkin/kin-openapi/openapi3/loader.go:974.18,976.3 1 0
github.com/getkin/kin-openapi/openapi3/loader.go:978.2,978.53 1 1
github.com/getkin/kin-openapi/openapi3/loader.go:978.53,980.76 2 0
github.com/getkin/kin-openapi/openapi3/loader.go:980.76,982.4 1 0
github.com/getkin/kin-openapi/openapi3/loader.go:984.2,984.53 1 1
github.com/getkin/kin-openapi/openapi3/loader.go:984.53,985.93 1 0
github.com/getkin/kin-openapi/openapi3/loader.go:985.93,987.4 1 0
github.com/getkin/kin-openapi/openapi3/loader.go:989.2,989.51 1 1
github.com/getkin/kin-openapi/openapi3/loader.go:989.51,991.72 2 0
github.com/getkin/kin-openapi/openapi3/loader.go:991.72,993.4 1 0
github.com/getkin/kin-openapi/openapi3/loader.go:995.2,995.12 1 1
github.com/getkin/kin-openapi/openapi3/loader.go:998.109,999.22 1 0
github.com/getkin/kin-openapi/openapi3/loader.go:999.22,1001.3 1 0
github.com/getkin/kin-openapi/openapi3/loader.go:1002.2,1002.47 1 0
github.com/getkin/kin-openapi/openapi3/loader.go:1002.47,1003.87 1 0
github.com/getkin/kin-openapi/openapi3/loader.go:1003.87,1005.4 1 0
github.com/getkin/kin-openapi/openapi3/loader.go:1007.2,1007.59 1 0
github.com/getkin/kin-openapi/openapi3/loader.go:1007.59,1008.91 1 0
github.com/getkin/kin-openapi/openapi3/loader.go:1008.91,1010.4 1 0
github.com/getkin/kin-openapi/openapi3/loader.go:1012.2,1012.58 1 0
github.com/getkin/kin-openapi/openapi3/loader.go:1012.58,1014.77 2 0
github.com/getkin/kin-openapi/openapi3/loader.go:1014.77,1016.4 1 0
github.com/getkin/kin-openapi/openapi3/loader.go:1017.3,1017.37 1 0
github.com/getkin/kin-openapi/openapi3/loader.go:1019.2,1019.8 1 0
github.com/getkin/kin-openapi/openapi3/loader.go:1022.123,1023.25 1 0
github.com/getkin/kin-openapi/openapi3/loader.go:1023.25,1025.3 1 0
github.com/getkin/kin-openapi/openapi3/loader.go:1027.2,1027.37 1 0
github.com/getkin/kin-openapi/openapi3/loader.go:1027.37,1028.29 1 0
github.com/getkin/kin-openapi/openapi3/loader.go:1028.29,1030.4 1 0
github.com/getkin/kin-openapi/openapi3/loader.go:1031.3,1031.50 1 0
github.com/getkin/kin-openapi/openapi3/loader.go:1031.50,1035.4 3 0
github.com/getkin/kin-openapi/openapi3/loader.go:1035.6,1037.4 1 0
github.com/getkin/kin-openapi/openapi3/loader.go:1038.3,1039.30 2 0
github.com/getkin/kin-openapi/openapi3/loader.go:1039.30,1041.99 2 0
github.com/getkin/kin-openapi/openapi3/loader.go:1041.99,1043.5 1 0
github.com/getkin/kin-openapi/openapi3/loader.go:1044.4,1045.38 2 0
github.com/getkin/kin-openapi/openapi3/loader.go:1046.9,1049.18 3 0
github.com/getkin/kin-openapi/openapi3/loader.go:1049.18,1051.5 1 0
github.com/getkin/kin-openapi/openapi3/loader.go:1052.4,1052.90 1 0
github.com/getkin/kin-openapi/openapi3/loader.go:1052.90,1053.29 1 0
github.com/getkin/kin-openapi/openapi3/loader.go:1053.29,1055.6 1 0
github.com/getkin/kin-openapi/openapi3/loader.go:1056.5,1056.15 1 0
github.com/getkin/kin-openapi/openapi3/loader.go:1058.4,1059.44 2 0
github.com/getkin/kin-openapi/openapi3/loader.go:1061.3,1068.85 2 0
github.com/getkin/kin-openapi/openapi3/loader.go:1068.85,1073.4 3 0
github.com/getkin/kin-openapi/openapi3/loader.go:1075.2,1076.18 2 0
github.com/getkin/kin-openapi/openapi3/loader.go:1076.18,1078.3 1 0
github.com/getkin/kin-openapi/openapi3/loader.go:1081.2,1081.32 1 0
github.com/getkin/kin-openapi/openapi3/loader.go:1081.32,1082.80 1 0
github.com/getkin/kin-openapi/openapi3/loader.go:1082.80,1084.4 1 0
github.com/getkin/kin-openapi/openapi3/loader.go:1086.2,1086.56 1 0
github.com/getkin/kin-openapi/openapi3/loader.go:1086.56,1088.80 2 0
github.com/getkin/kin-openapi/openapi3/loader.go:1088.80,1090.4 1 0
github.com/getkin/kin-openapi/openapi3/loader.go:1092.2,1092.54 1 0
github.com/getkin/kin-openapi/openapi3/loader.go:1092.54,1093.80 1 0
github.com/getkin/kin-openapi/openapi3/loader.go:1093.80,1095.4 1 0
github.com/getkin/kin-openapi/openapi3/loader.go:1097.2,1097.30 1 0
github.com/getkin/kin-openapi/openapi3/loader.go:1097.30,1098.80 1 0
github.com/getkin/kin-openapi/openapi3/loader.go:1098.80,1100.4 1 0
github.com/getkin/kin-openapi/openapi3/loader.go:1102.2,1102.32 1 0
github.com/getkin/kin-openapi/openapi3/loader.go:1102.32,1103.80 1 0
github.com/getkin/kin-openapi/openapi3/loader.go:1103.80,1105.4 1 0
github.com/getkin/kin-openapi/openapi3/loader.go:1107.2,1107.32 1 0
github.com/getkin/kin-openapi/openapi3/loader.go:1107.32,1108.80 1 0
github.com/getkin/kin-openapi/openapi3/loader.go:1108.80,1110.4 1 0
github.com/getkin/kin-openapi/openapi3/loader.go:1112.2,1112.32 1 0
github.com/getkin/kin-openapi/openapi3/loader.go:1112.32,1113.80 1 0
github.com/getkin/kin-openapi/openapi3/loader.go:1113.80,1115.4 1 0
github.com/getkin/kin-openapi/openapi3/loader.go:1122.2,1122.32 1 0
github.com/getkin/kin-openapi/openapi3/loader.go:1122.32,1123.65 1 0
github.com/getkin/kin-openapi/openapi3/loader.go:1123.65,1126.70 2 0
github.com/getkin/kin-openapi/openapi3/loader.go:1126.70,1127.97 1 0
github.com/getkin/kin-openapi/openapi3/loader.go:1127.97,1129.6 1 0
github.com/getkin/kin-openapi/openapi3/loader.go:1130.5,1130.39 1 0
github.com/getkin/kin-openapi/openapi3/loader.go:1136.2,1136.38 1 0
github.com/getkin/kin-openapi/openapi3/loader.go:1136.38,1137.80 1 0
github.com/getkin/kin-openapi/openapi3/loader.go:1137.80,1139.4 1 0
github.com/getkin/kin-openapi/openapi3/loader.go:1141.2,1141.35 1 0
github.com/getkin/kin-openapi/openapi3/loader.go:1141.35,1142.80 1 0
github.com/getkin/kin-openapi/openapi3/loader.go:1142.80,1144.4 1 0
github.com/getkin/kin-openapi/openapi3/loader.go:1146.2,1146.63 1 0
github.com/getkin/kin-openapi/openapi3/loader.go:1146.63,1148.80 2 0
github.com/getkin/kin-openapi/openapi3/loader.go:1148.80,1150.4 1 0
github.com/getkin/kin-openapi/openapi3/loader.go:1152.2,1152.62 1 0
github.com/getkin/kin-openapi/openapi3/loader.go:1152.62,1154.80 2 0
github.com/getkin/kin-openapi/openapi3/loader.go:1154.80,1156.4 1 0
github.com/getkin/kin-openapi/openapi3/loader.go:1158.2,1158.50 1 0
github.com/getkin/kin-openapi/openapi3/loader.go:1158.50,1160.80 2 0
github.com/getkin/kin-openapi/openapi3/loader.go:1160.80,1162.4 1 0
github.com/getkin/kin-openapi/openapi3/loader.go:1164.2,1164.40 1 0
github.com/getkin/kin-openapi/openapi3/loader.go:1164.40,1165.80 1 0
github.com/getkin/kin-openapi/openapi3/loader.go:1165.80,1167.4 1 0
github.com/getkin/kin-openapi/openapi3/loader.go:1169.2,1169.50 1 0
github.com/getkin/kin-openapi/openapi3/loader.go:1169.50,1170.80 1 0
github.com/getkin/kin-openapi/openapi3/loader.go:1170.80,1172.4 1 0
github.com/getkin/kin-openapi/openapi3/loader.go:1174.2,1174.55 1 0
github.com/getkin/kin-openapi/openapi3/loader.go:1174.55,1175.80 1 0
github.com/getkin/kin-openapi/openapi3/loader.go:1175.80,1177.4 1 0
github.com/getkin/kin-openapi/openapi3/loader.go:1179.2,1179.29 1 0
github.com/getkin/kin-openapi/openapi3/loader.go:1179.29,1180.80 1 0
github.com/getkin/kin-openapi/openapi3/loader.go:1180.80,1182.4 1 0
github.com/getkin/kin-openapi/openapi3/loader.go:1184.2,1184.31 1 0
github.com/getkin/kin-openapi/openapi3/loader.go:1184.31,1185.80 1 0
github.com/getkin/kin-openapi/openapi3/loader.go:1185.80,1187.4 1 0
github.com/getkin/kin-openapi/openapi3/loader.go:1189.2,1189.31 1 0
github.com/getkin/kin-openapi/openapi3/loader.go:1189.31,1190.80 1 0
github.com/getkin/kin-openapi/openapi3/loader.go:1190.80,1192.4 1 0
github.com/getkin/kin-openapi/openapi3/loader.go:1194.2,1194.40 1 0
github.com/getkin/kin-openapi/openapi3/loader.go:1194.40,1195.80 1 0
github.com/getkin/kin-openapi/openapi3/loader.go:1195.80,1197.4 1 0
github.com/getkin/kin-openapi/openapi3/loader.go:1200.2,1200.12 1 0
github.com/getkin/kin-openapi/openapi3/loader.go:1203.115,1204.73 1 0
github.com/getkin/kin-openapi/openapi3/loader.go:1204.73,1206.3 1 0
github.com/getkin/kin-openapi/openapi3/loader.go:1208.2,1208.44 1 0
github.com/getkin/kin-openapi/openapi3/loader.go:1211.121,1214.25 2 1
github.com/getkin/kin-openapi/openapi3/loader.go:1214.25,1216.3 1 0
github.com/getkin/kin-openapi/openapi3/loader.go:1218.2,1218.37 1 1
github.com/getkin/kin-openapi/openapi3/loader.go:1218.37,1219.29 1 0
github.com/getkin/kin-openapi/openapi3/loader.go:1219.29,1221.4 1 0
github.com/getkin/kin-openapi/openapi3/loader.go:1222.3,1222.50 1 0
github.com/getkin/kin-openapi/openapi3/loader.go:1222.50,1227.4 4 0
github.com/getkin/kin-openapi/openapi3/loader.go:1227.6,1229.4 1 0
github.com/getkin/kin-openapi/openapi3/loader.go:1230.3,1231.30 2 0
github.com/getkin/kin-openapi/openapi3/loader.go:1231.30,1233.88 2 0
github.com/getkin/kin-openapi/openapi3/loader.go:1233.88,1235.5 1 0
github.com/getkin/kin-openapi/openapi3/loader.go:1236.4,1237.38 2 0
github.com/getkin/kin-openapi/openapi3/loader.go:1238.9,1241.18 3 0
github.com/getkin/kin-openapi/openapi3/loader.go:1241.18,1243.5 1 0
github.com/getkin/kin-openapi/openapi3/loader.go:1244.4,1244.89 1 0
github.com/getkin/kin-openapi/openapi3/loader.go:1244.89,1245.37 1 0
github.com/getkin/kin-openapi/openapi3/loader.go:1245.37,1247.6 1 0
github.com/getkin/kin-openapi/openapi3/loader.go:1248.5,1248.15 1 0
github.com/getkin/kin-openapi/openapi3/loader.go:1250.4,1251.44 2 0
github.com/getkin/kin-openapi/openapi3/loader.go:1253.3,1254.81 2 0
github.com/getkin/kin-openapi/openapi3/loader.go:1256.2,1256.12 1 1
github.com/getkin/kin-openapi/openapi3/loader.go:1259.94,1260.103 1 0
github.com/getkin/kin-openapi/openapi3/loader.go:1260.103,1262.3 1 0
github.com/getkin/kin-openapi/openapi3/loader.go:1264.2,1264.30 1 0
github.com/getkin/kin-openapi/openapi3/loader.go:1264.30,1266.3 1 0
github.com/getkin/kin-openapi/openapi3/loader.go:1267.2,1267.34 1 0
github.com/getkin/kin-openapi/openapi3/loader.go:1267.34,1269.3 1 0
github.com/getkin/kin-openapi/openapi3/loader.go:1272.107,1275.37 2 0
github.com/getkin/kin-openapi/openapi3/loader.go:1275.37,1276.29 1 0
github.com/getkin/kin-openapi/openapi3/loader.go:1276.29,1278.4 1 0
github.com/getkin/kin-openapi/openapi3/loader.go:1279.3,1279.50 1 0
github.com/getkin/kin-openapi/openapi3/loader.go:1279.50,1284.4 4 0
github.com/getkin/kin-openapi/openapi3/loader.go:1284.6,1286.4 1 0
github.com/getkin/kin-openapi/openapi3/loader.go:1287.3,1288.30 2 0
github.com/getkin/kin-openapi/openapi3/loader.go:1288.30,1290.89 2 0
github.com/getkin/kin-openapi/openapi3/loader.go:1290.89,1292.5 1 0
github.com/getkin/kin-openapi/openapi3/loader.go:1293.4,1294.38 2 0
github.com/getkin/kin-openapi/openapi3/loader.go:1295.9,1298.18 3 0
github.com/getkin/kin-openapi/openapi3/loader.go:1298.18,1300.5 1 0
github.com/getkin/kin-openapi/openapi3/loader.go:1301.4,1301.82 1 0
github.com/getkin/kin-openapi/openapi3/loader.go:1301.82,1302.30 1 0
github.com/getkin/kin-openapi/openapi3/loader.go:1302.30,1304.6 1 0
github.com/getkin/kin-openapi/openapi3/loader.go:1305.5,1305.15 1 0
github.com/getkin/kin-openapi/openapi3/loader.go:1307.4,1308.44 2 0
github.com/getkin/kin-openapi/openapi3/loader.go:1310.3,1311.74 2 0
github.com/getkin/kin-openapi/openapi3/loader.go:1313.2,1313.12 1 0
github.com/getkin/kin-openapi/openapi3/loader.go:1316.109,1317.25 1 0
github.com/getkin/kin-openapi/openapi3/loader.go:1317.25,1319.3 1 0
github.com/getkin/kin-openapi/openapi3/loader.go:1321.2,1321.37 1 0
github.com/getkin/kin-openapi/openapi3/loader.go:1321.37,1322.29 1 0
github.com/getkin/kin-openapi/openapi3/loader.go:1322.29,1324.4 1 0
github.com/getkin/kin-openapi/openapi3/loader.go:1325.3,1325.50 1 0
github.com/getkin/kin-openapi/openapi3/loader.go:1325.50,1329.4 3 0
github.com/getkin/kin-openapi/openapi3/loader.go:1329.6,1331.4 1 0
github.com/getkin/kin-openapi/openapi3/loader.go:1332.3,1333.30 2 0
github.com/getkin/kin-openapi/openapi3/loader.go:1333.30,1335.101 2 0
github.com/getkin/kin-openapi/openapi3/loader.go:1335.101,1337.5 1 0
github.com/getkin/kin-openapi/openapi3/loader.go:1338.4,1339.38 2 0
github.com/getkin/kin-openapi/openapi3/loader.go:1340.9,1343.18 3 0
github.com/getkin/kin-openapi/openapi3/loader.go:1343.18,1345.5 1 0
github.com/getkin/kin-openapi/openapi3/loader.go:1346.4,1346.82 1 0
github.com/getkin/kin-openapi/openapi3/loader.go:1346.82,1347.31 1 0
github.com/getkin/kin-openapi/openapi3/loader.go:1347.31,1349.6 1 0
github.com/getkin/kin-openapi/openapi3/loader.go:1350.5,1350.15 1 0
github.com/getkin/kin-openapi/openapi3/loader.go:1352.4,1353.44 2 0
github.com/getkin/kin-openapi/openapi3/loader.go:1355.3,1355.48 1 0
github.com/getkin/kin-openapi/openapi3/loader.go:1357.2,1358.18 2 0
github.com/getkin/kin-openapi/openapi3/loader.go:1358.18,1360.3 1 0
github.com/getkin/kin-openapi/openapi3/loader.go:1362.2,1363.49 2 0
github.com/getkin/kin-openapi/openapi3/loader.go:1363.49,1365.79 2 0
github.com/getkin/kin-openapi/openapi3/loader.go:1365.79,1367.4 1 0
github.com/getkin/kin-openapi/openapi3/loader.go:1369.2,1369.12 1 0
github.com/getkin/kin-openapi/openapi3/loader.go:1372.85,1373.73 1 0
github.com/getkin/kin-openapi/openapi3/loader.go:1373.73,1375.3 1 0
github.com/getkin/kin-openapi/openapi3/loader.go:1377.2,1377.44 1 0
github.com/getkin/kin-openapi/openapi3/loader.go:1380.101,1383.25 2 0
github.com/getkin/kin-openapi/openapi3/loader.go:1383.25,1385.3 1 0
github.com/getkin/kin-openapi/openapi3/loader.go:1387.2,1387.37 1 0
github.com/getkin/kin-openapi/openapi3/loader.go:1387.37,1388.29 1 0
github.com/getkin/kin-openapi/openapi3/loader.go:1388.29,1390.4 1 0
github.com/getkin/kin-openapi/openapi3/loader.go:1391.3,1391.50 1 0
github.com/getkin/kin-openapi/openapi3/loader.go:1391.50,1396.4 4 0
github.com/getkin/kin-openapi/openapi3/loader.go:1396.6,1398.4 1 0
github.com/getkin/kin-openapi/openapi3/loader.go:1399.3,1400.30 2 0
github.com/getkin/kin-openapi/openapi3/loader.go:1400.30,1402.86 2 0
github.com/getkin/kin-openapi/openapi3/loader.go:1402.86,1404.5 1 0
github.com/getkin/kin-openapi/openapi3/loader.go:1405.4,1406.38 2 0
github.com/getkin/kin-openapi/openapi3/loader.go:1407.9,1410.18 3 0
github.com/getkin/kin-openapi/openapi3/loader.go:1410.18,1412.5 1 0
github.com/getkin/kin-openapi/openapi3/loader.go:1413.4,1413.79 1 0
github.com/getkin/kin-openapi/openapi3/loader.go:1413.79,1414.27 1 0
github.com/getkin/kin-openapi/openapi3/loader.go:1414.27,1416.6 1 0
github.com/getkin/kin-openapi/openapi3/loader.go:1417.5,1417.15 1 0
github.com/getkin/kin-openapi/openapi3/loader.go:1419.4,1420.44 2 0
github.com/getkin/kin-openapi/openapi3/loader.go:1422.3,1423.71 2 0
github.com/getkin/kin-openapi/openapi3/loader.go:1425.2,1425.12 1 0
github.com/getkin/kin-openapi/openapi3/loader.go:1428.105,1429.21 1 1
github.com/getkin/kin-openapi/openapi3/loader.go:1429.21,1432.3 2 0
github.com/getkin/kin-openapi/openapi3/loader.go:1434.2,1434.36 1 1
github.com/getkin/kin-openapi/openapi3/loader.go:1434.36,1435.26 1 0
github.com/getkin/kin-openapi/openapi3/loader.go:1435.26,1437.4 1 0
github.com/getkin/kin-openapi/openapi3/loader.go:1438.3,1438.50 1 0
github.com/getkin/kin-openapi/openapi3/loader.go:1438.50,1440.4 1 0
github.com/getkin/kin-openapi/openapi3/loader.go:1440.6,1442.4 1 0
github.com/getkin/kin-openapi/openapi3/loader.go:1443.3,1444.30 2 0
github.com/getkin/kin-openapi/openapi3/loader.go:1444.30,1446.94 2 0
github.com/getkin/kin-openapi/openapi3/loader.go:1446.94,1448.5 1 0
github.com/getkin/kin-openapi/openapi3/loader.go:1449.4,1449.17 1 0
github.com/getkin/kin-openapi/openapi3/loader.go:1450.9,1452.103 2 0
github.com/getkin/kin-openapi/openapi3/loader.go:1452.103,1453.31 1 0
github.com/getkin/kin-openapi/openapi3/loader.go:1453.31,1455.6 1 0
github.com/getkin/kin-openapi/openapi3/loader.go:1456.5,1456.11 1 0
github.com/getkin/kin-openapi/openapi3/loader.go:1458.4,1458.24 1 0
github.com/getkin/kin-openapi/openapi3/loader.go:1460.3,1461.41 2 0
github.com/getkin/kin-openapi/openapi3/loader.go:1464.2,1464.48 1 1
github.com/getkin/kin-openapi/openapi3/loader.go:1464.48,1465.81 1 0
github.com/getkin/kin-openapi/openapi3/loader.go:1465.81,1467.4 1 0
github.com/getkin/kin-openapi/openapi3/loader.go:1469.2,1470.50 2 1
github.com/getkin/kin-openapi/openapi3/loader.go:1470.50,1472.50 2 1
github.com/getkin/kin-openapi/openapi3/loader.go:1472.50,1473.82 1 0
github.com/getkin/kin-openapi/openapi3/loader.go:1473.82,1475.5 1 0
github.com/getkin/kin-openapi/openapi3/loader.go:1477.3,1477.63 1 1
github.com/getkin/kin-openapi/openapi3/loader.go:1477.63,1478.86 1 0
github.com/getkin/kin-openapi/openapi3/loader.go:1478.86,1480.5 1 0
github.com/getkin/kin-openapi/openapi3/loader.go:1482.3,1483.50 2 1
github.com/getkin/kin-openapi/openapi3/loader.go:1483.50,1485.80 2 1
github.com/getkin/kin-openapi/openapi3/loader.go:1485.80,1487.5 1 0
github.com/getkin/kin-openapi/openapi3/loader.go:1489.3,1489.60 1 1
github.com/getkin/kin-openapi/openapi3/loader.go:1489.60,1491.80 2 0
github.com/getkin/kin-openapi/openapi3/loader.go:1491.80,1493.5 1 0
github.com/getkin/kin-openapi/openapi3/loader.go:1496.2,1496.8 1 1
github.com/getkin/kin-openapi/openapi3/loader.go:1499.43,1501.2 1 0
github.com/getkin/kin-openapi/openapi3/loader.go:1508.77,1509.38 1 0
github.com/getkin/kin-openapi/openapi3/loader.go:1509.38,1510.16 1 0
github.com/getkin/kin-openapi/openapi3/loader.go:1511.16,1512.29 1 0
github.com/getkin/kin-openapi/openapi3/loader.go:1513.16,1514.29 1 0
github.com/getkin/kin-openapi/openapi3/loader.go:1515.16,1516.29 1 0
github.com/getkin/kin-openapi/openapi3/loader.go:1517.14,1518.25 1 0
github.com/getkin/kin-openapi/openapi3/loader.go:1519.15,1520.27 1 0
github.com/getkin/kin-openapi/openapi3/loader.go:1521.16,1522.29 1 0
github.com/getkin/kin-openapi/openapi3/loader.go:1523.17,1524.31 1 0
github.com/getkin/kin-openapi/openapi3/loader.go:1525.22,1526.41 1 0
github.com/getkin/kin-openapi/openapi3/loader.go:1527.15,1528.27 1 0
github.com/getkin/kin-openapi/openapi3/loader.go:1529.18,1530.33 1 0
github.com/getkin/kin-openapi/openapi3/loader.go:1531.18,1532.33 1 0
github.com/getkin/kin-openapi/openapi3/loader.go:1533.23,1534.43 1 0
github.com/getkin/kin-openapi/openapi3/loader.go:1535.22,1536.41 1 0
github.com/getkin/kin-openapi/openapi3/loader.go:1537.27,1538.43 1 0
github.com/getkin/kin-openapi/openapi3/loader.go:1539.27,1540.43 1 0
github.com/getkin/kin-openapi/openapi3/loader.go:1541.19,1542.35 1 0
github.com/getkin/kin-openapi/openapi3/loader.go:1543.19,1544.35 1 0
github.com/getkin/kin-openapi/openapi3/loader.go:1545.20,1546.37 1 0
github.com/getkin/kin-openapi/openapi3/loader.go:1547.26,1548.49 1 0
github.com/getkin/kin-openapi/openapi3/loader.go:1549.21,1550.39 1 0
github.com/getkin/kin-openapi/openapi3/loader.go:1551.14,1552.25 1 0
github.com/getkin/kin-openapi/openapi3/loader.go:1553.18,1554.25 1 0
github.com/getkin/kin-openapi/openapi3/loader.go:1555.18,1556.25 1 0
github.com/getkin/kin-openapi/openapi3/loader.go:1557.21,1558.39 1 0
github.com/getkin/kin-openapi/openapi3/loader.go:1559.20,1560.37 1 0
github.com/getkin/kin-openapi/openapi3/loader.go:1561.20,1562.37 1 0
github.com/getkin/kin-openapi/openapi3/loader.go:1563.18,1564.33 1 0
github.com/getkin/kin-openapi/openapi3/loader.go:1565.19,1566.35 1 0
github.com/getkin/kin-openapi/openapi3/loader.go:1567.19,1568.35 1 0
github.com/getkin/kin-openapi/openapi3/loader.go:1569.16,1570.29 1 0
github.com/getkin/kin-openapi/openapi3/loader.go:1571.19,1572.35 1 0
github.com/getkin/kin-openapi/openapi3/loader.go:1573.21,1574.39 1 0
github.com/getkin/kin-openapi/openapi3/loader.go:1575.24,1576.35 1 0
github.com/getkin/kin-openapi/openapi3/loader.go:1577.24,1578.35 1 0
github.com/getkin/kin-openapi/openapi3/loader.go:1579.31,1580.59 1 0
github.com/getkin/kin-openapi/openapi3/loader.go:1581.24,1582.45 1 0
github.com/getkin/kin-openapi/openapi3/loader.go:1583.16,1584.29 1 0
github.com/getkin/kin-openapi/openapi3/loader.go:1585.19,1586.35 1 0
github.com/getkin/kin-openapi/openapi3/loader.go:1587.22,1588.41 1 0
github.com/getkin/kin-openapi/openapi3/loader.go:1589.19,1590.35 1 0
github.com/getkin/kin-openapi/openapi3/loader.go:1591.22,1592.41 1 0
github.com/getkin/kin-openapi/openapi3/loader.go:1593.22,1594.41 1 0
github.com/getkin/kin-openapi/openapi3/loader.go:1595.28,1596.53 1 0
github.com/getkin/kin-openapi/openapi3/loader.go:1597.27,1598.51 1 0
github.com/getkin/kin-openapi/openapi3/loader.go:1599.24,1600.45 1 0
github.com/getkin/kin-openapi/openapi3/loader.go:1601.27,1602.51 1 0
github.com/getkin/kin-openapi/openapi3/loader.go:1603.32,1604.61 1 0
github.com/getkin/kin-openapi/openapi3/loader.go:1605.13,1606.23 1 0
github.com/getkin/kin-openapi/openapi3/loader.go:1607.15,1608.27 1 0
github.com/getkin/kin-openapi/openapi3/loader.go:1609.15,1610.27 1 0
github.com/getkin/kin-openapi/openapi3/loader.go:1611.28,1612.53 1 0
github.com/getkin/kin-openapi/openapi3/loader.go:1613.16,1614.27 1 0
github.com/getkin/kin-openapi/openapi3/loader.go:1615.18,1616.45 1 0
github.com/getkin/kin-openapi/openapi3/loader.go:1617.19,1618.33 1 0
github.com/getkin/kin-openapi/openapi3/loader.go:1619.14,1620.35 1 0
github.com/getkin/kin-openapi/openapi3/loader.go:1621.18,1622.31 1 0
github.com/getkin/kin-openapi/openapi3/loader.go:1623.22,1624.39 1 0
github.com/getkin/kin-openapi/openapi3/loader.go:1625.25,1626.45 1 0
github.com/getkin/kin-openapi/openapi3/loader.go:1627.27,1628.51 1 0
github.com/getkin/kin-openapi/openapi3/loader.go:1629.26,1630.49 1 0
github.com/getkin/kin-openapi/openapi3/loader.go:1631.24,1632.45 1 0
github.com/getkin/kin-openapi/openapi3/loader_uri_reader.go:29.63,30.60 1 1
github.com/getkin/kin-openapi/openapi3/loader_uri_reader.go:30.60,31.26 1 1
github.com/getkin/kin-openapi/openapi3/loader_uri_reader.go:31.26,33.33 2 1
github.com/getkin/kin-openapi/openapi3/loader_uri_reader.go:33.33,34.13 1 1
github.com/getkin/kin-openapi/openapi3/loader_uri_reader.go:35.10,35.25 1 1
github.com/getkin/kin-openapi/openapi3/loader_uri_reader.go:35.25,37.5 1 0
github.com/getkin/kin-openapi/openapi3/loader_uri_reader.go:38.4,38.19 1 1
github.com/getkin/kin-openapi/openapi3/loader_uri_reader.go:40.3,40.33 1 0
github.com/getkin/kin-openapi/openapi3/loader_uri_reader.go:51.52,52.65 1 1
github.com/getkin/kin-openapi/openapi3/loader_uri_reader.go:52.65,53.51 1 1
github.com/getkin/kin-openapi/openapi3/loader_uri_reader.go:53.51,55.4 1 1
github.com/getkin/kin-openapi/openapi3/loader_uri_reader.go:56.3,57.17 2 0
github.com/getkin/kin-openapi/openapi3/loader_uri_reader.go:57.17,59.4 1 0
github.com/getkin/kin-openapi/openapi3/loader_uri_reader.go:60.3,61.17 2 0
github.com/getkin/kin-openapi/openapi3/loader_uri_reader.go:61.17,63.4 1 0
github.com/getkin/kin-openapi/openapi3/loader_uri_reader.go:64.3,65.28 2 0
github.com/getkin/kin-openapi/openapi3/loader_uri_reader.go:65.28,67.4 1 0
github.com/getkin/kin-openapi/openapi3/loader_uri_reader.go:68.3,68.31 1 0
github.com/getkin/kin-openapi/openapi3/loader_uri_reader.go:72.38,76.2 1 1
github.com/getkin/kin-openapi/openapi3/loader_uri_reader.go:79.70,80.24 1 1
github.com/getkin/kin-openapi/openapi3/loader_uri_reader.go:80.24,82.3 1 0
github.com/getkin/kin-openapi/openapi3/loader_uri_reader.go:83.2,83.67 1 1
github.com/getkin/kin-openapi/openapi3/loader_uri_reader.go:90.58,92.73 2 1
github.com/getkin/kin-openapi/openapi3/loader_uri_reader.go:92.73,93.57 1 1
github.com/getkin/kin-openapi/openapi3/loader_uri_reader.go:93.57,94.38 1 1
github.com/getkin/kin-openapi/openapi3/loader_uri_reader.go:94.38,99.5 1 0
github.com/getkin/kin-openapi/openapi3/loader_uri_reader.go:101.3,104.31 4 1
github.com/getkin/kin-openapi/openapi3/loader_uri_reader.go:104.31,107.4 2 0
github.com/getkin/kin-openapi/openapi3/loader_uri_reader.go:108.3,109.54 2 1
github.com/getkin/kin-openapi/openapi3/loader_uri_reader.go:109.54,111.4 1 0
github.com/getkin/kin-openapi/openapi3/loader_uri_reader.go:112.3,115.9 4 1
github.com/getkin/kin-openapi/openapi3/maplike.go:12.51,13.14 1 0
github.com/getkin/kin-openapi/openapi3/maplike.go:13.14,15.3 1 0
github.com/getkin/kin-openapi/openapi3/maplike.go:16.2,16.58 1 0
github.com/getkin/kin-openapi/openapi3/maplike.go:20.45,22.2 1 1
github.com/getkin/kin-openapi/openapi3/maplike.go:25.60,26.26 1 1
github.com/getkin/kin-openapi/openapi3/maplike.go:26.26,28.3 1 0
github.com/getkin/kin-openapi/openapi3/maplike.go:29.2,29.25 1 1
github.com/getkin/kin-openapi/openapi3/maplike.go:34.65,35.24 1 0
github.com/getkin/kin-openapi/openapi3/maplike.go:35.24,37.3 1 0
github.com/getkin/kin-openapi/openapi3/maplike.go:38.2,38.26 1 0
github.com/getkin/kin-openapi/openapi3/maplike.go:42.39,43.44 1 1
github.com/getkin/kin-openapi/openapi3/maplike.go:43.44,45.3 1 0
github.com/getkin/kin-openapi/openapi3/maplike.go:46.2,46.25 1 1
github.com/getkin/kin-openapi/openapi3/maplike.go:50.48,51.44 1 0
github.com/getkin/kin-openapi/openapi3/maplike.go:51.44,53.3 1 0
github.com/getkin/kin-openapi/openapi3/maplike.go:58.63,59.47 1 1
github.com/getkin/kin-openapi/openapi3/maplike.go:59.47,61.3 1 0
github.com/getkin/kin-openapi/openapi3/maplike.go:62.2,64.8 3 1
github.com/getkin/kin-openapi/openapi3/maplike.go:70.66,71.43 1 0
github.com/getkin/kin-openapi/openapi3/maplike.go:71.43,74.3 2 0
github.com/getkin/kin-openapi/openapi3/maplike.go:74.8,74.36 1 0
github.com/getkin/kin-openapi/openapi3/maplike.go:74.36,76.3 1 0
github.com/getkin/kin-openapi/openapi3/maplike.go:76.8,78.3 1 0
github.com/getkin/kin-openapi/openapi3/maplike.go:82.56,83.54 1 0
github.com/getkin/kin-openapi/openapi3/maplike.go:83.54,85.3 1 0
github.com/getkin/kin-openapi/openapi3/maplike.go:86.2,88.37 3 0
github.com/getkin/kin-openapi/openapi3/maplike.go:88.37,90.3 1 0
github.com/getkin/kin-openapi/openapi3/maplike.go:91.2,91.15 1 0
github.com/getkin/kin-openapi/openapi3/maplike.go:95.59,97.16 2 0
github.com/getkin/kin-openapi/openapi3/maplike.go:97.16,99.3 1 0
github.com/getkin/kin-openapi/openapi3/maplike.go:100.2,100.36 1 0
github.com/getkin/kin-openapi/openapi3/maplike.go:104.68,106.48 2 1
github.com/getkin/kin-openapi/openapi3/maplike.go:106.48,108.3 1 0
github.com/getkin/kin-openapi/openapi3/maplike.go:110.2,115.38 2 1
github.com/getkin/kin-openapi/openapi3/maplike.go:115.38,117.33 2 1
github.com/getkin/kin-openapi/openapi3/maplike.go:117.33,119.12 2 0
github.com/getkin/kin-openapi/openapi3/maplike.go:122.3,123.46 2 1
github.com/getkin/kin-openapi/openapi3/maplike.go:123.46,125.4 1 0
github.com/getkin/kin-openapi/openapi3/maplike.go:126.3,127.47 2 1
github.com/getkin/kin-openapi/openapi3/maplike.go:127.47,129.4 1 0
github.com/getkin/kin-openapi/openapi3/maplike.go:130.3,130.15 1 1
github.com/getkin/kin-openapi/openapi3/maplike.go:132.2,133.8 2 1
github.com/getkin/kin-openapi/openapi3/maplike.go:137.49,138.14 1 0
github.com/getkin/kin-openapi/openapi3/maplike.go:138.14,140.3 1 0
github.com/getkin/kin-openapi/openapi3/maplike.go:141.2,141.54 1 0
github.com/getkin/kin-openapi/openapi3/maplike.go:145.43,147.2 1 0
github.com/getkin/kin-openapi/openapi3/maplike.go:150.55,151.25 1 0
github.com/getkin/kin-openapi/openapi3/maplike.go:151.25,153.3 1 0
github.com/getkin/kin-openapi/openapi3/maplike.go:154.2,154.24 1 0
github.com/getkin/kin-openapi/openapi3/maplike.go:159.60,160.23 1 0
github.com/getkin/kin-openapi/openapi3/maplike.go:160.23,162.3 1 0
github.com/getkin/kin-openapi/openapi3/maplike.go:163.2,163.25 1 0
github.com/getkin/kin-openapi/openapi3/maplike.go:167.37,168.42 1 0
github.com/getkin/kin-openapi/openapi3/maplike.go:168.42,170.3 1 0
github.com/getkin/kin-openapi/openapi3/maplike.go:171.2,171.24 1 0
github.com/getkin/kin-openapi/openapi3/maplike.go:175.46,176.42 1 0
github.com/getkin/kin-openapi/openapi3/maplike.go:176.42,178.3 1 0
github.com/getkin/kin-openapi/openapi3/maplike.go:183.58,184.45 1 0
github.com/getkin/kin-openapi/openapi3/maplike.go:184.45,186.3 1 0
github.com/getkin/kin-openapi/openapi3/maplike.go:187.2,189.8 3 0
github.com/getkin/kin-openapi/openapi3/maplike.go:195.64,196.42 1 0
github.com/getkin/kin-openapi/openapi3/maplike.go:196.42,199.3 2 0
github.com/getkin/kin-openapi/openapi3/maplike.go:199.8,199.36 1 0
github.com/getkin/kin-openapi/openapi3/maplike.go:199.36,201.3 1 0
github.com/getkin/kin-openapi/openapi3/maplike.go:201.8,203.3 1 0
github.com/getkin/kin-openapi/openapi3/maplike.go:207.54,208.21 1 0
github.com/getkin/kin-openapi/openapi3/maplike.go:208.21,210.3 1 0
github.com/getkin/kin-openapi/openapi3/maplike.go:211.2,213.36 3 0
github.com/getkin/kin-openapi/openapi3/maplike.go:213.36,215.3 1 0
github.com/getkin/kin-openapi/openapi3/maplike.go:216.2,216.15 1 0
github.com/getkin/kin-openapi/openapi3/maplike.go:220.57,222.16 2 0
github.com/getkin/kin-openapi/openapi3/maplike.go:222.16,224.3 1 0
github.com/getkin/kin-openapi/openapi3/maplike.go:225.2,225.35 1 0
github.com/getkin/kin-openapi/openapi3/maplike.go:229.66,231.48 2 0
github.com/getkin/kin-openapi/openapi3/maplike.go:231.48,233.3 1 0
github.com/getkin/kin-openapi/openapi3/maplike.go:235.2,240.38 2 0
github.com/getkin/kin-openapi/openapi3/maplike.go:240.38,242.33 2 0
github.com/getkin/kin-openapi/openapi3/maplike.go:242.33,244.12 2 0
github.com/getkin/kin-openapi/openapi3/maplike.go:247.3,248.46 2 0
github.com/getkin/kin-openapi/openapi3/maplike.go:248.46,250.4 1 0
github.com/getkin/kin-openapi/openapi3/maplike.go:251.3,252.47 2 0
github.com/getkin/kin-openapi/openapi3/maplike.go:252.47,254.4 1 0
github.com/getkin/kin-openapi/openapi3/maplike.go:255.3,255.15 1 0
github.com/getkin/kin-openapi/openapi3/maplike.go:257.2,258.8 2 0
github.com/getkin/kin-openapi/openapi3/maplike.go:262.43,263.14 1 0
github.com/getkin/kin-openapi/openapi3/maplike.go:263.14,265.3 1 0
github.com/getkin/kin-openapi/openapi3/maplike.go:266.2,266.51 1 0
github.com/getkin/kin-openapi/openapi3/maplike.go:270.37,272.2 1 1
github.com/getkin/kin-openapi/openapi3/maplike.go:275.49,276.22 1 1
github.com/getkin/kin-openapi/openapi3/maplike.go:276.22,278.3 1 0
github.com/getkin/kin-openapi/openapi3/maplike.go:279.2,279.21 1 1
github.com/getkin/kin-openapi/openapi3/maplike.go:284.54,285.20 1 0
github.com/getkin/kin-openapi/openapi3/maplike.go:285.20,287.3 1 0
github.com/getkin/kin-openapi/openapi3/maplike.go:288.2,288.22 1 0
github.com/getkin/kin-openapi/openapi3/maplike.go:292.31,293.36 1 1
github.com/getkin/kin-openapi/openapi3/maplike.go:293.36,295.3 1 0
github.com/getkin/kin-openapi/openapi3/maplike.go:296.2,296.21 1 1
github.com/getkin/kin-openapi/openapi3/maplike.go:300.40,301.36 1 0
github.com/getkin/kin-openapi/openapi3/maplike.go:301.36,303.3 1 0
github.com/getkin/kin-openapi/openapi3/maplike.go:308.52,309.39 1 1
github.com/getkin/kin-openapi/openapi3/maplike.go:309.39,311.3 1 0
github.com/getkin/kin-openapi/openapi3/maplike.go:312.2,314.8 3 1
github.com/getkin/kin-openapi/openapi3/maplike.go:320.58,321.39 1 0
github.com/getkin/kin-openapi/openapi3/maplike.go:321.39,324.3 2 0
github.com/getkin/kin-openapi/openapi3/maplike.go:324.8,324.36 1 0
github.com/getkin/kin-openapi/openapi3/maplike.go:324.36,326.3 1 0
github.com/getkin/kin-openapi/openapi3/maplike.go:326.8,328.3 1 0
github.com/getkin/kin-openapi/openapi3/maplike.go:332.48,333.18 1 0
github.com/getkin/kin-openapi/openapi3/maplike.go:333.18,335.3 1 0
github.com/getkin/kin-openapi/openapi3/maplike.go:336.2,338.33 3 0
github.com/getkin/kin-openapi/openapi3/maplike.go:338.33,340.3 1 0
github.com/getkin/kin-openapi/openapi3/maplike.go:341.2,341.15 1 0
github.com/getkin/kin-openapi/openapi3/maplike.go:345.51,347.16 2 0
github.com/getkin/kin-openapi/openapi3/maplike.go:347.16,349.3 1 0
github.com/getkin/kin-openapi/openapi3/maplike.go:350.2,350.32 1 0
github.com/getkin/kin-openapi/openapi3/maplike.go:354.60,356.48 2 1
github.com/getkin/kin-openapi/openapi3/maplike.go:356.48,358.3 1 0
github.com/getkin/kin-openapi/openapi3/maplike.go:360.2,365.38 2 1
github.com/getkin/kin-openapi/openapi3/maplike.go:365.38,367.33 2 1
github.com/getkin/kin-openapi/openapi3/maplike.go:367.33,369.12 2 0
github.com/getkin/kin-openapi/openapi3/maplike.go:372.3,373.46 2 1
github.com/getkin/kin-openapi/openapi3/maplike.go:373.46,375.4 1 0
github.com/getkin/kin-openapi/openapi3/maplike.go:376.3,377.47 2 1
github.com/getkin/kin-openapi/openapi3/maplike.go:377.47,379.4 1 0
github.com/getkin/kin-openapi/openapi3/maplike.go:380.3,380.15 1 1
github.com/getkin/kin-openapi/openapi3/maplike.go:382.2,383.8 2 1
github.com/getkin/kin-openapi/openapi3/marsh.go:12.51,13.112 1 0
github.com/getkin/kin-openapi/openapi3/marsh.go:13.112,16.3 2 0
github.com/getkin/kin-openapi/openapi3/marsh.go:17.2,17.25 1 0
github.com/getkin/kin-openapi/openapi3/marsh.go:23.96,27.55 2 1
github.com/getkin/kin-openapi/openapi3/marsh.go:27.55,29.3 1 0
github.com/getkin/kin-openapi/openapi3/marsh.go:32.2,33.21 2 1
github.com/getkin/kin-openapi/openapi3/marsh.go:33.21,35.3 1 1
github.com/getkin/kin-openapi/openapi3/marsh.go:36.2,39.17 1 1
github.com/getkin/kin-openapi/openapi3/marsh.go:39.17,42.3 2 1
github.com/getkin/kin-openapi/openapi3/marsh.go:42.8,44.3 1 0
github.com/getkin/kin-openapi/openapi3/marsh.go:47.2,47.102 1 0
github.com/getkin/kin-openapi/openapi3/media_type.go:26.32,28.2 1 0
github.com/getkin/kin-openapi/openapi3/media_type.go:30.67,31.19 1 0
github.com/getkin/kin-openapi/openapi3/media_type.go:31.19,33.3 1 0
github.com/getkin/kin-openapi/openapi3/media_type.go:33.8,35.3 1 0
github.com/getkin/kin-openapi/openapi3/media_type.go:36.2,36.18 1 0
github.com/getkin/kin-openapi/openapi3/media_type.go:39.73,42.2 2 0
github.com/getkin/kin-openapi/openapi3/media_type.go:44.76,46.20 2 0
github.com/getkin/kin-openapi/openapi3/media_type.go:46.20,49.3 2 0
github.com/getkin/kin-openapi/openapi3/media_type.go:50.2,53.18 2 0
github.com/getkin/kin-openapi/openapi3/media_type.go:56.81,58.21 2 0
github.com/getkin/kin-openapi/openapi3/media_type.go:58.21,61.3 2 0
github.com/getkin/kin-openapi/openapi3/media_type.go:62.2,63.18 2 0
github.com/getkin/kin-openapi/openapi3/media_type.go:67.58,69.16 2 0
github.com/getkin/kin-openapi/openapi3/media_type.go:69.16,71.3 1 0
github.com/getkin/kin-openapi/openapi3/media_type.go:72.2,72.24 1 0
github.com/getkin/kin-openapi/openapi3/media_type.go:76.55,79.37 3 0
github.com/getkin/kin-openapi/openapi3/media_type.go:79.37,81.3 1 0
github.com/getkin/kin-openapi/openapi3/media_type.go:82.2,82.41 1 0
github.com/getkin/kin-openapi/openapi3/media_type.go:82.41,84.3 1 0
github.com/getkin/kin-openapi/openapi3/media_type.go:85.2,85.38 1 0
github.com/getkin/kin-openapi/openapi3/media_type.go:85.38,87.3 1 0
github.com/getkin/kin-openapi/openapi3/media_type.go:88.2,88.42 1 0
github.com/getkin/kin-openapi/openapi3/media_type.go:88.42,90.3 1 0
github.com/getkin/kin-openapi/openapi3/media_type.go:91.2,91.42 1 0
github.com/getkin/kin-openapi/openapi3/media_type.go:91.42,93.3 1 0
github.com/getkin/kin-openapi/openapi3/media_type.go:94.2,94.15 1 0
github.com/getkin/kin-openapi/openapi3/media_type.go:98.62,101.49 3 0
github.com/getkin/kin-openapi/openapi3/media_type.go:101.49,103.3 1 0
github.com/getkin/kin-openapi/openapi3/media_type.go:104.2,110.28 7 0
github.com/getkin/kin-openapi/openapi3/media_type.go:110.28,112.3 1 0
github.com/getkin/kin-openapi/openapi3/media_type.go:113.2,114.12 2 0
github.com/getkin/kin-openapi/openapi3/media_type.go:118.91,121.22 2 0
github.com/getkin/kin-openapi/openapi3/media_type.go:121.22,123.3 1 0
github.com/getkin/kin-openapi/openapi3/media_type.go:124.2,124.47 1 0
github.com/getkin/kin-openapi/openapi3/media_type.go:124.47,125.46 1 0
github.com/getkin/kin-openapi/openapi3/media_type.go:125.46,127.4 1 0
github.com/getkin/kin-openapi/openapi3/media_type.go:129.3,129.60 1 0
github.com/getkin/kin-openapi/openapi3/media_type.go:129.60,131.4 1 0
github.com/getkin/kin-openapi/openapi3/media_type.go:133.3,133.70 1 0
github.com/getkin/kin-openapi/openapi3/media_type.go:133.70,134.52 1 0
github.com/getkin/kin-openapi/openapi3/media_type.go:134.52,135.76 1 0
github.com/getkin/kin-openapi/openapi3/media_type.go:135.76,137.6 1 0
github.com/getkin/kin-openapi/openapi3/media_type.go:140.4,140.55 1 0
github.com/getkin/kin-openapi/openapi3/media_type.go:140.55,141.48 1 0
github.com/getkin/kin-openapi/openapi3/media_type.go:141.48,143.44 2 0
github.com/getkin/kin-openapi/openapi3/media_type.go:143.44,145.7 1 0
github.com/getkin/kin-openapi/openapi3/media_type.go:146.6,146.83 1 0
github.com/getkin/kin-openapi/openapi3/media_type.go:146.83,150.7 1 0
github.com/getkin/kin-openapi/openapi3/media_type.go:155.2,155.59 1 0
github.com/getkin/kin-openapi/openapi3/media_type.go:155.59,156.52 1 0
github.com/getkin/kin-openapi/openapi3/media_type.go:156.52,158.4 1 0
github.com/getkin/kin-openapi/openapi3/media_type.go:159.3,159.50 1 0
github.com/getkin/kin-openapi/openapi3/media_type.go:159.50,161.4 1 0
github.com/getkin/kin-openapi/openapi3/media_type.go:164.2,164.72 1 0
github.com/getkin/kin-openapi/openapi3/media_type.go:168.66,169.15 1 0
github.com/getkin/kin-openapi/openapi3/media_type.go:170.16,171.30 1 0
github.com/getkin/kin-openapi/openapi3/media_type.go:171.30,172.34 1 0
github.com/getkin/kin-openapi/openapi3/media_type.go:172.34,174.5 1 0
github.com/getkin/kin-openapi/openapi3/media_type.go:175.4,175.38 1 0
github.com/getkin/kin-openapi/openapi3/media_type.go:177.17,178.32 1 0
github.com/getkin/kin-openapi/openapi3/media_type.go:179.20,180.34 1 0
github.com/getkin/kin-openapi/openapi3/media_type.go:180.34,181.38 1 0
github.com/getkin/kin-openapi/openapi3/media_type.go:181.38,183.5 1 0
github.com/getkin/kin-openapi/openapi3/media_type.go:184.4,184.42 1 0
github.com/getkin/kin-openapi/openapi3/media_type.go:186.18,187.33 1 0
github.com/getkin/kin-openapi/openapi3/media_type.go:188.18,189.33 1 0
github.com/getkin/kin-openapi/openapi3/media_type.go:191.2,192.15 2 0
github.com/getkin/kin-openapi/openapi3/openapi3.go:45.34,47.2 1 0
github.com/getkin/kin-openapi/openapi3/openapi3.go:52.41,54.2 1 1
github.com/getkin/kin-openapi/openapi3/openapi3.go:59.41,61.2 1 1
github.com/getkin/kin-openapi/openapi3/openapi3.go:63.62,65.2 1 0
github.com/getkin/kin-openapi/openapi3/openapi3.go:69.42,70.16 1 1
github.com/getkin/kin-openapi/openapi3/openapi3.go:70.16,72.3 1 0
github.com/getkin/kin-openapi/openapi3/openapi3.go:73.2,73.21 1 1
github.com/getkin/kin-openapi/openapi3/openapi3.go:74.63,75.15 1 1
github.com/getkin/kin-openapi/openapi3/openapi3.go:76.40,77.15 1 0
github.com/getkin/kin-openapi/openapi3/openapi3.go:78.22,79.15 1 0
github.com/getkin/kin-openapi/openapi3/openapi3.go:80.10,81.12 1 0
github.com/getkin/kin-openapi/openapi3/openapi3.go:88.53,89.15 1 0
github.com/getkin/kin-openapi/openapi3/openapi3.go:90.17,91.26 1 0
github.com/getkin/kin-openapi/openapi3/openapi3.go:92.20,93.29 1 0
github.com/getkin/kin-openapi/openapi3/openapi3.go:94.14,95.23 1 0
github.com/getkin/kin-openapi/openapi3/openapi3.go:96.15,97.24 1 0
github.com/getkin/kin-openapi/openapi3/openapi3.go:98.18,99.27 1 0
github.com/getkin/kin-openapi/openapi3/openapi3.go:100.17,101.26 1 0
github.com/getkin/kin-openapi/openapi3/openapi3.go:102.14,103.23 1 0
github.com/getkin/kin-openapi/openapi3/openapi3.go:104.22,105.31 1 0
github.com/getkin/kin-openapi/openapi3/openapi3.go:106.18,107.27 1 0
github.com/getkin/kin-openapi/openapi3/openapi3.go:108.27,109.36 1 0
github.com/getkin/kin-openapi/openapi3/openapi3.go:112.2,113.15 2 0
github.com/getkin/kin-openapi/openapi3/openapi3.go:117.45,119.16 2 0
github.com/getkin/kin-openapi/openapi3/openapi3.go:119.16,121.3 1 0
github.com/getkin/kin-openapi/openapi3/openapi3.go:122.2,122.24 1 0
github.com/getkin/kin-openapi/openapi3/openapi3.go:126.42,127.16 1 0
github.com/getkin/kin-openapi/openapi3/openapi3.go:127.16,129.3 1 0
github.com/getkin/kin-openapi/openapi3/openapi3.go:130.2,133.35 4 0
github.com/getkin/kin-openapi/openapi3/openapi3.go:133.35,135.3 1 0
github.com/getkin/kin-openapi/openapi3/openapi3.go:136.2,138.36 3 0
github.com/getkin/kin-openapi/openapi3/openapi3.go:138.36,140.3 1 0
github.com/getkin/kin-openapi/openapi3/openapi3.go:141.2,141.35 1 0
github.com/getkin/kin-openapi/openapi3/openapi3.go:141.35,143.3 1 0
github.com/getkin/kin-openapi/openapi3/openapi3.go:144.2,144.32 1 0
github.com/getkin/kin-openapi/openapi3/openapi3.go:144.32,146.3 1 0
github.com/getkin/kin-openapi/openapi3/openapi3.go:147.2,147.37 1 0
github.com/getkin/kin-openapi/openapi3/openapi3.go:147.37,149.3 1 0
github.com/getkin/kin-openapi/openapi3/openapi3.go:150.2,150.36 1 0
github.com/getkin/kin-openapi/openapi3/openapi3.go:150.36,152.3 1 0
github.com/getkin/kin-openapi/openapi3/openapi3.go:153.2,153.41 1 0
github.com/getkin/kin-openapi/openapi3/openapi3.go:153.41,155.3 1 0
github.com/getkin/kin-openapi/openapi3/openapi3.go:156.2,156.15 1 0
github.com/getkin/kin-openapi/openapi3/openapi3.go:160.48,163.49 3 1
github.com/getkin/kin-openapi/openapi3/openapi3.go:163.49,165.3 1 0
github.com/getkin/kin-openapi/openapi3/openapi3.go:166.2,177.28 12 1
github.com/getkin/kin-openapi/openapi3/openapi3.go:177.28,179.3 1 1
github.com/getkin/kin-openapi/openapi3/openapi3.go:180.2,181.12 2 1
github.com/getkin/kin-openapi/openapi3/openapi3.go:184.78,185.22 1 0
github.com/getkin/kin-openapi/openapi3/openapi3.go:185.22,187.3 1 0
github.com/getkin/kin-openapi/openapi3/openapi3.go:188.2,189.21 2 0
github.com/getkin/kin-openapi/openapi3/openapi3.go:189.21,192.3 2 0
github.com/getkin/kin-openapi/openapi3/openapi3.go:193.2,193.42 1 0
github.com/getkin/kin-openapi/openapi3/openapi3.go:196.41,198.2 1 0
github.com/getkin/kin-openapi/openapi3/openapi3.go:200.46,202.2 1 0
github.com/getkin/kin-openapi/openapi3/openapi3.go:206.86,208.2 1 0
github.com/getkin/kin-openapi/openapi3/openapi3.go:211.86,212.30 1 0
github.com/getkin/kin-openapi/openapi3/openapi3.go:212.30,214.3 1 0
github.com/getkin/kin-openapi/openapi3/openapi3.go:215.2,215.37 1 0
github.com/getkin/kin-openapi/openapi3/openapi3.go:220.86,222.2 1 0
github.com/getkin/kin-openapi/openapi3/openapi3.go:225.86,226.30 1 0
github.com/getkin/kin-openapi/openapi3/openapi3.go:226.30,228.3 1 0
github.com/getkin/kin-openapi/openapi3/openapi3.go:229.2,229.37 1 0
github.com/getkin/kin-openapi/openapi3/openapi3.go:234.88,236.2 1 0
github.com/getkin/kin-openapi/openapi3/openapi3.go:239.88,240.31 1 0
github.com/getkin/kin-openapi/openapi3/openapi3.go:240.31,242.3 1 0
github.com/getkin/kin-openapi/openapi3/openapi3.go:243.2,243.38 1 0
github.com/getkin/kin-openapi/openapi3/openapi3.go:248.69,250.30 2 0
github.com/getkin/kin-openapi/openapi3/openapi3.go:250.30,252.3 1 0
github.com/getkin/kin-openapi/openapi3/openapi3.go:253.2,253.30 1 0
github.com/getkin/kin-openapi/openapi3/openapi3.go:253.30,255.3 1 0
github.com/getkin/kin-openapi/openapi3/openapi3.go:256.2,256.31 1 0
github.com/getkin/kin-openapi/openapi3/openapi3.go:256.31,258.3 1 0
github.com/getkin/kin-openapi/openapi3/openapi3.go:259.2,259.13 1 0
github.com/getkin/kin-openapi/openapi3/openapi3.go:267.77,268.30 1 1
github.com/getkin/kin-openapi/openapi3/openapi3.go:268.30,270.3 1 0
github.com/getkin/kin-openapi/openapi3/openapi3.go:271.2,271.30 1 1
github.com/getkin/kin-openapi/openapi3/openapi3.go:271.30,273.3 1 0
github.com/getkin/kin-openapi/openapi3/openapi3.go:274.2,277.23 3 1
github.com/getkin/kin-openapi/openapi3/openapi3.go:277.23,278.72 1 0
github.com/getkin/kin-openapi/openapi3/openapi3.go:278.72,280.4 1 0
github.com/getkin/kin-openapi/openapi3/openapi3.go:283.2,283.54 1 1
github.com/getkin/kin-openapi/openapi3/openapi3.go:283.54,284.72 1 0
github.com/getkin/kin-openapi/openapi3/openapi3.go:284.72,286.4 1 0
github.com/getkin/kin-openapi/openapi3/openapi3.go:288.2,288.62 1 1
github.com/getkin/kin-openapi/openapi3/openapi3.go:288.62,289.81 1 0
github.com/getkin/kin-openapi/openapi3/openapi3.go:289.81,291.4 1 0
github.com/getkin/kin-openapi/openapi3/openapi3.go:294.2,294.56 1 1
github.com/getkin/kin-openapi/openapi3/openapi3.go:294.56,295.30 1 1
github.com/getkin/kin-openapi/openapi3/openapi3.go:295.30,295.92 1 0
github.com/getkin/kin-openapi/openapi3/openapi3.go:298.2,301.35 3 1
github.com/getkin/kin-openapi/openapi3/openapi3.go:301.35,302.63 1 1
github.com/getkin/kin-openapi/openapi3/openapi3.go:302.63,304.4 1 0
github.com/getkin/kin-openapi/openapi3/openapi3.go:307.2,308.29 2 1
github.com/getkin/kin-openapi/openapi3/openapi3.go:308.29,309.63 1 1
github.com/getkin/kin-openapi/openapi3/openapi3.go:309.63,311.4 1 0
github.com/getkin/kin-openapi/openapi3/openapi3.go:312.8,312.74 1 0
github.com/getkin/kin-openapi/openapi3/openapi3.go:312.74,314.3 1 0
github.com/getkin/kin-openapi/openapi3/openapi3.go:316.2,317.30 2 1
github.com/getkin/kin-openapi/openapi3/openapi3.go:317.30,318.63 1 1
github.com/getkin/kin-openapi/openapi3/openapi3.go:318.63,320.4 1 0
github.com/getkin/kin-openapi/openapi3/openapi3.go:321.8,321.30 1 0
github.com/getkin/kin-openapi/openapi3/openapi3.go:321.30,322.69 1 0
github.com/getkin/kin-openapi/openapi3/openapi3.go:322.69,324.4 1 0
github.com/getkin/kin-openapi/openapi3/openapi3.go:327.2,328.33 2 1
github.com/getkin/kin-openapi/openapi3/openapi3.go:328.33,329.63 1 0
github.com/getkin/kin-openapi/openapi3/openapi3.go:329.63,331.4 1 0
github.com/getkin/kin-openapi/openapi3/openapi3.go:334.2,335.32 2 1
github.com/getkin/kin-openapi/openapi3/openapi3.go:335.32,336.63 1 0
github.com/getkin/kin-openapi/openapi3/openapi3.go:336.63,338.4 1 0
github.com/getkin/kin-openapi/openapi3/openapi3.go:341.2,342.29 2 1
github.com/getkin/kin-openapi/openapi3/openapi3.go:342.29,343.63 1 0
github.com/getkin/kin-openapi/openapi3/openapi3.go:343.63,345.4 1 0
github.com/getkin/kin-openapi/openapi3/openapi3.go:348.2,349.37 2 1
github.com/getkin/kin-openapi/openapi3/openapi3.go:349.37,350.63 1 0
github.com/getkin/kin-openapi/openapi3/openapi3.go:350.63,352.4 1 0
github.com/getkin/kin-openapi/openapi3/openapi3.go:355.2,356.52 2 1
github.com/getkin/kin-openapi/openapi3/openapi3.go:356.52,358.22 2 0
github.com/getkin/kin-openapi/openapi3/openapi3.go:358.22,359.61 1 0
github.com/getkin/kin-openapi/openapi3/openapi3.go:359.61,361.5 1 0
github.com/getkin/kin-openapi/openapi3/openapi3.go:365.4,365.12 1 0
github.com/getkin/kin-openapi/openapi3/openapi3.go:367.3,367.38 1 0
github.com/getkin/kin-openapi/openapi3/openapi3.go:367.38,367.100 1 0
github.com/getkin/kin-openapi/openapi3/openapi3.go:368.3,368.77 1 0
github.com/getkin/kin-openapi/openapi3/openapi3.go:368.77,370.4 1 0
github.com/getkin/kin-openapi/openapi3/openapi3.go:373.2,374.33 2 1
github.com/getkin/kin-openapi/openapi3/openapi3.go:374.33,376.17 2 0
github.com/getkin/kin-openapi/openapi3/openapi3.go:376.17,377.44 1 0
github.com/getkin/kin-openapi/openapi3/openapi3.go:377.44,379.5 1 0
github.com/getkin/kin-openapi/openapi3/openapi3.go:380.9,380.28 1 0
github.com/getkin/kin-openapi/openapi3/openapi3.go:380.28,381.93 1 0
github.com/getkin/kin-openapi/openapi3/openapi3.go:381.93,383.5 1 0
github.com/getkin/kin-openapi/openapi3/openapi3.go:387.2,387.73 1 1
github.com/getkin/kin-openapi/openapi3/openapi3.go:392.99,396.2 2 0
github.com/getkin/kin-openapi/openapi3/operation.go:55.32,57.2 1 0
github.com/getkin/kin-openapi/openapi3/operation.go:60.58,62.16 2 0
github.com/getkin/kin-openapi/openapi3/operation.go:62.16,64.3 1 0
github.com/getkin/kin-openapi/openapi3/operation.go:65.2,65.24 1 0
github.com/getkin/kin-openapi/openapi3/operation.go:69.55,72.38 3 0
github.com/getkin/kin-openapi/openapi3/operation.go:72.38,74.3 1 0
github.com/getkin/kin-openapi/openapi3/operation.go:75.2,75.37 1 0
github.com/getkin/kin-openapi/openapi3/operation.go:75.37,77.3 1 0
github.com/getkin/kin-openapi/openapi3/operation.go:78.2,78.41 1 0
github.com/getkin/kin-openapi/openapi3/operation.go:78.41,80.3 1 0
github.com/getkin/kin-openapi/openapi3/operation.go:81.2,81.41 1 0
github.com/getkin/kin-openapi/openapi3/operation.go:81.41,83.3 1 0
github.com/getkin/kin-openapi/openapi3/operation.go:84.2,84.44 1 0
github.com/getkin/kin-openapi/openapi3/operation.go:84.44,86.3 1 0
github.com/getkin/kin-openapi/openapi3/operation.go:87.2,87.42 1 0
github.com/getkin/kin-openapi/openapi3/operation.go:87.42,89.3 1 0
github.com/getkin/kin-openapi/openapi3/operation.go:90.2,90.40 1 0
github.com/getkin/kin-openapi/openapi3/operation.go:90.40,92.3 1 0
github.com/getkin/kin-openapi/openapi3/operation.go:93.2,93.43 1 0
github.com/getkin/kin-openapi/openapi3/operation.go:93.43,95.3 1 0
github.com/getkin/kin-openapi/openapi3/operation.go:96.2,96.34 1 0
github.com/getkin/kin-openapi/openapi3/operation.go:96.34,98.3 1 0
github.com/getkin/kin-openapi/openapi3/operation.go:99.2,99.39 1 0
github.com/getkin/kin-openapi/openapi3/operation.go:99.39,101.3 1 0
github.com/getkin/kin-openapi/openapi3/operation.go:102.2,102.38 1 0
github.com/getkin/kin-openapi/openapi3/operation.go:102.38,104.3 1 0
github.com/getkin/kin-openapi/openapi3/operation.go:105.2,105.43 1 0
github.com/getkin/kin-openapi/openapi3/operation.go:105.43,107.3 1 0
github.com/getkin/kin-openapi/openapi3/operation.go:108.2,108.15 1 0
github.com/getkin/kin-openapi/openapi3/operation.go:112.62,115.49 3 1
github.com/getkin/kin-openapi/openapi3/operation.go:115.49,117.3 1 0
github.com/getkin/kin-openapi/openapi3/operation.go:119.2,120.74 2 1
github.com/getkin/kin-openapi/openapi3/operation.go:120.74,122.3 1 0
github.com/getkin/kin-openapi/openapi3/operation.go:123.2,135.28 13 1
github.com/getkin/kin-openapi/openapi3/operation.go:135.28,137.3 1 1
github.com/getkin/kin-openapi/openapi3/operation.go:138.2,139.12 2 1
github.com/getkin/kin-openapi/openapi3/operation.go:143.66,144.15 1 0
github.com/getkin/kin-openapi/openapi3/operation.go:145.21,146.35 1 0
github.com/getkin/kin-openapi/openapi3/operation.go:146.35,147.39 1 0
github.com/getkin/kin-openapi/openapi3/operation.go:147.39,149.5 1 0
github.com/getkin/kin-openapi/openapi3/operation.go:150.4,150.43 1 0
github.com/getkin/kin-openapi/openapi3/operation.go:152.14,153.29 1 0
github.com/getkin/kin-openapi/openapi3/operation.go:154.17,155.32 1 0
github.com/getkin/kin-openapi/openapi3/operation.go:156.21,157.36 1 0
github.com/getkin/kin-openapi/openapi3/operation.go:158.21,159.36 1 0
github.com/getkin/kin-openapi/openapi3/operation.go:160.20,161.35 1 0
github.com/getkin/kin-openapi/openapi3/operation.go:162.19,163.34 1 0
github.com/getkin/kin-openapi/openapi3/operation.go:164.19,165.34 1 0
github.com/getkin/kin-openapi/openapi3/operation.go:166.20,167.35 1 0
github.com/getkin/kin-openapi/openapi3/operation.go:168.18,169.33 1 0
github.com/getkin/kin-openapi/openapi3/operation.go:170.17,171.32 1 0
github.com/getkin/kin-openapi/openapi3/operation.go:172.22,173.37 1 0
github.com/getkin/kin-openapi/openapi3/operation.go:176.2,177.15 2 0
github.com/getkin/kin-openapi/openapi3/operation.go:180.56,182.2 1 0
github.com/getkin/kin-openapi/openapi3/operation.go:184.73,186.33 2 0
github.com/getkin/kin-openapi/openapi3/operation.go:186.33,188.3 1 0
github.com/getkin/kin-openapi/openapi3/operation.go:189.2,189.32 1 0
github.com/getkin/kin-openapi/openapi3/operation.go:189.32,191.3 1 0
github.com/getkin/kin-openapi/openapi3/operation.go:192.2,192.62 1 0
github.com/getkin/kin-openapi/openapi3/operation.go:196.91,200.41 3 1
github.com/getkin/kin-openapi/openapi3/operation.go:200.41,201.50 1 0
github.com/getkin/kin-openapi/openapi3/operation.go:201.50,203.4 1 0
github.com/getkin/kin-openapi/openapi3/operation.go:206.2,206.42 1 1
github.com/getkin/kin-openapi/openapi3/operation.go:206.42,207.50 1 0
github.com/getkin/kin-openapi/openapi3/operation.go:207.50,209.4 1 0
github.com/getkin/kin-openapi/openapi3/operation.go:212.2,212.65 1 1
github.com/getkin/kin-openapi/openapi3/operation.go:212.65,213.50 1 1
github.com/getkin/kin-openapi/openapi3/operation.go:213.50,215.4 1 0
github.com/getkin/kin-openapi/openapi3/operation.go:216.8,216.70 1 0
github.com/getkin/kin-openapi/openapi3/operation.go:216.70,217.82 1 0
github.com/getkin/kin-openapi/openapi3/operation.go:217.82,219.4 1 0
github.com/getkin/kin-openapi/openapi3/operation.go:222.2,222.43 1 1
github.com/getkin/kin-openapi/openapi3/operation.go:222.43,223.31 1 0
github.com/getkin/kin-openapi/openapi3/operation.go:223.31,223.101 1 0
github.com/getkin/kin-openapi/openapi3/operation.go:224.3,224.63 1 0
github.com/getkin/kin-openapi/openapi3/operation.go:224.63,226.4 1 0
github.com/getkin/kin-openapi/openapi3/operation.go:229.2,229.85 1 1
github.com/getkin/kin-openapi/openapi3/origin.go:41.37,43.16 1 0
github.com/getkin/kin-openapi/openapi3/origin.go:43.16,45.3 1 0
github.com/getkin/kin-openapi/openapi3/origin.go:46.2,63.34 9 0
github.com/getkin/kin-openapi/openapi3/origin.go:63.34,65.16 2 0
github.com/getkin/kin-openapi/openapi3/origin.go:65.16,76.4 5 0
github.com/getkin/kin-openapi/openapi3/origin.go:79.2,79.19 1 0
github.com/getkin/kin-openapi/openapi3/origin.go:79.19,81.3 1 0
github.com/getkin/kin-openapi/openapi3/origin.go:82.2,84.12 3 0
github.com/getkin/kin-openapi/openapi3/origin.go:84.12,86.16 2 0
github.com/getkin/kin-openapi/openapi3/origin.go:86.16,87.21 1 0
github.com/getkin/kin-openapi/openapi3/origin.go:87.21,88.10 1 0
github.com/getkin/kin-openapi/openapi3/origin.go:90.4,92.21 3 0
github.com/getkin/kin-openapi/openapi3/origin.go:92.21,93.10 1 0
github.com/getkin/kin-openapi/openapi3/origin.go:95.4,98.49 4 0
github.com/getkin/kin-openapi/openapi3/origin.go:98.49,104.5 5 0
github.com/getkin/kin-openapi/openapi3/origin.go:105.4,105.29 1 0
github.com/getkin/kin-openapi/openapi3/origin.go:113.2,113.36 1 0
github.com/getkin/kin-openapi/openapi3/origin.go:113.36,114.44 1 0
github.com/getkin/kin-openapi/openapi3/origin.go:114.44,117.4 2 0
github.com/getkin/kin-openapi/openapi3/origin.go:119.2,119.10 1 0
github.com/getkin/kin-openapi/openapi3/origin.go:123.23,124.23 1 0
github.com/getkin/kin-openapi/openapi3/origin.go:125.11,126.11 1 0
github.com/getkin/kin-openapi/openapi3/origin.go:127.14,128.16 1 0
github.com/getkin/kin-openapi/openapi3/origin.go:130.2,130.10 1 0
github.com/getkin/kin-openapi/openapi3/origin.go:137.51,138.58 1 0
github.com/getkin/kin-openapi/openapi3/origin.go:138.58,140.3 1 0
github.com/getkin/kin-openapi/openapi3/origin.go:141.2,141.32 1 0
github.com/getkin/kin-openapi/openapi3/origin.go:145.36,146.14 1 0
github.com/getkin/kin-openapi/openapi3/origin.go:148.2,148.14 1 0
github.com/getkin/kin-openapi/openapi3/origin.go:155.92,157.9 2 0
github.com/getkin/kin-openapi/openapi3/origin.go:157.9,159.3 1 0
github.com/getkin/kin-openapi/openapi3/origin.go:160.2,161.56 2 0
github.com/getkin/kin-openapi/openapi3/origin.go:161.56,163.3 1 0
github.com/getkin/kin-openapi/openapi3/origin.go:164.2,165.41 2 0
github.com/getkin/kin-openapi/openapi3/origin.go:165.41,167.3 1 0
github.com/getkin/kin-openapi/openapi3/origin.go:168.2,168.39 1 0
github.com/getkin/kin-openapi/openapi3/origin.go:168.39,168.77 1 0
github.com/getkin/kin-openapi/openapi3/origin.go:169.2,169.35 1 0
github.com/getkin/kin-openapi/openapi3/origin.go:169.35,171.3 1 0
github.com/getkin/kin-openapi/openapi3/origin.go:172.2,172.38 1 0
github.com/getkin/kin-openapi/openapi3/origin.go:177.49,178.17 1 1
github.com/getkin/kin-openapi/openapi3/origin.go:178.17,180.3 1 1
github.com/getkin/kin-openapi/openapi3/origin.go:181.2,181.47 1 0
github.com/getkin/kin-openapi/openapi3/origin.go:184.68,188.71 2 0
github.com/getkin/kin-openapi/openapi3/origin.go:188.71,189.18 1 0
github.com/getkin/kin-openapi/openapi3/origin.go:189.18,191.4 1 0
github.com/getkin/kin-openapi/openapi3/origin.go:192.3,192.36 1 0
github.com/getkin/kin-openapi/openapi3/origin.go:192.36,194.4 1 0
github.com/getkin/kin-openapi/openapi3/origin.go:195.3,195.19 1 0
github.com/getkin/kin-openapi/openapi3/origin.go:198.2,198.20 1 0
github.com/getkin/kin-openapi/openapi3/origin.go:199.22,200.39 1 0
github.com/getkin/kin-openapi/openapi3/origin.go:201.19,202.31 1 0
github.com/getkin/kin-openapi/openapi3/origin.go:203.21,204.33 1 0
github.com/getkin/kin-openapi/openapi3/origin.go:208.88,213.24 3 0
github.com/getkin/kin-openapi/openapi3/origin.go:213.24,214.74 1 0
github.com/getkin/kin-openapi/openapi3/origin.go:214.74,216.18 2 0
github.com/getkin/kin-openapi/openapi3/origin.go:216.18,217.41 1 0
github.com/getkin/kin-openapi/openapi3/origin.go:217.41,220.6 2 0
github.com/getkin/kin-openapi/openapi3/origin.go:226.2,226.32 1 0
github.com/getkin/kin-openapi/openapi3/origin.go:226.32,228.23 2 0
github.com/getkin/kin-openapi/openapi3/origin.go:228.23,229.12 1 0
github.com/getkin/kin-openapi/openapi3/origin.go:231.3,232.30 2 0
github.com/getkin/kin-openapi/openapi3/origin.go:232.30,233.12 1 0
github.com/getkin/kin-openapi/openapi3/origin.go:235.3,236.23 2 0
github.com/getkin/kin-openapi/openapi3/origin.go:236.23,237.12 1 0
github.com/getkin/kin-openapi/openapi3/origin.go:245.3,245.66 1 0
github.com/getkin/kin-openapi/openapi3/origin.go:245.66,247.4 1 0
github.com/getkin/kin-openapi/openapi3/origin.go:248.3,248.47 1 0
github.com/getkin/kin-openapi/openapi3/origin.go:255.2,255.56 1 0
github.com/getkin/kin-openapi/openapi3/origin.go:255.56,257.66 2 0
github.com/getkin/kin-openapi/openapi3/origin.go:257.66,258.12 1 0
github.com/getkin/kin-openapi/openapi3/origin.go:260.3,261.31 2 0
github.com/getkin/kin-openapi/openapi3/origin.go:261.31,263.4 1 0
github.com/getkin/kin-openapi/openapi3/origin.go:270.2,271.19 2 0
github.com/getkin/kin-openapi/openapi3/origin.go:271.19,273.3 1 0
github.com/getkin/kin-openapi/openapi3/origin.go:273.8,273.26 1 0
github.com/getkin/kin-openapi/openapi3/origin.go:273.26,275.3 1 0
github.com/getkin/kin-openapi/openapi3/origin.go:276.2,276.40 1 0
github.com/getkin/kin-openapi/openapi3/origin.go:276.40,277.69 1 0
github.com/getkin/kin-openapi/openapi3/origin.go:277.69,279.25 2 0
github.com/getkin/kin-openapi/openapi3/origin.go:279.25,281.5 1 0
github.com/getkin/kin-openapi/openapi3/origin.go:286.66,287.24 1 0
github.com/getkin/kin-openapi/openapi3/origin.go:287.24,289.3 1 0
github.com/getkin/kin-openapi/openapi3/origin.go:290.2,290.36 1 0
github.com/getkin/kin-openapi/openapi3/origin.go:290.36,292.23 2 0
github.com/getkin/kin-openapi/openapi3/origin.go:292.23,293.12 1 0
github.com/getkin/kin-openapi/openapi3/origin.go:295.3,298.73 2 0
github.com/getkin/kin-openapi/openapi3/origin.go:298.73,300.4 1 0
github.com/getkin/kin-openapi/openapi3/origin.go:300.9,300.43 1 0
github.com/getkin/kin-openapi/openapi3/origin.go:300.43,306.4 4 0
github.com/getkin/kin-openapi/openapi3/origin.go:310.68,311.56 1 0
github.com/getkin/kin-openapi/openapi3/origin.go:311.56,312.27 1 0
github.com/getkin/kin-openapi/openapi3/origin.go:312.27,314.4 1 0
github.com/getkin/kin-openapi/openapi3/origin.go:319.48,321.15 2 0
github.com/getkin/kin-openapi/openapi3/origin.go:321.15,323.3 1 0
github.com/getkin/kin-openapi/openapi3/origin.go:324.2,325.13 2 0
github.com/getkin/kin-openapi/openapi3/parameter.go:19.59,21.16 2 0
github.com/getkin/kin-openapi/openapi3/parameter.go:21.16,23.3 1 0
github.com/getkin/kin-openapi/openapi3/parameter.go:24.2,24.34 1 0
github.com/getkin/kin-openapi/openapi3/parameter.go:24.34,26.3 1 0
github.com/getkin/kin-openapi/openapi3/parameter.go:28.2,29.33 2 0
github.com/getkin/kin-openapi/openapi3/parameter.go:29.33,31.3 1 0
github.com/getkin/kin-openapi/openapi3/parameter.go:32.2,32.23 1 0
github.com/getkin/kin-openapi/openapi3/parameter.go:35.33,37.2 1 0
github.com/getkin/kin-openapi/openapi3/parameter.go:39.80,40.34 1 0
github.com/getkin/kin-openapi/openapi3/parameter.go:40.34,41.32 1 0
github.com/getkin/kin-openapi/openapi3/parameter.go:41.32,42.36 1 0
github.com/getkin/kin-openapi/openapi3/parameter.go:42.36,44.5 1 0
github.com/getkin/kin-openapi/openapi3/parameter.go:47.2,47.12 1 0
github.com/getkin/kin-openapi/openapi3/parameter.go:51.92,55.42 3 0
github.com/getkin/kin-openapi/openapi3/parameter.go:55.42,56.40 1 0
github.com/getkin/kin-openapi/openapi3/parameter.go:56.40,58.31 2 0
github.com/getkin/kin-openapi/openapi3/parameter.go:58.31,60.5 1 0
github.com/getkin/kin-openapi/openapi3/parameter.go:61.4,61.27 1 0
github.com/getkin/kin-openapi/openapi3/parameter.go:64.3,64.52 1 0
github.com/getkin/kin-openapi/openapi3/parameter.go:64.52,66.4 1 0
github.com/getkin/kin-openapi/openapi3/parameter.go:68.2,68.12 1 0
github.com/getkin/kin-openapi/openapi3/parameter.go:101.47,107.2 1 0
github.com/getkin/kin-openapi/openapi3/parameter.go:109.48,114.2 1 0
github.com/getkin/kin-openapi/openapi3/parameter.go:116.49,121.2 1 0
github.com/getkin/kin-openapi/openapi3/parameter.go:123.49,128.2 1 0
github.com/getkin/kin-openapi/openapi3/parameter.go:130.70,133.2 2 0
github.com/getkin/kin-openapi/openapi3/parameter.go:135.65,138.2 2 0
github.com/getkin/kin-openapi/openapi3/parameter.go:140.66,141.18 1 0
github.com/getkin/kin-openapi/openapi3/parameter.go:141.18,143.3 1 0
github.com/getkin/kin-openapi/openapi3/parameter.go:143.8,147.3 1 0
github.com/getkin/kin-openapi/openapi3/parameter.go:148.2,148.18 1 0
github.com/getkin/kin-openapi/openapi3/parameter.go:152.58,154.16 2 0
github.com/getkin/kin-openapi/openapi3/parameter.go:154.16,156.3 1 0
github.com/getkin/kin-openapi/openapi3/parameter.go:157.2,157.24 1 0
github.com/getkin/kin-openapi/openapi3/parameter.go:161.55,165.34 3 0
github.com/getkin/kin-openapi/openapi3/parameter.go:165.34,167.3 1 0
github.com/getkin/kin-openapi/openapi3/parameter.go:168.2,168.32 1 0
github.com/getkin/kin-openapi/openapi3/parameter.go:168.32,170.3 1 0
github.com/getkin/kin-openapi/openapi3/parameter.go:171.2,171.41 1 0
github.com/getkin/kin-openapi/openapi3/parameter.go:171.41,173.3 1 0
github.com/getkin/kin-openapi/openapi3/parameter.go:174.2,174.35 1 0
github.com/getkin/kin-openapi/openapi3/parameter.go:174.35,176.3 1 0
github.com/getkin/kin-openapi/openapi3/parameter.go:177.2,177.38 1 0
github.com/getkin/kin-openapi/openapi3/parameter.go:177.38,179.3 1 0
github.com/getkin/kin-openapi/openapi3/parameter.go:180.2,180.39 1 0
github.com/getkin/kin-openapi/openapi3/parameter.go:180.39,182.3 1 0
github.com/getkin/kin-openapi/openapi3/parameter.go:183.2,183.37 1 0
github.com/getkin/kin-openapi/openapi3/parameter.go:183.37,185.3 1 0
github.com/getkin/kin-openapi/openapi3/parameter.go:186.2,186.34 1 0
github.com/getkin/kin-openapi/openapi3/parameter.go:186.34,188.3 1 0
github.com/getkin/kin-openapi/openapi3/parameter.go:189.2,189.32 1 0
github.com/getkin/kin-openapi/openapi3/parameter.go:189.32,191.3 1 0
github.com/getkin/kin-openapi/openapi3/parameter.go:192.2,192.37 1 0
github.com/getkin/kin-openapi/openapi3/parameter.go:192.37,194.3 1 0
github.com/getkin/kin-openapi/openapi3/parameter.go:195.2,195.38 1 0
github.com/getkin/kin-openapi/openapi3/parameter.go:195.38,197.3 1 0
github.com/getkin/kin-openapi/openapi3/parameter.go:198.2,198.42 1 0
github.com/getkin/kin-openapi/openapi3/parameter.go:198.42,200.3 1 0
github.com/getkin/kin-openapi/openapi3/parameter.go:201.2,201.41 1 0
github.com/getkin/kin-openapi/openapi3/parameter.go:201.41,203.3 1 0
github.com/getkin/kin-openapi/openapi3/parameter.go:205.2,205.15 1 0
github.com/getkin/kin-openapi/openapi3/parameter.go:209.62,212.49 3 0
github.com/getkin/kin-openapi/openapi3/parameter.go:212.49,214.3 1 0
github.com/getkin/kin-openapi/openapi3/parameter.go:215.2,230.28 15 0
github.com/getkin/kin-openapi/openapi3/parameter.go:230.28,232.3 1 0
github.com/getkin/kin-openapi/openapi3/parameter.go:234.2,235.12 2 0
github.com/getkin/kin-openapi/openapi3/parameter.go:239.66,240.15 1 0
github.com/getkin/kin-openapi/openapi3/parameter.go:241.16,242.30 1 0
github.com/getkin/kin-openapi/openapi3/parameter.go:242.30,243.34 1 0
github.com/getkin/kin-openapi/openapi3/parameter.go:243.34,245.5 1 0
github.com/getkin/kin-openapi/openapi3/parameter.go:246.4,246.38 1 0
github.com/getkin/kin-openapi/openapi3/parameter.go:248.14,249.29 1 0
github.com/getkin/kin-openapi/openapi3/parameter.go:250.12,251.27 1 0
github.com/getkin/kin-openapi/openapi3/parameter.go:252.21,253.36 1 0
github.com/getkin/kin-openapi/openapi3/parameter.go:254.15,255.30 1 0
github.com/getkin/kin-openapi/openapi3/parameter.go:256.17,257.32 1 0
github.com/getkin/kin-openapi/openapi3/parameter.go:258.25,259.40 1 0
github.com/getkin/kin-openapi/openapi3/parameter.go:260.23,261.38 1 0
github.com/getkin/kin-openapi/openapi3/parameter.go:262.20,263.35 1 0
github.com/getkin/kin-openapi/openapi3/parameter.go:264.18,265.33 1 0
github.com/getkin/kin-openapi/openapi3/parameter.go:266.17,267.32 1 0
github.com/getkin/kin-openapi/openapi3/parameter.go:268.18,269.33 1 0
github.com/getkin/kin-openapi/openapi3/parameter.go:270.17,271.32 1 0
github.com/getkin/kin-openapi/openapi3/parameter.go:274.2,275.15 2 0
github.com/getkin/kin-openapi/openapi3/parameter.go:281.81,282.22 1 0
github.com/getkin/kin-openapi/openapi3/parameter.go:283.42,285.18 2 0
github.com/getkin/kin-openapi/openapi3/parameter.go:285.18,287.4 1 0
github.com/getkin/kin-openapi/openapi3/parameter.go:288.3,289.31 2 0
github.com/getkin/kin-openapi/openapi3/parameter.go:289.31,291.4 1 0
github.com/getkin/kin-openapi/openapi3/parameter.go:292.3,292.67 1 0
github.com/getkin/kin-openapi/openapi3/parameter.go:293.43,295.18 2 0
github.com/getkin/kin-openapi/openapi3/parameter.go:295.18,297.4 1 0
github.com/getkin/kin-openapi/openapi3/parameter.go:298.3,299.31 2 0
github.com/getkin/kin-openapi/openapi3/parameter.go:299.31,301.4 1 0
github.com/getkin/kin-openapi/openapi3/parameter.go:302.3,302.67 1 0
github.com/getkin/kin-openapi/openapi3/parameter.go:303.10,304.74 1 0
github.com/getkin/kin-openapi/openapi3/parameter.go:309.91,312.26 2 0
github.com/getkin/kin-openapi/openapi3/parameter.go:312.26,314.3 1 0
github.com/getkin/kin-openapi/openapi3/parameter.go:315.2,316.12 2 0
github.com/getkin/kin-openapi/openapi3/parameter.go:321.21,321.21 0 0
github.com/getkin/kin-openapi/openapi3/parameter.go:322.10,323.63 1 0
github.com/getkin/kin-openapi/openapi3/parameter.go:326.2,326.50 1 0
github.com/getkin/kin-openapi/openapi3/parameter.go:326.50,328.3 1 0
github.com/getkin/kin-openapi/openapi3/parameter.go:331.2,332.16 2 0
github.com/getkin/kin-openapi/openapi3/parameter.go:332.16,334.3 1 0
github.com/getkin/kin-openapi/openapi3/parameter.go:335.2,336.9 2 0
github.com/getkin/kin-openapi/openapi3/parameter.go:356.84,357.21 1 0
github.com/getkin/kin-openapi/openapi3/parameter.go:359.2,359.18 1 0
github.com/getkin/kin-openapi/openapi3/parameter.go:359.18,362.3 2 0
github.com/getkin/kin-openapi/openapi3/parameter.go:364.2,364.64 1 0
github.com/getkin/kin-openapi/openapi3/parameter.go:364.64,367.3 1 0
github.com/getkin/kin-openapi/openapi3/parameter.go:369.2,369.50 1 0
github.com/getkin/kin-openapi/openapi3/parameter.go:369.50,370.23 1 0
github.com/getkin/kin-openapi/openapi3/parameter.go:370.23,373.4 1 0
github.com/getkin/kin-openapi/openapi3/parameter.go:375.3,375.47 1 0
github.com/getkin/kin-openapi/openapi3/parameter.go:375.47,377.4 1 0
github.com/getkin/kin-openapi/openapi3/parameter.go:380.2,380.47 1 0
github.com/getkin/kin-openapi/openapi3/parameter.go:380.47,381.46 1 0
github.com/getkin/kin-openapi/openapi3/parameter.go:381.46,383.4 1 0
github.com/getkin/kin-openapi/openapi3/parameter.go:384.3,384.60 1 0
github.com/getkin/kin-openapi/openapi3/parameter.go:384.60,386.4 1 0
github.com/getkin/kin-openapi/openapi3/parameter.go:388.3,388.69 1 0
github.com/getkin/kin-openapi/openapi3/parameter.go:388.69,390.4 1 0
github.com/getkin/kin-openapi/openapi3/parameter.go:391.3,391.51 1 0
github.com/getkin/kin-openapi/openapi3/parameter.go:391.51,392.75 1 0
github.com/getkin/kin-openapi/openapi3/parameter.go:392.75,394.5 1 0
github.com/getkin/kin-openapi/openapi3/parameter.go:395.9,395.61 1 0
github.com/getkin/kin-openapi/openapi3/parameter.go:395.61,396.47 1 0
github.com/getkin/kin-openapi/openapi3/parameter.go:396.47,398.43 2 0
github.com/getkin/kin-openapi/openapi3/parameter.go:398.43,400.6 1 0
github.com/getkin/kin-openapi/openapi3/parameter.go:401.5,401.82 1 0
github.com/getkin/kin-openapi/openapi3/parameter.go:401.82,405.6 1 0
github.com/getkin/kin-openapi/openapi3/parameter.go:410.2,410.72 1 0
github.com/getkin/kin-openapi/openapi3/path_item.go:34.56,36.16 2 0
github.com/getkin/kin-openapi/openapi3/path_item.go:36.16,38.3 1 0
github.com/getkin/kin-openapi/openapi3/path_item.go:39.2,39.24 1 0
github.com/getkin/kin-openapi/openapi3/path_item.go:43.53,44.36 1 0
github.com/getkin/kin-openapi/openapi3/path_item.go:44.36,46.3 1 0
github.com/getkin/kin-openapi/openapi3/path_item.go:48.2,50.36 3 0
github.com/getkin/kin-openapi/openapi3/path_item.go:50.36,52.3 1 0
github.com/getkin/kin-openapi/openapi3/path_item.go:53.2,53.40 1 0
github.com/getkin/kin-openapi/openapi3/path_item.go:53.40,55.3 1 0
github.com/getkin/kin-openapi/openapi3/path_item.go:56.2,56.37 1 0
github.com/getkin/kin-openapi/openapi3/path_item.go:56.37,58.3 1 0
github.com/getkin/kin-openapi/openapi3/path_item.go:59.2,59.36 1 0
github.com/getkin/kin-openapi/openapi3/path_item.go:59.36,61.3 1 0
github.com/getkin/kin-openapi/openapi3/path_item.go:62.2,62.33 1 0
github.com/getkin/kin-openapi/openapi3/path_item.go:62.33,64.3 1 0
github.com/getkin/kin-openapi/openapi3/path_item.go:65.2,65.34 1 0
github.com/getkin/kin-openapi/openapi3/path_item.go:65.34,67.3 1 0
github.com/getkin/kin-openapi/openapi3/path_item.go:68.2,68.37 1 0
github.com/getkin/kin-openapi/openapi3/path_item.go:68.37,70.3 1 0
github.com/getkin/kin-openapi/openapi3/path_item.go:71.2,71.35 1 0
github.com/getkin/kin-openapi/openapi3/path_item.go:71.35,73.3 1 0
github.com/getkin/kin-openapi/openapi3/path_item.go:74.2,74.34 1 0
github.com/getkin/kin-openapi/openapi3/path_item.go:74.34,76.3 1 0
github.com/getkin/kin-openapi/openapi3/path_item.go:77.2,77.33 1 0
github.com/getkin/kin-openapi/openapi3/path_item.go:77.33,79.3 1 0
github.com/getkin/kin-openapi/openapi3/path_item.go:80.2,80.35 1 0
github.com/getkin/kin-openapi/openapi3/path_item.go:80.35,82.3 1 0
github.com/getkin/kin-openapi/openapi3/path_item.go:83.2,83.40 1 0
github.com/getkin/kin-openapi/openapi3/path_item.go:83.40,85.3 1 0
github.com/getkin/kin-openapi/openapi3/path_item.go:86.2,86.43 1 0
github.com/getkin/kin-openapi/openapi3/path_item.go:86.43,88.3 1 0
github.com/getkin/kin-openapi/openapi3/path_item.go:89.2,89.15 1 0
github.com/getkin/kin-openapi/openapi3/path_item.go:93.60,96.49 3 1
github.com/getkin/kin-openapi/openapi3/path_item.go:96.49,98.3 1 0
github.com/getkin/kin-openapi/openapi3/path_item.go:99.2,114.28 16 1
github.com/getkin/kin-openapi/openapi3/path_item.go:114.28,116.3 1 1
github.com/getkin/kin-openapi/openapi3/path_item.go:117.2,118.12 2 1
github.com/getkin/kin-openapi/openapi3/path_item.go:121.62,123.37 2 1
github.com/getkin/kin-openapi/openapi3/path_item.go:123.37,125.3 1 0
github.com/getkin/kin-openapi/openapi3/path_item.go:126.2,126.36 1 1
github.com/getkin/kin-openapi/openapi3/path_item.go:126.36,128.3 1 0
github.com/getkin/kin-openapi/openapi3/path_item.go:129.2,129.33 1 1
github.com/getkin/kin-openapi/openapi3/path_item.go:129.33,131.3 1 1
github.com/getkin/kin-openapi/openapi3/path_item.go:132.2,132.34 1 1
github.com/getkin/kin-openapi/openapi3/path_item.go:132.34,134.3 1 0
github.com/getkin/kin-openapi/openapi3/path_item.go:135.2,135.37 1 1
github.com/getkin/kin-openapi/openapi3/path_item.go:135.37,137.3 1 0
github.com/getkin/kin-openapi/openapi3/path_item.go:138.2,138.35 1 1
github.com/getkin/kin-openapi/openapi3/path_item.go:138.35,140.3 1 0
github.com/getkin/kin-openapi/openapi3/path_item.go:141.2,141.34 1 1
github.com/getkin/kin-openapi/openapi3/path_item.go:141.34,143.3 1 0
github.com/getkin/kin-openapi/openapi3/path_item.go:144.2,144.33 1 1
github.com/getkin/kin-openapi/openapi3/path_item.go:144.33,146.3 1 0
github.com/getkin/kin-openapi/openapi3/path_item.go:147.2,147.35 1 1
github.com/getkin/kin-openapi/openapi3/path_item.go:147.35,149.3 1 0
github.com/getkin/kin-openapi/openapi3/path_item.go:150.2,150.19 1 1
github.com/getkin/kin-openapi/openapi3/path_item.go:153.66,154.16 1 0
github.com/getkin/kin-openapi/openapi3/path_item.go:155.26,156.26 1 0
github.com/getkin/kin-openapi/openapi3/path_item.go:157.25,158.25 1 0
github.com/getkin/kin-openapi/openapi3/path_item.go:159.22,160.22 1 0
github.com/getkin/kin-openapi/openapi3/path_item.go:161.23,162.23 1 0
github.com/getkin/kin-openapi/openapi3/path_item.go:163.26,164.26 1 0
github.com/getkin/kin-openapi/openapi3/path_item.go:165.24,166.24 1 0
github.com/getkin/kin-openapi/openapi3/path_item.go:167.23,168.23 1 0
github.com/getkin/kin-openapi/openapi3/path_item.go:169.22,170.22 1 0
github.com/getkin/kin-openapi/openapi3/path_item.go:171.24,172.24 1 0
github.com/getkin/kin-openapi/openapi3/path_item.go:173.10,174.58 1 0
github.com/getkin/kin-openapi/openapi3/path_item.go:178.77,179.16 1 0
github.com/getkin/kin-openapi/openapi3/path_item.go:180.26,181.31 1 0
github.com/getkin/kin-openapi/openapi3/path_item.go:182.25,183.30 1 0
github.com/getkin/kin-openapi/openapi3/path_item.go:184.22,185.27 1 0
github.com/getkin/kin-openapi/openapi3/path_item.go:186.23,187.28 1 0
github.com/getkin/kin-openapi/openapi3/path_item.go:188.26,189.31 1 0
github.com/getkin/kin-openapi/openapi3/path_item.go:190.24,191.29 1 0
github.com/getkin/kin-openapi/openapi3/path_item.go:192.23,193.28 1 0
github.com/getkin/kin-openapi/openapi3/path_item.go:194.22,195.27 1 0
github.com/getkin/kin-openapi/openapi3/path_item.go:196.24,197.29 1 0
github.com/getkin/kin-openapi/openapi3/path_item.go:198.10,199.58 1 0
github.com/getkin/kin-openapi/openapi3/path_item.go:204.89,210.52 4 1
github.com/getkin/kin-openapi/openapi3/path_item.go:210.52,212.33 2 1
github.com/getkin/kin-openapi/openapi3/path_item.go:212.33,212.95 1 0
github.com/getkin/kin-openapi/openapi3/path_item.go:213.3,213.73 1 1
github.com/getkin/kin-openapi/openapi3/path_item.go:213.73,215.4 1 0
github.com/getkin/kin-openapi/openapi3/path_item.go:218.2,218.40 1 1
github.com/getkin/kin-openapi/openapi3/path_item.go:218.40,219.50 1 0
github.com/getkin/kin-openapi/openapi3/path_item.go:219.50,221.4 1 0
github.com/getkin/kin-openapi/openapi3/path_item.go:224.2,224.83 1 1
github.com/getkin/kin-openapi/openapi3/path_item.go:228.42,244.2 1 0
github.com/getkin/kin-openapi/openapi3/paths.go:20.46,22.27 2 0
github.com/getkin/kin-openapi/openapi3/paths.go:22.27,24.3 1 0
github.com/getkin/kin-openapi/openapi3/paths.go:25.2,25.14 1 0
github.com/getkin/kin-openapi/openapi3/paths.go:32.63,33.28 1 0
github.com/getkin/kin-openapi/openapi3/paths.go:33.28,34.44 1 0
github.com/getkin/kin-openapi/openapi3/paths.go:34.44,36.4 1 0
github.com/getkin/kin-openapi/openapi3/paths.go:41.83,47.36 4 1
github.com/getkin/kin-openapi/openapi3/paths.go:47.36,49.35 2 1
github.com/getkin/kin-openapi/openapi3/paths.go:49.35,50.81 1 0
github.com/getkin/kin-openapi/openapi3/paths.go:50.81,52.5 1 0
github.com/getkin/kin-openapi/openapi3/paths.go:56.4,56.12 1 0
github.com/getkin/kin-openapi/openapi3/paths.go:59.3,59.22 1 1
github.com/getkin/kin-openapi/openapi3/paths.go:59.22,62.4 2 0
github.com/getkin/kin-openapi/openapi3/paths.go:64.3,65.57 2 1
github.com/getkin/kin-openapi/openapi3/paths.go:65.57,66.84 1 0
github.com/getkin/kin-openapi/openapi3/paths.go:66.84,68.5 1 0
github.com/getkin/kin-openapi/openapi3/paths.go:73.4,73.12 1 0
github.com/getkin/kin-openapi/openapi3/paths.go:75.3,78.52 3 1
github.com/getkin/kin-openapi/openapi3/paths.go:78.52,79.27 1 0
github.com/getkin/kin-openapi/openapi3/paths.go:79.27,80.93 1 0
github.com/getkin/kin-openapi/openapi3/paths.go:80.93,82.6 1 0
github.com/getkin/kin-openapi/openapi3/paths.go:85.3,86.53 2 1
github.com/getkin/kin-openapi/openapi3/paths.go:86.53,89.54 3 1
github.com/getkin/kin-openapi/openapi3/paths.go:89.54,90.28 1 0
github.com/getkin/kin-openapi/openapi3/paths.go:90.28,91.94 1 0
github.com/getkin/kin-openapi/openapi3/paths.go:91.94,93.7 1 0
github.com/getkin/kin-openapi/openapi3/paths.go:96.4,96.83 1 1
github.com/getkin/kin-openapi/openapi3/paths.go:96.83,98.21 2 0
github.com/getkin/kin-openapi/openapi3/paths.go:98.21,100.6 1 0
github.com/getkin/kin-openapi/openapi3/paths.go:101.5,103.40 3 0
github.com/getkin/kin-openapi/openapi3/paths.go:103.40,104.40 1 0
github.com/getkin/kin-openapi/openapi3/paths.go:104.40,106.7 1 0
github.com/getkin/kin-openapi/openapi3/paths.go:108.5,108.53 1 0
github.com/getkin/kin-openapi/openapi3/paths.go:108.53,109.46 1 0
github.com/getkin/kin-openapi/openapi3/paths.go:109.46,110.12 1 0
github.com/getkin/kin-openapi/openapi3/paths.go:112.6,112.32 1 0
github.com/getkin/kin-openapi/openapi3/paths.go:114.5,114.26 1 0
github.com/getkin/kin-openapi/openapi3/paths.go:114.26,120.21 1 0
github.com/getkin/kin-openapi/openapi3/paths.go:120.21,122.7 1 0
github.com/getkin/kin-openapi/openapi3/paths.go:127.3,127.35 1 1
github.com/getkin/kin-openapi/openapi3/paths.go:127.35,127.88 1 0
github.com/getkin/kin-openapi/openapi3/paths.go:128.3,128.74 1 1
github.com/getkin/kin-openapi/openapi3/paths.go:128.74,130.4 1 0
github.com/getkin/kin-openapi/openapi3/paths.go:133.2,133.68 1 1
github.com/getkin/kin-openapi/openapi3/paths.go:133.68,135.3 1 0
github.com/getkin/kin-openapi/openapi3/paths.go:137.2,137.77 1 1
github.com/getkin/kin-openapi/openapi3/paths.go:144.48,147.22 1 0
github.com/getkin/kin-openapi/openapi3/paths.go:147.22,149.3 1 0
github.com/getkin/kin-openapi/openapi3/paths.go:151.2,153.32 3 0
github.com/getkin/kin-openapi/openapi3/paths.go:153.32,156.18 3 0
github.com/getkin/kin-openapi/openapi3/paths.go:156.18,158.4 1 0
github.com/getkin/kin-openapi/openapi3/paths.go:161.2,162.28 2 0
github.com/getkin/kin-openapi/openapi3/paths.go:162.28,163.28 1 0
github.com/getkin/kin-openapi/openapi3/paths.go:163.28,164.46 1 0
github.com/getkin/kin-openapi/openapi3/paths.go:164.46,164.74 1 0
github.com/getkin/kin-openapi/openapi3/paths.go:165.4,165.36 1 0
github.com/getkin/kin-openapi/openapi3/paths.go:168.2,168.16 1 0
github.com/getkin/kin-openapi/openapi3/paths.go:183.48,186.21 2 0
github.com/getkin/kin-openapi/openapi3/paths.go:186.21,188.3 1 0
github.com/getkin/kin-openapi/openapi3/paths.go:190.2,192.48 3 0
github.com/getkin/kin-openapi/openapi3/paths.go:192.48,194.58 2 0
github.com/getkin/kin-openapi/openapi3/paths.go:194.58,196.4 1 0
github.com/getkin/kin-openapi/openapi3/paths.go:198.2,198.12 1 0
github.com/getkin/kin-openapi/openapi3/paths.go:201.56,204.51 3 1
github.com/getkin/kin-openapi/openapi3/paths.go:204.51,206.22 2 1
github.com/getkin/kin-openapi/openapi3/paths.go:206.22,207.12 1 0
github.com/getkin/kin-openapi/openapi3/paths.go:209.3,210.57 2 1
github.com/getkin/kin-openapi/openapi3/paths.go:210.57,212.55 2 1
github.com/getkin/kin-openapi/openapi3/paths.go:212.55,213.13 1 1
github.com/getkin/kin-openapi/openapi3/paths.go:215.4,216.66 2 0
github.com/getkin/kin-openapi/openapi3/paths.go:216.66,217.31 1 0
github.com/getkin/kin-openapi/openapi3/paths.go:217.31,219.6 1 0
github.com/getkin/kin-openapi/openapi3/paths.go:220.5,220.99 1 0
github.com/getkin/kin-openapi/openapi3/paths.go:222.4,222.50 1 0
github.com/getkin/kin-openapi/openapi3/paths.go:225.2,225.12 1 1
github.com/getkin/kin-openapi/openapi3/paths.go:228.78,229.38 1 1
github.com/getkin/kin-openapi/openapi3/paths.go:229.38,231.3 1 1
github.com/getkin/kin-openapi/openapi3/paths.go:233.2,243.25 4 0
github.com/getkin/kin-openapi/openapi3/paths.go:243.25,244.17 1 0
github.com/getkin/kin-openapi/openapi3/paths.go:244.17,245.16 1 0
github.com/getkin/kin-openapi/openapi3/paths.go:245.16,254.27 4 0
github.com/getkin/kin-openapi/openapi3/paths.go:254.27,256.6 1 0
github.com/getkin/kin-openapi/openapi3/paths.go:257.10,259.13 2 0
github.com/getkin/kin-openapi/openapi3/paths.go:262.9,262.22 1 0
github.com/getkin/kin-openapi/openapi3/paths.go:262.22,268.4 2 0
github.com/getkin/kin-openapi/openapi3/paths.go:271.3,272.9 2 0
github.com/getkin/kin-openapi/openapi3/paths.go:274.2,274.38 1 0
github.com/getkin/kin-openapi/openapi3/ref.go:23.41,26.25 3 0
github.com/getkin/kin-openapi/openapi3/ref.go:26.25,28.3 1 0
github.com/getkin/kin-openapi/openapi3/ref.go:29.2,29.22 1 0
github.com/getkin/kin-openapi/openapi3/ref.go:29.22,31.3 1 0
github.com/getkin/kin-openapi/openapi3/ref.go:32.2,32.26 1 0
github.com/getkin/kin-openapi/openapi3/ref.go:32.26,34.3 1 0
github.com/getkin/kin-openapi/openapi3/ref.go:35.2,35.15 1 0
github.com/getkin/kin-openapi/openapi3/ref.go:39.44,41.16 2 0
github.com/getkin/kin-openapi/openapi3/ref.go:41.16,43.3 1 0
github.com/getkin/kin-openapi/openapi3/ref.go:44.2,44.24 1 0
github.com/getkin/kin-openapi/openapi3/ref.go:48.77,51.2 2 0
github.com/getkin/kin-openapi/openapi3/refs.go:33.38,33.90 1 0
github.com/getkin/kin-openapi/openapi3/refs.go:36.42,36.58 1 0
github.com/getkin/kin-openapi/openapi3/refs.go:39.47,39.69 1 0
github.com/getkin/kin-openapi/openapi3/refs.go:42.42,42.71 1 0
github.com/getkin/kin-openapi/openapi3/refs.go:44.46,47.22 1 0
github.com/getkin/kin-openapi/openapi3/refs.go:47.22,49.3 1 0
github.com/getkin/kin-openapi/openapi3/refs.go:51.2,51.24 1 0
github.com/getkin/kin-openapi/openapi3/refs.go:55.49,56.29 1 0
github.com/getkin/kin-openapi/openapi3/refs.go:56.29,63.3 1 0
github.com/getkin/kin-openapi/openapi3/refs.go:64.2,64.30 1 0
github.com/getkin/kin-openapi/openapi3/refs.go:68.52,70.16 2 0
github.com/getkin/kin-openapi/openapi3/refs.go:70.16,72.3 1 0
github.com/getkin/kin-openapi/openapi3/refs.go:73.2,73.24 1 0
github.com/getkin/kin-openapi/openapi3/refs.go:77.56,79.76 2 0
github.com/getkin/kin-openapi/openapi3/refs.go:79.76,89.22 10 0
github.com/getkin/kin-openapi/openapi3/refs.go:89.22,91.25 2 0
github.com/getkin/kin-openapi/openapi3/refs.go:91.25,92.36 1 0
github.com/getkin/kin-openapi/openapi3/refs.go:92.36,94.6 1 0
github.com/getkin/kin-openapi/openapi3/refs.go:96.4,96.23 1 0
github.com/getkin/kin-openapi/openapi3/refs.go:96.23,98.5 1 0
github.com/getkin/kin-openapi/openapi3/refs.go:100.3,100.13 1 0
github.com/getkin/kin-openapi/openapi3/refs.go:102.2,102.39 1 0
github.com/getkin/kin-openapi/openapi3/refs.go:107.65,112.20 4 0
github.com/getkin/kin-openapi/openapi3/refs.go:112.20,114.3 1 0
github.com/getkin/kin-openapi/openapi3/refs.go:115.2,115.40 1 0
github.com/getkin/kin-openapi/openapi3/refs.go:115.40,116.67 1 0
github.com/getkin/kin-openapi/openapi3/refs.go:116.67,118.4 1 0
github.com/getkin/kin-openapi/openapi3/refs.go:119.3,119.59 1 0
github.com/getkin/kin-openapi/openapi3/refs.go:119.59,121.4 1 0
github.com/getkin/kin-openapi/openapi3/refs.go:123.2,123.29 1 0
github.com/getkin/kin-openapi/openapi3/refs.go:123.29,124.32 1 0
github.com/getkin/kin-openapi/openapi3/refs.go:124.32,125.38 1 0
github.com/getkin/kin-openapi/openapi3/refs.go:125.38,127.5 1 0
github.com/getkin/kin-openapi/openapi3/refs.go:132.2,132.52 1 0
github.com/getkin/kin-openapi/openapi3/refs.go:132.52,133.51 1 0
github.com/getkin/kin-openapi/openapi3/refs.go:133.51,134.33 1 0
github.com/getkin/kin-openapi/openapi3/refs.go:134.33,136.5 1 0
github.com/getkin/kin-openapi/openapi3/refs.go:141.2,141.22 1 0
github.com/getkin/kin-openapi/openapi3/refs.go:141.22,143.3 1 0
github.com/getkin/kin-openapi/openapi3/refs.go:144.2,144.12 1 0
github.com/getkin/kin-openapi/openapi3/refs.go:148.85,150.46 2 0
github.com/getkin/kin-openapi/openapi3/refs.go:150.46,152.3 1 0
github.com/getkin/kin-openapi/openapi3/refs.go:154.2,154.28 1 0
github.com/getkin/kin-openapi/openapi3/refs.go:154.28,156.3 1 0
github.com/getkin/kin-openapi/openapi3/refs.go:158.2,158.42 1 0
github.com/getkin/kin-openapi/openapi3/refs.go:162.61,163.21 1 0
github.com/getkin/kin-openapi/openapi3/refs.go:163.21,165.3 1 0
github.com/getkin/kin-openapi/openapi3/refs.go:167.2,167.38 1 0
github.com/getkin/kin-openapi/openapi3/refs.go:167.38,169.3 1 0
github.com/getkin/kin-openapi/openapi3/refs.go:171.2,172.17 2 0
github.com/getkin/kin-openapi/openapi3/refs.go:195.37,195.89 1 0
github.com/getkin/kin-openapi/openapi3/refs.go:198.41,198.57 1 0
github.com/getkin/kin-openapi/openapi3/refs.go:201.46,201.67 1 0
github.com/getkin/kin-openapi/openapi3/refs.go:204.41,204.70 1 0
github.com/getkin/kin-openapi/openapi3/refs.go:206.45,209.22 1 0
github.com/getkin/kin-openapi/openapi3/refs.go:209.22,211.3 1 0
github.com/getkin/kin-openapi/openapi3/refs.go:213.2,213.24 1 0
github.com/getkin/kin-openapi/openapi3/refs.go:217.48,218.29 1 0
github.com/getkin/kin-openapi/openapi3/refs.go:218.29,225.3 1 0
github.com/getkin/kin-openapi/openapi3/refs.go:226.2,226.30 1 0
github.com/getkin/kin-openapi/openapi3/refs.go:230.51,232.16 2 0
github.com/getkin/kin-openapi/openapi3/refs.go:232.16,234.3 1 0
github.com/getkin/kin-openapi/openapi3/refs.go:235.2,235.24 1 0
github.com/getkin/kin-openapi/openapi3/refs.go:239.55,241.76 2 0
github.com/getkin/kin-openapi/openapi3/refs.go:241.76,251.22 10 0
github.com/getkin/kin-openapi/openapi3/refs.go:251.22,253.25 2 0
github.com/getkin/kin-openapi/openapi3/refs.go:253.25,254.36 1 0
github.com/getkin/kin-openapi/openapi3/refs.go:254.36,256.6 1 0
github.com/getkin/kin-openapi/openapi3/refs.go:258.4,258.23 1 0
github.com/getkin/kin-openapi/openapi3/refs.go:258.23,260.5 1 0
github.com/getkin/kin-openapi/openapi3/refs.go:262.3,262.13 1 0
github.com/getkin/kin-openapi/openapi3/refs.go:264.2,264.39 1 0
github.com/getkin/kin-openapi/openapi3/refs.go:269.64,274.20 4 0
github.com/getkin/kin-openapi/openapi3/refs.go:274.20,276.3 1 0
github.com/getkin/kin-openapi/openapi3/refs.go:277.2,277.40 1 0
github.com/getkin/kin-openapi/openapi3/refs.go:277.40,278.67 1 0
github.com/getkin/kin-openapi/openapi3/refs.go:278.67,280.4 1 0
github.com/getkin/kin-openapi/openapi3/refs.go:281.3,281.59 1 0
github.com/getkin/kin-openapi/openapi3/refs.go:281.59,283.4 1 0
github.com/getkin/kin-openapi/openapi3/refs.go:285.2,285.29 1 0
github.com/getkin/kin-openapi/openapi3/refs.go:285.29,286.32 1 0
github.com/getkin/kin-openapi/openapi3/refs.go:286.32,287.38 1 0
github.com/getkin/kin-openapi/openapi3/refs.go:287.38,289.5 1 0
github.com/getkin/kin-openapi/openapi3/refs.go:294.2,294.52 1 0
github.com/getkin/kin-openapi/openapi3/refs.go:294.52,295.51 1 0
github.com/getkin/kin-openapi/openapi3/refs.go:295.51,296.33 1 0
github.com/getkin/kin-openapi/openapi3/refs.go:296.33,298.5 1 0
github.com/getkin/kin-openapi/openapi3/refs.go:303.2,303.22 1 0
github.com/getkin/kin-openapi/openapi3/refs.go:303.22,305.3 1 0
github.com/getkin/kin-openapi/openapi3/refs.go:306.2,306.12 1 0
github.com/getkin/kin-openapi/openapi3/refs.go:310.84,312.46 2 0
github.com/getkin/kin-openapi/openapi3/refs.go:312.46,314.3 1 0
github.com/getkin/kin-openapi/openapi3/refs.go:316.2,316.28 1 0
github.com/getkin/kin-openapi/openapi3/refs.go:316.28,318.3 1 0
github.com/getkin/kin-openapi/openapi3/refs.go:320.2,320.42 1 0
github.com/getkin/kin-openapi/openapi3/refs.go:324.60,325.21 1 0
github.com/getkin/kin-openapi/openapi3/refs.go:325.21,327.3 1 0
github.com/getkin/kin-openapi/openapi3/refs.go:329.2,329.38 1 0
github.com/getkin/kin-openapi/openapi3/refs.go:329.38,331.3 1 0
github.com/getkin/kin-openapi/openapi3/refs.go:333.2,334.17 2 0
github.com/getkin/kin-openapi/openapi3/refs.go:357.36,357.88 1 0
github.com/getkin/kin-openapi/openapi3/refs.go:360.40,360.56 1 0
github.com/getkin/kin-openapi/openapi3/refs.go:363.45,363.65 1 0
github.com/getkin/kin-openapi/openapi3/refs.go:366.40,366.69 1 0
github.com/getkin/kin-openapi/openapi3/refs.go:368.44,371.22 1 0
github.com/getkin/kin-openapi/openapi3/refs.go:371.22,373.3 1 0
github.com/getkin/kin-openapi/openapi3/refs.go:375.2,375.24 1 0
github.com/getkin/kin-openapi/openapi3/refs.go:379.47,380.29 1 0
github.com/getkin/kin-openapi/openapi3/refs.go:380.29,387.3 1 0
github.com/getkin/kin-openapi/openapi3/refs.go:388.2,388.30 1 0
github.com/getkin/kin-openapi/openapi3/refs.go:392.50,394.16 2 0
github.com/getkin/kin-openapi/openapi3/refs.go:394.16,396.3 1 0
github.com/getkin/kin-openapi/openapi3/refs.go:397.2,397.24 1 0
github.com/getkin/kin-openapi/openapi3/refs.go:401.54,403.76 2 0
github.com/getkin/kin-openapi/openapi3/refs.go:403.76,413.22 10 0
github.com/getkin/kin-openapi/openapi3/refs.go:413.22,415.25 2 0
github.com/getkin/kin-openapi/openapi3/refs.go:415.25,416.36 1 0
github.com/getkin/kin-openapi/openapi3/refs.go:416.36,418.6 1 0
github.com/getkin/kin-openapi/openapi3/refs.go:420.4,420.23 1 0
github.com/getkin/kin-openapi/openapi3/refs.go:420.23,422.5 1 0
github.com/getkin/kin-openapi/openapi3/refs.go:424.3,424.13 1 0
github.com/getkin/kin-openapi/openapi3/refs.go:426.2,426.39 1 0
github.com/getkin/kin-openapi/openapi3/refs.go:431.63,436.20 4 0
github.com/getkin/kin-openapi/openapi3/refs.go:436.20,438.3 1 0
github.com/getkin/kin-openapi/openapi3/refs.go:439.2,439.40 1 0
github.com/getkin/kin-openapi/openapi3/refs.go:439.40,440.67 1 0
github.com/getkin/kin-openapi/openapi3/refs.go:440.67,442.4 1 0
github.com/getkin/kin-openapi/openapi3/refs.go:443.3,443.59 1 0
github.com/getkin/kin-openapi/openapi3/refs.go:443.59,445.4 1 0
github.com/getkin/kin-openapi/openapi3/refs.go:447.2,447.29 1 0
github.com/getkin/kin-openapi/openapi3/refs.go:447.29,448.32 1 0
github.com/getkin/kin-openapi/openapi3/refs.go:448.32,449.38 1 0
github.com/getkin/kin-openapi/openapi3/refs.go:449.38,451.5 1 0
github.com/getkin/kin-openapi/openapi3/refs.go:456.2,456.52 1 0
github.com/getkin/kin-openapi/openapi3/refs.go:456.52,457.51 1 0
github.com/getkin/kin-openapi/openapi3/refs.go:457.51,458.33 1 0
github.com/getkin/kin-openapi/openapi3/refs.go:458.33,460.5 1 0
github.com/getkin/kin-openapi/openapi3/refs.go:465.2,465.22 1 0
github.com/getkin/kin-openapi/openapi3/refs.go:465.22,467.3 1 0
github.com/getkin/kin-openapi/openapi3/refs.go:468.2,468.12 1 0
github.com/getkin/kin-openapi/openapi3/refs.go:472.83,474.46 2 0
github.com/getkin/kin-openapi/openapi3/refs.go:474.46,476.3 1 0
github.com/getkin/kin-openapi/openapi3/refs.go:478.2,478.28 1 0
github.com/getkin/kin-openapi/openapi3/refs.go:478.28,480.3 1 0
github.com/getkin/kin-openapi/openapi3/refs.go:482.2,482.42 1 0
github.com/getkin/kin-openapi/openapi3/refs.go:486.59,487.21 1 0
github.com/getkin/kin-openapi/openapi3/refs.go:487.21,489.3 1 0
github.com/getkin/kin-openapi/openapi3/refs.go:491.2,491.38 1 0
github.com/getkin/kin-openapi/openapi3/refs.go:491.38,493.3 1 0
github.com/getkin/kin-openapi/openapi3/refs.go:495.2,496.17 2 0
github.com/getkin/kin-openapi/openapi3/refs.go:519.34,519.86 1 0
github.com/getkin/kin-openapi/openapi3/refs.go:522.38,522.54 1 0
github.com/getkin/kin-openapi/openapi3/refs.go:525.43,525.61 1 0
github.com/getkin/kin-openapi/openapi3/refs.go:528.38,528.67 1 0
github.com/getkin/kin-openapi/openapi3/refs.go:530.42,533.22 1 0
github.com/getkin/kin-openapi/openapi3/refs.go:533.22,535.3 1 0
github.com/getkin/kin-openapi/openapi3/refs.go:537.2,537.24 1 0
github.com/getkin/kin-openapi/openapi3/refs.go:541.45,542.29 1 0
github.com/getkin/kin-openapi/openapi3/refs.go:542.29,549.3 1 0
github.com/getkin/kin-openapi/openapi3/refs.go:550.2,550.30 1 0
github.com/getkin/kin-openapi/openapi3/refs.go:554.48,556.16 2 0
github.com/getkin/kin-openapi/openapi3/refs.go:556.16,558.3 1 0
github.com/getkin/kin-openapi/openapi3/refs.go:559.2,559.24 1 0
github.com/getkin/kin-openapi/openapi3/refs.go:563.52,565.76 2 0
github.com/getkin/kin-openapi/openapi3/refs.go:565.76,575.22 10 0
github.com/getkin/kin-openapi/openapi3/refs.go:575.22,577.25 2 0
github.com/getkin/kin-openapi/openapi3/refs.go:577.25,578.36 1 0
github.com/getkin/kin-openapi/openapi3/refs.go:578.36,580.6 1 0
github.com/getkin/kin-openapi/openapi3/refs.go:582.4,582.23 1 0
github.com/getkin/kin-openapi/openapi3/refs.go:582.23,584.5 1 0
github.com/getkin/kin-openapi/openapi3/refs.go:586.3,586.13 1 0
github.com/getkin/kin-openapi/openapi3/refs.go:588.2,588.39 1 0
github.com/getkin/kin-openapi/openapi3/refs.go:593.61,598.20 4 0
github.com/getkin/kin-openapi/openapi3/refs.go:598.20,600.3 1 0
github.com/getkin/kin-openapi/openapi3/refs.go:601.2,601.40 1 0
github.com/getkin/kin-openapi/openapi3/refs.go:601.40,602.67 1 0
github.com/getkin/kin-openapi/openapi3/refs.go:602.67,604.4 1 0
github.com/getkin/kin-openapi/openapi3/refs.go:605.3,605.59 1 0
github.com/getkin/kin-openapi/openapi3/refs.go:605.59,607.4 1 0
github.com/getkin/kin-openapi/openapi3/refs.go:609.2,609.29 1 0
github.com/getkin/kin-openapi/openapi3/refs.go:609.29,610.32 1 0
github.com/getkin/kin-openapi/openapi3/refs.go:610.32,611.38 1 0
github.com/getkin/kin-openapi/openapi3/refs.go:611.38,613.5 1 0
github.com/getkin/kin-openapi/openapi3/refs.go:618.2,618.52 1 0
github.com/getkin/kin-openapi/openapi3/refs.go:618.52,619.51 1 0
github.com/getkin/kin-openapi/openapi3/refs.go:619.51,620.33 1 0
github.com/getkin/kin-openapi/openapi3/refs.go:620.33,622.5 1 0
github.com/getkin/kin-openapi/openapi3/refs.go:627.2,627.22 1 0
github.com/getkin/kin-openapi/openapi3/refs.go:627.22,629.3 1 0
github.com/getkin/kin-openapi/openapi3/refs.go:630.2,630.12 1 0
github.com/getkin/kin-openapi/openapi3/refs.go:634.81,636.46 2 0
github.com/getkin/kin-openapi/openapi3/refs.go:636.46,638.3 1 0
github.com/getkin/kin-openapi/openapi3/refs.go:640.2,640.28 1 0
github.com/getkin/kin-openapi/openapi3/refs.go:640.28,642.3 1 0
github.com/getkin/kin-openapi/openapi3/refs.go:644.2,644.42 1 0
github.com/getkin/kin-openapi/openapi3/refs.go:648.57,649.21 1 0
github.com/getkin/kin-openapi/openapi3/refs.go:649.21,651.3 1 0
github.com/getkin/kin-openapi/openapi3/refs.go:653.2,653.38 1 0
github.com/getkin/kin-openapi/openapi3/refs.go:653.38,655.3 1 0
github.com/getkin/kin-openapi/openapi3/refs.go:657.2,658.17 2 0
github.com/getkin/kin-openapi/openapi3/refs.go:681.39,681.91 1 0
github.com/getkin/kin-openapi/openapi3/refs.go:684.43,684.59 1 0
github.com/getkin/kin-openapi/openapi3/refs.go:687.48,687.71 1 0
github.com/getkin/kin-openapi/openapi3/refs.go:690.43,690.72 1 0
github.com/getkin/kin-openapi/openapi3/refs.go:692.47,695.22 1 0
github.com/getkin/kin-openapi/openapi3/refs.go:695.22,697.3 1 0
github.com/getkin/kin-openapi/openapi3/refs.go:699.2,699.24 1 0
github.com/getkin/kin-openapi/openapi3/refs.go:703.50,704.29 1 0
github.com/getkin/kin-openapi/openapi3/refs.go:704.29,711.3 1 0
github.com/getkin/kin-openapi/openapi3/refs.go:712.2,712.30 1 0
github.com/getkin/kin-openapi/openapi3/refs.go:716.53,718.16 2 0
github.com/getkin/kin-openapi/openapi3/refs.go:718.16,720.3 1 0
github.com/getkin/kin-openapi/openapi3/refs.go:721.2,721.24 1 0
github.com/getkin/kin-openapi/openapi3/refs.go:725.57,727.76 2 0
github.com/getkin/kin-openapi/openapi3/refs.go:727.76,737.22 10 0
github.com/getkin/kin-openapi/openapi3/refs.go:737.22,739.25 2 0
github.com/getkin/kin-openapi/openapi3/refs.go:739.25,740.36 1 0
github.com/getkin/kin-openapi/openapi3/refs.go:740.36,742.6 1 0
github.com/getkin/kin-openapi/openapi3/refs.go:744.4,744.23 1 0
github.com/getkin/kin-openapi/openapi3/refs.go:744.23,746.5 1 0
github.com/getkin/kin-openapi/openapi3/refs.go:748.3,748.13 1 0
github.com/getkin/kin-openapi/openapi3/refs.go:750.2,750.39 1 0
github.com/getkin/kin-openapi/openapi3/refs.go:755.66,760.20 4 0
github.com/getkin/kin-openapi/openapi3/refs.go:760.20,762.3 1 0
github.com/getkin/kin-openapi/openapi3/refs.go:763.2,763.40 1 0
github.com/getkin/kin-openapi/openapi3/refs.go:763.40,764.67 1 0
github.com/getkin/kin-openapi/openapi3/refs.go:764.67,766.4 1 0
github.com/getkin/kin-openapi/openapi3/refs.go:767.3,767.59 1 0
github.com/getkin/kin-openapi/openapi3/refs.go:767.59,769.4 1 0
github.com/getkin/kin-openapi/openapi3/refs.go:771.2,771.29 1 0
github.com/getkin/kin-openapi/openapi3/refs.go:771.29,772.32 1 0
github.com/getkin/kin-openapi/openapi3/refs.go:772.32,773.38 1 0
github.com/getkin/kin-openapi/openapi3/refs.go:773.38,775.5 1 0
github.com/getkin/kin-openapi/openapi3/refs.go:780.2,780.52 1 0
github.com/getkin/kin-openapi/openapi3/refs.go:780.52,781.51 1 0
github.com/getkin/kin-openapi/openapi3/refs.go:781.51,782.33 1 0
github.com/getkin/kin-openapi/openapi3/refs.go:782.33,784.5 1 0
github.com/getkin/kin-openapi/openapi3/refs.go:789.2,789.22 1 0
github.com/getkin/kin-openapi/openapi3/refs.go:789.22,791.3 1 0
github.com/getkin/kin-openapi/openapi3/refs.go:792.2,792.12 1 0
github.com/getkin/kin-openapi/openapi3/refs.go:796.86,798.46 2 0
github.com/getkin/kin-openapi/openapi3/refs.go:798.46,800.3 1 0
github.com/getkin/kin-openapi/openapi3/refs.go:802.2,802.28 1 0
github.com/getkin/kin-openapi/openapi3/refs.go:802.28,804.3 1 0
github.com/getkin/kin-openapi/openapi3/refs.go:806.2,806.42 1 0
github.com/getkin/kin-openapi/openapi3/refs.go:810.62,811.21 1 0
github.com/getkin/kin-openapi/openapi3/refs.go:811.21,813.3 1 0
github.com/getkin/kin-openapi/openapi3/refs.go:815.2,815.38 1 0
github.com/getkin/kin-openapi/openapi3/refs.go:815.38,817.3 1 0
github.com/getkin/kin-openapi/openapi3/refs.go:819.2,820.17 2 0
github.com/getkin/kin-openapi/openapi3/refs.go:843.41,843.93 1 0
github.com/getkin/kin-openapi/openapi3/refs.go:846.45,846.61 1 0
github.com/getkin/kin-openapi/openapi3/refs.go:849.50,849.76 1 0
github.com/getkin/kin-openapi/openapi3/refs.go:852.45,852.74 1 0
github.com/getkin/kin-openapi/openapi3/refs.go:854.49,857.22 1 0
github.com/getkin/kin-openapi/openapi3/refs.go:857.22,859.3 1 0
github.com/getkin/kin-openapi/openapi3/refs.go:861.2,861.24 1 0
github.com/getkin/kin-openapi/openapi3/refs.go:865.52,866.29 1 0
github.com/getkin/kin-openapi/openapi3/refs.go:866.29,873.3 1 0
github.com/getkin/kin-openapi/openapi3/refs.go:874.2,874.30 1 0
github.com/getkin/kin-openapi/openapi3/refs.go:878.55,880.16 2 0
github.com/getkin/kin-openapi/openapi3/refs.go:880.16,882.3 1 0
github.com/getkin/kin-openapi/openapi3/refs.go:883.2,883.24 1 0
github.com/getkin/kin-openapi/openapi3/refs.go:887.59,889.76 2 0
github.com/getkin/kin-openapi/openapi3/refs.go:889.76,899.22 10 0
github.com/getkin/kin-openapi/openapi3/refs.go:899.22,901.25 2 0
github.com/getkin/kin-openapi/openapi3/refs.go:901.25,902.36 1 0
github.com/getkin/kin-openapi/openapi3/refs.go:902.36,904.6 1 0
github.com/getkin/kin-openapi/openapi3/refs.go:906.4,906.23 1 0
github.com/getkin/kin-openapi/openapi3/refs.go:906.23,908.5 1 0
github.com/getkin/kin-openapi/openapi3/refs.go:910.3,910.13 1 0
github.com/getkin/kin-openapi/openapi3/refs.go:912.2,912.39 1 0
github.com/getkin/kin-openapi/openapi3/refs.go:917.68,922.20 4 0
github.com/getkin/kin-openapi/openapi3/refs.go:922.20,924.3 1 0
github.com/getkin/kin-openapi/openapi3/refs.go:925.2,925.40 1 0
github.com/getkin/kin-openapi/openapi3/refs.go:925.40,926.67 1 0
github.com/getkin/kin-openapi/openapi3/refs.go:926.67,928.4 1 0
github.com/getkin/kin-openapi/openapi3/refs.go:929.3,929.59 1 0
github.com/getkin/kin-openapi/openapi3/refs.go:929.59,931.4 1 0
github.com/getkin/kin-openapi/openapi3/refs.go:933.2,933.29 1 0
github.com/getkin/kin-openapi/openapi3/refs.go:933.29,934.32 1 0
github.com/getkin/kin-openapi/openapi3/refs.go:934.32,935.38 1 0
github.com/getkin/kin-openapi/openapi3/refs.go:935.38,937.5 1 0
github.com/getkin/kin-openapi/openapi3/refs.go:942.2,942.52 1 0
github.com/getkin/kin-openapi/openapi3/refs.go:942.52,943.51 1 0
github.com/getkin/kin-openapi/openapi3/refs.go:943.51,944.33 1 0
github.com/getkin/kin-openapi/openapi3/refs.go:944.33,946.5 1 0
github.com/getkin/kin-openapi/openapi3/refs.go:951.2,951.22 1 0
github.com/getkin/kin-openapi/openapi3/refs.go:951.22,953.3 1 0
github.com/getkin/kin-openapi/openapi3/refs.go:954.2,954.12 1 0
github.com/getkin/kin-openapi/openapi3/refs.go:958.88,960.46 2 0
github.com/getkin/kin-openapi/openapi3/refs.go:960.46,962.3 1 0
github.com/getkin/kin-openapi/openapi3/refs.go:964.2,964.28 1 0
github.com/getkin/kin-openapi/openapi3/refs.go:964.28,966.3 1 0
github.com/getkin/kin-openapi/openapi3/refs.go:968.2,968.42 1 0
github.com/getkin/kin-openapi/openapi3/refs.go:972.64,973.21 1 0
github.com/getkin/kin-openapi/openapi3/refs.go:973.21,975.3 1 0
github.com/getkin/kin-openapi/openapi3/refs.go:977.2,977.38 1 0
github.com/getkin/kin-openapi/openapi3/refs.go:977.38,979.3 1 0
github.com/getkin/kin-openapi/openapi3/refs.go:981.2,982.17 2 0
github.com/getkin/kin-openapi/openapi3/refs.go:1005.38,1005.90 1 1
github.com/getkin/kin-openapi/openapi3/refs.go:1008.42,1008.58 1 0
github.com/getkin/kin-openapi/openapi3/refs.go:1011.47,1011.69 1 0
github.com/getkin/kin-openapi/openapi3/refs.go:1014.42,1014.71 1 0
github.com/getkin/kin-openapi/openapi3/refs.go:1016.46,1019.22 1 0
github.com/getkin/kin-openapi/openapi3/refs.go:1019.22,1021.3 1 0
github.com/getkin/kin-openapi/openapi3/refs.go:1023.2,1023.24 1 0
github.com/getkin/kin-openapi/openapi3/refs.go:1027.49,1028.29 1 0
github.com/getkin/kin-openapi/openapi3/refs.go:1028.29,1035.3 1 0
github.com/getkin/kin-openapi/openapi3/refs.go:1036.2,1036.30 1 0
github.com/getkin/kin-openapi/openapi3/refs.go:1040.52,1042.16 2 0
github.com/getkin/kin-openapi/openapi3/refs.go:1042.16,1044.3 1 0
github.com/getkin/kin-openapi/openapi3/refs.go:1045.2,1045.24 1 0
github.com/getkin/kin-openapi/openapi3/refs.go:1049.56,1051.76 2 1
github.com/getkin/kin-openapi/openapi3/refs.go:1051.76,1061.22 10 0
github.com/getkin/kin-openapi/openapi3/refs.go:1061.22,1063.25 2 0
github.com/getkin/kin-openapi/openapi3/refs.go:1063.25,1064.36 1 0
github.com/getkin/kin-openapi/openapi3/refs.go:1064.36,1066.6 1 0
github.com/getkin/kin-openapi/openapi3/refs.go:1068.4,1068.23 1 0
github.com/getkin/kin-openapi/openapi3/refs.go:1068.23,1070.5 1 0
github.com/getkin/kin-openapi/openapi3/refs.go:1072.3,1072.13 1 0
github.com/getkin/kin-openapi/openapi3/refs.go:1074.2,1074.39 1 1
github.com/getkin/kin-openapi/openapi3/refs.go:1079.65,1084.20 4 1
github.com/getkin/kin-openapi/openapi3/refs.go:1084.20,1086.3 1 1
github.com/getkin/kin-openapi/openapi3/refs.go:1087.2,1087.40 1 1
github.com/getkin/kin-openapi/openapi3/refs.go:1087.40,1088.67 1 1
github.com/getkin/kin-openapi/openapi3/refs.go:1088.67,1090.4 1 0
github.com/getkin/kin-openapi/openapi3/refs.go:1091.3,1091.59 1 1
github.com/getkin/kin-openapi/openapi3/refs.go:1091.59,1093.4 1 0
github.com/getkin/kin-openapi/openapi3/refs.go:1095.2,1095.29 1 1
github.com/getkin/kin-openapi/openapi3/refs.go:1095.29,1096.32 1 0
github.com/getkin/kin-openapi/openapi3/refs.go:1096.32,1097.38 1 0
github.com/getkin/kin-openapi/openapi3/refs.go:1097.38,1099.5 1 0
github.com/getkin/kin-openapi/openapi3/refs.go:1104.2,1104.52 1 1
github.com/getkin/kin-openapi/openapi3/refs.go:1104.52,1105.51 1 0
github.com/getkin/kin-openapi/openapi3/refs.go:1105.51,1106.33 1 0
github.com/getkin/kin-openapi/openapi3/refs.go:1106.33,1108.5 1 0
github.com/getkin/kin-openapi/openapi3/refs.go:1113.2,1113.22 1 1
github.com/getkin/kin-openapi/openapi3/refs.go:1113.22,1115.3 1 0
github.com/getkin/kin-openapi/openapi3/refs.go:1116.2,1116.12 1 1
github.com/getkin/kin-openapi/openapi3/refs.go:1120.85,1122.46 2 1
github.com/getkin/kin-openapi/openapi3/refs.go:1122.46,1124.3 1 0
github.com/getkin/kin-openapi/openapi3/refs.go:1126.2,1126.28 1 1
github.com/getkin/kin-openapi/openapi3/refs.go:1126.28,1128.3 1 1
github.com/getkin/kin-openapi/openapi3/refs.go:1130.2,1130.42 1 0
github.com/getkin/kin-openapi/openapi3/refs.go:1134.61,1135.21 1 0
github.com/getkin/kin-openapi/openapi3/refs.go:1135.21,1137.3 1 0
github.com/getkin/kin-openapi/openapi3/refs.go:1139.2,1139.38 1 0
github.com/getkin/kin-openapi/openapi3/refs.go:1139.38,1141.3 1 0
github.com/getkin/kin-openapi/openapi3/refs.go:1143.2,1144.17 2 0
github.com/getkin/kin-openapi/openapi3/refs.go:1167.36,1167.88 1 0
github.com/getkin/kin-openapi/openapi3/refs.go:1170.40,1170.56 1 0
github.com/getkin/kin-openapi/openapi3/refs.go:1173.45,1173.65 1 0
github.com/getkin/kin-openapi/openapi3/refs.go:1176.40,1176.69 1 0
github.com/getkin/kin-openapi/openapi3/refs.go:1178.44,1181.22 1 0
github.com/getkin/kin-openapi/openapi3/refs.go:1181.22,1183.3 1 0
github.com/getkin/kin-openapi/openapi3/refs.go:1185.2,1185.24 1 0
github.com/getkin/kin-openapi/openapi3/refs.go:1189.47,1190.29 1 0
github.com/getkin/kin-openapi/openapi3/refs.go:1190.29,1195.3 1 0
github.com/getkin/kin-openapi/openapi3/refs.go:1196.2,1196.30 1 0
github.com/getkin/kin-openapi/openapi3/refs.go:1200.50,1202.16 2 0
github.com/getkin/kin-openapi/openapi3/refs.go:1202.16,1204.3 1 0
github.com/getkin/kin-openapi/openapi3/refs.go:1205.2,1205.24 1 0
github.com/getkin/kin-openapi/openapi3/refs.go:1209.54,1211.76 2 0
github.com/getkin/kin-openapi/openapi3/refs.go:1211.76,1217.22 6 0
github.com/getkin/kin-openapi/openapi3/refs.go:1217.22,1223.25 3 0
github.com/getkin/kin-openapi/openapi3/refs.go:1223.25,1224.36 1 0
github.com/getkin/kin-openapi/openapi3/refs.go:1224.36,1226.11 2 0
github.com/getkin/kin-openapi/openapi3/refs.go:1229.4,1229.19 1 0
github.com/getkin/kin-openapi/openapi3/refs.go:1229.19,1231.58 2 0
github.com/getkin/kin-openapi/openapi3/refs.go:1231.58,1233.6 1 0
github.com/getkin/kin-openapi/openapi3/refs.go:1235.4,1235.25 1 0
github.com/getkin/kin-openapi/openapi3/refs.go:1235.25,1236.36 1 0
github.com/getkin/kin-openapi/openapi3/refs.go:1236.36,1238.6 1 0
github.com/getkin/kin-openapi/openapi3/refs.go:1240.4,1240.23 1 0
github.com/getkin/kin-openapi/openapi3/refs.go:1240.23,1242.5 1 0
github.com/getkin/kin-openapi/openapi3/refs.go:1244.3,1244.13 1 0
github.com/getkin/kin-openapi/openapi3/refs.go:1246.2,1246.39 1 0
github.com/getkin/kin-openapi/openapi3/refs.go:1251.63,1256.20 4 0
github.com/getkin/kin-openapi/openapi3/refs.go:1256.20,1258.3 1 0
github.com/getkin/kin-openapi/openapi3/refs.go:1259.2,1259.29 1 0
github.com/getkin/kin-openapi/openapi3/refs.go:1259.29,1260.32 1 0
github.com/getkin/kin-openapi/openapi3/refs.go:1260.32,1261.38 1 0
github.com/getkin/kin-openapi/openapi3/refs.go:1261.38,1263.5 1 0
github.com/getkin/kin-openapi/openapi3/refs.go:1268.2,1268.52 1 0
github.com/getkin/kin-openapi/openapi3/refs.go:1268.52,1269.51 1 0
github.com/getkin/kin-openapi/openapi3/refs.go:1269.51,1270.33 1 0
github.com/getkin/kin-openapi/openapi3/refs.go:1270.33,1272.5 1 0
github.com/getkin/kin-openapi/openapi3/refs.go:1277.2,1277.22 1 0
github.com/getkin/kin-openapi/openapi3/refs.go:1277.22,1278.41 1 0
github.com/getkin/kin-openapi/openapi3/refs.go:1278.41,1280.4 1 0
github.com/getkin/kin-openapi/openapi3/refs.go:1282.2,1282.12 1 0
github.com/getkin/kin-openapi/openapi3/refs.go:1286.83,1288.46 2 0
github.com/getkin/kin-openapi/openapi3/refs.go:1288.46,1290.3 1 0
github.com/getkin/kin-openapi/openapi3/refs.go:1292.2,1292.28 1 0
github.com/getkin/kin-openapi/openapi3/refs.go:1292.28,1294.3 1 0
github.com/getkin/kin-openapi/openapi3/refs.go:1296.2,1296.42 1 0
github.com/getkin/kin-openapi/openapi3/refs.go:1300.59,1301.21 1 0
github.com/getkin/kin-openapi/openapi3/refs.go:1301.21,1303.3 1 0
github.com/getkin/kin-openapi/openapi3/refs.go:1305.2,1305.38 1 0
github.com/getkin/kin-openapi/openapi3/refs.go:1305.38,1307.3 1 0
github.com/getkin/kin-openapi/openapi3/refs.go:1309.2,1310.17 2 0
github.com/getkin/kin-openapi/openapi3/refs.go:1333.44,1333.96 1 1
github.com/getkin/kin-openapi/openapi3/refs.go:1336.48,1336.64 1 0
github.com/getkin/kin-openapi/openapi3/refs.go:1339.53,1339.81 1 0
github.com/getkin/kin-openapi/openapi3/refs.go:1342.48,1342.77 1 0
github.com/getkin/kin-openapi/openapi3/refs.go:1344.52,1347.22 1 0
github.com/getkin/kin-openapi/openapi3/refs.go:1347.22,1349.3 1 0
github.com/getkin/kin-openapi/openapi3/refs.go:1351.2,1351.24 1 0
github.com/getkin/kin-openapi/openapi3/refs.go:1355.55,1356.29 1 0
github.com/getkin/kin-openapi/openapi3/refs.go:1356.29,1363.3 1 0
github.com/getkin/kin-openapi/openapi3/refs.go:1364.2,1364.30 1 0
github.com/getkin/kin-openapi/openapi3/refs.go:1368.58,1370.16 2 0
github.com/getkin/kin-openapi/openapi3/refs.go:1370.16,1372.3 1 0
github.com/getkin/kin-openapi/openapi3/refs.go:1373.2,1373.24 1 0
github.com/getkin/kin-openapi/openapi3/refs.go:1377.62,1379.76 2 1
github.com/getkin/kin-openapi/openapi3/refs.go:1379.76,1389.22 10 0
github.com/getkin/kin-openapi/openapi3/refs.go:1389.22,1391.25 2 0
github.com/getkin/kin-openapi/openapi3/refs.go:1391.25,1392.36 1 0
github.com/getkin/kin-openapi/openapi3/refs.go:1392.36,1394.6 1 0
github.com/getkin/kin-openapi/openapi3/refs.go:1396.4,1396.23 1 0
github.com/getkin/kin-openapi/openapi3/refs.go:1396.23,1398.5 1 0
github.com/getkin/kin-openapi/openapi3/refs.go:1400.3,1400.13 1 0
github.com/getkin/kin-openapi/openapi3/refs.go:1402.2,1402.39 1 1
github.com/getkin/kin-openapi/openapi3/refs.go:1407.71,1412.20 4 1
github.com/getkin/kin-openapi/openapi3/refs.go:1412.20,1414.3 1 1
github.com/getkin/kin-openapi/openapi3/refs.go:1415.2,1415.40 1 1
github.com/getkin/kin-openapi/openapi3/refs.go:1415.40,1416.67 1 1
github.com/getkin/kin-openapi/openapi3/refs.go:1416.67,1418.4 1 0
github.com/getkin/kin-openapi/openapi3/refs.go:1419.3,1419.59 1 1
github.com/getkin/kin-openapi/openapi3/refs.go:1419.59,1421.4 1 0
github.com/getkin/kin-openapi/openapi3/refs.go:1423.2,1423.29 1 1
github.com/getkin/kin-openapi/openapi3/refs.go:1423.29,1424.32 1 0
github.com/getkin/kin-openapi/openapi3/refs.go:1424.32,1425.38 1 0
github.com/getkin/kin-openapi/openapi3/refs.go:1425.38,1427.5 1 0
github.com/getkin/kin-openapi/openapi3/refs.go:1432.2,1432.52 1 1
github.com/getkin/kin-openapi/openapi3/refs.go:1432.52,1433.51 1 0
github.com/getkin/kin-openapi/openapi3/refs.go:1433.51,1434.33 1 0
github.com/getkin/kin-openapi/openapi3/refs.go:1434.33,1436.5 1 0
github.com/getkin/kin-openapi/openapi3/refs.go:1441.2,1441.22 1 1
github.com/getkin/kin-openapi/openapi3/refs.go:1441.22,1443.3 1 0
github.com/getkin/kin-openapi/openapi3/refs.go:1444.2,1444.12 1 1
github.com/getkin/kin-openapi/openapi3/refs.go:1448.91,1450.46 2 1
github.com/getkin/kin-openapi/openapi3/refs.go:1450.46,1452.3 1 0
github.com/getkin/kin-openapi/openapi3/refs.go:1454.2,1454.28 1 1
github.com/getkin/kin-openapi/openapi3/refs.go:1454.28,1456.3 1 1
github.com/getkin/kin-openapi/openapi3/refs.go:1458.2,1458.42 1 0
github.com/getkin/kin-openapi/openapi3/refs.go:1462.67,1463.21 1 0
github.com/getkin/kin-openapi/openapi3/refs.go:1463.21,1465.3 1 0
github.com/getkin/kin-openapi/openapi3/refs.go:1467.2,1467.38 1 0
github.com/getkin/kin-openapi/openapi3/refs.go:1467.38,1469.3 1 0
github.com/getkin/kin-openapi/openapi3/refs.go:1471.2,1472.17 2 0
github.com/getkin/kin-openapi/openapi3/request_body.go:20.36,22.2 1 0
github.com/getkin/kin-openapi/openapi3/request_body.go:24.76,27.2 2 0
github.com/getkin/kin-openapi/openapi3/request_body.go:29.71,32.2 2 0
github.com/getkin/kin-openapi/openapi3/request_body.go:34.75,37.2 2 0
github.com/getkin/kin-openapi/openapi3/request_body.go:39.97,42.2 2 0
github.com/getkin/kin-openapi/openapi3/request_body.go:44.91,47.2 2 0
github.com/getkin/kin-openapi/openapi3/request_body.go:49.82,52.2 2 0
github.com/getkin/kin-openapi/openapi3/request_body.go:54.76,57.2 2 0
github.com/getkin/kin-openapi/openapi3/request_body.go:59.86,62.2 2 0
github.com/getkin/kin-openapi/openapi3/request_body.go:64.80,67.2 2 0
github.com/getkin/kin-openapi/openapi3/request_body.go:69.75,71.14 2 0
github.com/getkin/kin-openapi/openapi3/request_body.go:71.14,73.3 1 0
github.com/getkin/kin-openapi/openapi3/request_body.go:74.2,74.21 1 0
github.com/getkin/kin-openapi/openapi3/request_body.go:78.62,80.16 2 0
github.com/getkin/kin-openapi/openapi3/request_body.go:80.16,82.3 1 0
github.com/getkin/kin-openapi/openapi3/request_body.go:83.2,83.24 1 0
github.com/getkin/kin-openapi/openapi3/request_body.go:87.59,90.43 3 0
github.com/getkin/kin-openapi/openapi3/request_body.go:90.43,92.3 1 0
github.com/getkin/kin-openapi/openapi3/request_body.go:93.2,93.34 1 0
github.com/getkin/kin-openapi/openapi3/request_body.go:93.34,95.3 1 0
github.com/getkin/kin-openapi/openapi3/request_body.go:96.2,96.36 1 0
github.com/getkin/kin-openapi/openapi3/request_body.go:96.36,98.3 1 0
github.com/getkin/kin-openapi/openapi3/request_body.go:99.2,99.15 1 0
github.com/getkin/kin-openapi/openapi3/request_body.go:103.66,106.49 3 0
github.com/getkin/kin-openapi/openapi3/request_body.go:106.49,108.3 1 0
github.com/getkin/kin-openapi/openapi3/request_body.go:109.2,113.28 5 0
github.com/getkin/kin-openapi/openapi3/request_body.go:113.28,115.3 1 0
github.com/getkin/kin-openapi/openapi3/request_body.go:116.2,117.12 2 0
github.com/getkin/kin-openapi/openapi3/request_body.go:121.95,124.32 2 0
github.com/getkin/kin-openapi/openapi3/request_body.go:124.32,126.3 1 0
github.com/getkin/kin-openapi/openapi3/request_body.go:128.2,128.69 1 0
github.com/getkin/kin-openapi/openapi3/request_body.go:128.69,130.3 1 0
github.com/getkin/kin-openapi/openapi3/request_body.go:132.2,132.58 1 0
github.com/getkin/kin-openapi/openapi3/request_body.go:132.58,134.3 1 0
github.com/getkin/kin-openapi/openapi3/request_body.go:136.2,136.76 1 0
github.com/getkin/kin-openapi/openapi3/response.go:23.58,25.27 2 0
github.com/getkin/kin-openapi/openapi3/response.go:25.27,27.3 1 0
github.com/getkin/kin-openapi/openapi3/response.go:28.2,28.18 1 0
github.com/getkin/kin-openapi/openapi3/response.go:31.53,33.2 1 1
github.com/getkin/kin-openapi/openapi3/response.go:39.74,40.36 1 0
github.com/getkin/kin-openapi/openapi3/response.go:40.36,41.33 1 0
github.com/getkin/kin-openapi/openapi3/response.go:41.33,44.4 2 0
github.com/getkin/kin-openapi/openapi3/response.go:49.67,50.36 1 0
github.com/getkin/kin-openapi/openapi3/response.go:50.36,51.44 1 0
github.com/getkin/kin-openapi/openapi3/response.go:51.44,53.4 1 0
github.com/getkin/kin-openapi/openapi3/response.go:58.52,60.2 1 0
github.com/getkin/kin-openapi/openapi3/response.go:66.61,68.46 2 0
github.com/getkin/kin-openapi/openapi3/response.go:68.46,70.3 1 0
github.com/getkin/kin-openapi/openapi3/response.go:71.2,71.33 1 0
github.com/getkin/kin-openapi/openapi3/response.go:71.33,73.13 2 0
github.com/getkin/kin-openapi/openapi3/response.go:74.42,75.30 1 0
github.com/getkin/kin-openapi/openapi3/response.go:78.2,78.12 1 0
github.com/getkin/kin-openapi/openapi3/response.go:82.91,86.26 3 1
github.com/getkin/kin-openapi/openapi3/response.go:86.26,87.81 1 0
github.com/getkin/kin-openapi/openapi3/response.go:87.81,89.4 1 0
github.com/getkin/kin-openapi/openapi3/response.go:94.2,94.39 1 1
github.com/getkin/kin-openapi/openapi3/response.go:94.39,96.50 2 1
github.com/getkin/kin-openapi/openapi3/response.go:96.50,98.4 1 0
github.com/getkin/kin-openapi/openapi3/response.go:101.2,101.85 1 1
github.com/getkin/kin-openapi/openapi3/response.go:116.30,118.2 1 0
github.com/getkin/kin-openapi/openapi3/response.go:120.67,123.2 2 0
github.com/getkin/kin-openapi/openapi3/response.go:125.66,128.2 2 0
github.com/getkin/kin-openapi/openapi3/response.go:130.68,133.2 2 0
github.com/getkin/kin-openapi/openapi3/response.go:135.74,138.2 2 0
github.com/getkin/kin-openapi/openapi3/response.go:141.56,143.16 2 0
github.com/getkin/kin-openapi/openapi3/response.go:143.16,145.3 1 0
github.com/getkin/kin-openapi/openapi3/response.go:146.2,146.24 1 0
github.com/getkin/kin-openapi/openapi3/response.go:150.53,153.41 3 0
github.com/getkin/kin-openapi/openapi3/response.go:153.41,155.3 1 0
github.com/getkin/kin-openapi/openapi3/response.go:156.2,156.40 1 0
github.com/getkin/kin-openapi/openapi3/response.go:156.40,158.3 1 0
github.com/getkin/kin-openapi/openapi3/response.go:159.2,159.40 1 0
github.com/getkin/kin-openapi/openapi3/response.go:159.40,161.3 1 0
github.com/getkin/kin-openapi/openapi3/response.go:162.2,162.38 1 0
github.com/getkin/kin-openapi/openapi3/response.go:162.38,164.3 1 0
github.com/getkin/kin-openapi/openapi3/response.go:165.2,165.15 1 0
github.com/getkin/kin-openapi/openapi3/response.go:169.60,172.49 3 1
github.com/getkin/kin-openapi/openapi3/response.go:172.49,174.3 1 0
github.com/getkin/kin-openapi/openapi3/response.go:175.2,180.28 6 1
github.com/getkin/kin-openapi/openapi3/response.go:180.28,182.3 1 1
github.com/getkin/kin-openapi/openapi3/response.go:183.2,184.12 2 1
github.com/getkin/kin-openapi/openapi3/response.go:188.89,191.33 2 1
github.com/getkin/kin-openapi/openapi3/response.go:191.33,193.3 1 0
github.com/getkin/kin-openapi/openapi3/response.go:194.2,194.69 1 1
github.com/getkin/kin-openapi/openapi3/response.go:194.69,196.3 1 1
github.com/getkin/kin-openapi/openapi3/response.go:198.2,198.49 1 1
github.com/getkin/kin-openapi/openapi3/response.go:198.49,199.47 1 0
github.com/getkin/kin-openapi/openapi3/response.go:199.47,201.4 1 0
github.com/getkin/kin-openapi/openapi3/response.go:204.2,204.56 1 1
github.com/getkin/kin-openapi/openapi3/response.go:204.56,206.46 2 0
github.com/getkin/kin-openapi/openapi3/response.go:206.46,208.4 1 0
github.com/getkin/kin-openapi/openapi3/response.go:211.2,211.54 1 1
github.com/getkin/kin-openapi/openapi3/response.go:211.54,213.44 2 0
github.com/getkin/kin-openapi/openapi3/response.go:213.44,215.4 1 0
github.com/getkin/kin-openapi/openapi3/response.go:218.2,218.70 1 1
github.com/getkin/kin-openapi/openapi3/schema.go:50.57,55.2 1 0
github.com/getkin/kin-openapi/openapi3/schema.go:62.59,64.16 2 0
github.com/getkin/kin-openapi/openapi3/schema.go:64.16,66.3 1 0
github.com/getkin/kin-openapi/openapi3/schema.go:68.2,68.25 1 0
github.com/getkin/kin-openapi/openapi3/schema.go:68.25,70.3 1 0
github.com/getkin/kin-openapi/openapi3/schema.go:72.2,74.33 2 0
github.com/getkin/kin-openapi/openapi3/schema.go:74.33,76.3 1 0
github.com/getkin/kin-openapi/openapi3/schema.go:77.2,77.23 1 0
github.com/getkin/kin-openapi/openapi3/schema.go:200.41,202.2 1 0
github.com/getkin/kin-openapi/openapi3/schema.go:211.38,212.18 1 0
github.com/getkin/kin-openapi/openapi3/schema.go:212.18,214.3 1 0
github.com/getkin/kin-openapi/openapi3/schema.go:215.2,215.15 1 0
github.com/getkin/kin-openapi/openapi3/schema.go:227.48,228.19 1 0
github.com/getkin/kin-openapi/openapi3/schema.go:228.19,230.3 1 0
github.com/getkin/kin-openapi/openapi3/schema.go:231.2,231.38 1 0
github.com/getkin/kin-openapi/openapi3/schema.go:245.46,246.18 1 0
github.com/getkin/kin-openapi/openapi3/schema.go:246.18,248.3 1 0
github.com/getkin/kin-openapi/openapi3/schema.go:249.2,249.28 1 0
github.com/getkin/kin-openapi/openapi3/schema.go:262.41,264.2 1 0
github.com/getkin/kin-openapi/openapi3/schema.go:276.39,278.2 1 0
github.com/getkin/kin-openapi/openapi3/schema.go:289.37,291.2 1 0
github.com/getkin/kin-openapi/openapi3/schema.go:306.36,308.2 1 0
github.com/getkin/kin-openapi/openapi3/schema.go:310.52,312.16 2 0
github.com/getkin/kin-openapi/openapi3/schema.go:312.16,314.3 1 0
github.com/getkin/kin-openapi/openapi3/schema.go:315.2,315.24 1 0
github.com/getkin/kin-openapi/openapi3/schema.go:318.49,319.19 1 0
github.com/getkin/kin-openapi/openapi3/schema.go:319.19,321.3 1 0
github.com/getkin/kin-openapi/openapi3/schema.go:322.2,323.20 2 0
github.com/getkin/kin-openapi/openapi3/schema.go:324.9,325.18 1 0
github.com/getkin/kin-openapi/openapi3/schema.go:326.9,327.23 1 0
github.com/getkin/kin-openapi/openapi3/schema.go:328.10,329.30 1 0
github.com/getkin/kin-openapi/openapi3/schema.go:333.54,335.55 2 0
github.com/getkin/kin-openapi/openapi3/schema.go:335.55,337.50 2 0
github.com/getkin/kin-openapi/openapi3/schema.go:337.50,339.4 1 0
github.com/getkin/kin-openapi/openapi3/schema.go:340.3,340.24 1 0
github.com/getkin/kin-openapi/openapi3/schema.go:342.2,343.12 2 0
github.com/getkin/kin-openapi/openapi3/schema.go:357.49,358.27 1 0
github.com/getkin/kin-openapi/openapi3/schema.go:358.27,359.9 1 0
github.com/getkin/kin-openapi/openapi3/schema.go:359.9,361.4 1 0
github.com/getkin/kin-openapi/openapi3/schema.go:362.3,362.20 1 0
github.com/getkin/kin-openapi/openapi3/schema.go:364.2,364.30 1 0
github.com/getkin/kin-openapi/openapi3/schema.go:364.30,366.3 1 0
github.com/getkin/kin-openapi/openapi3/schema.go:367.2,367.17 1 0
github.com/getkin/kin-openapi/openapi3/schema.go:371.52,373.16 2 0
github.com/getkin/kin-openapi/openapi3/schema.go:373.16,375.3 1 0
github.com/getkin/kin-openapi/openapi3/schema.go:376.2,376.24 1 0
github.com/getkin/kin-openapi/openapi3/schema.go:380.56,382.49 2 0
github.com/getkin/kin-openapi/openapi3/schema.go:382.49,384.3 1 0
github.com/getkin/kin-openapi/openapi3/schema.go:385.2,385.23 1 0
github.com/getkin/kin-openapi/openapi3/schema.go:386.11,386.11 0 0
github.com/getkin/kin-openapi/openapi3/schema.go:387.12,388.14 1 0
github.com/getkin/kin-openapi/openapi3/schema.go:389.22,390.18 1 0
github.com/getkin/kin-openapi/openapi3/schema.go:390.18,392.4 1 0
github.com/getkin/kin-openapi/openapi3/schema.go:392.9,395.66 3 0
github.com/getkin/kin-openapi/openapi3/schema.go:395.66,397.5 1 0
github.com/getkin/kin-openapi/openapi3/schema.go:399.10,400.91 1 0
github.com/getkin/kin-openapi/openapi3/schema.go:402.2,402.12 1 0
github.com/getkin/kin-openapi/openapi3/schema.go:414.39,416.2 1 0
github.com/getkin/kin-openapi/openapi3/schema.go:419.40,421.2 1 0
github.com/getkin/kin-openapi/openapi3/schema.go:424.53,425.21 1 0
github.com/getkin/kin-openapi/openapi3/schema.go:425.21,427.3 1 0
github.com/getkin/kin-openapi/openapi3/schema.go:428.2,428.20 1 0
github.com/getkin/kin-openapi/openapi3/schema.go:428.20,430.3 1 0
github.com/getkin/kin-openapi/openapi3/schema.go:431.2,431.17 1 0
github.com/getkin/kin-openapi/openapi3/schema.go:435.56,437.16 2 0
github.com/getkin/kin-openapi/openapi3/schema.go:437.16,439.3 1 0
github.com/getkin/kin-openapi/openapi3/schema.go:440.2,440.14 1 0
github.com/getkin/kin-openapi/openapi3/schema.go:440.14,442.3 1 0
github.com/getkin/kin-openapi/openapi3/schema.go:443.2,443.24 1 0
github.com/getkin/kin-openapi/openapi3/schema.go:447.60,449.49 2 0
github.com/getkin/kin-openapi/openapi3/schema.go:449.49,451.3 1 0
github.com/getkin/kin-openapi/openapi3/schema.go:452.2,452.23 1 0
github.com/getkin/kin-openapi/openapi3/schema.go:453.11,453.11 0 0
github.com/getkin/kin-openapi/openapi3/schema.go:455.12,456.15 1 0
github.com/getkin/kin-openapi/openapi3/schema.go:457.15,458.16 1 0
github.com/getkin/kin-openapi/openapi3/schema.go:459.10,460.118 1 0
github.com/getkin/kin-openapi/openapi3/schema.go:462.2,462.12 1 0
github.com/getkin/kin-openapi/openapi3/schema.go:467.26,469.2 1 0
github.com/getkin/kin-openapi/openapi3/schema.go:472.52,474.16 2 0
github.com/getkin/kin-openapi/openapi3/schema.go:474.16,476.3 1 0
github.com/getkin/kin-openapi/openapi3/schema.go:478.2,478.24 1 0
github.com/getkin/kin-openapi/openapi3/schema.go:482.49,486.36 3 0
github.com/getkin/kin-openapi/openapi3/schema.go:486.36,488.3 1 0
github.com/getkin/kin-openapi/openapi3/schema.go:489.2,489.36 1 0
github.com/getkin/kin-openapi/openapi3/schema.go:489.36,491.3 1 0
github.com/getkin/kin-openapi/openapi3/schema.go:492.2,492.36 1 0
github.com/getkin/kin-openapi/openapi3/schema.go:492.36,494.3 1 0
github.com/getkin/kin-openapi/openapi3/schema.go:495.2,495.31 1 0
github.com/getkin/kin-openapi/openapi3/schema.go:495.31,497.3 1 0
github.com/getkin/kin-openapi/openapi3/schema.go:498.2,498.32 1 0
github.com/getkin/kin-openapi/openapi3/schema.go:498.32,500.3 1 0
github.com/getkin/kin-openapi/openapi3/schema.go:501.2,501.36 1 0
github.com/getkin/kin-openapi/openapi3/schema.go:501.36,503.3 1 0
github.com/getkin/kin-openapi/openapi3/schema.go:504.2,504.37 1 0
github.com/getkin/kin-openapi/openapi3/schema.go:504.37,506.3 1 0
github.com/getkin/kin-openapi/openapi3/schema.go:507.2,507.42 1 0
github.com/getkin/kin-openapi/openapi3/schema.go:507.42,509.3 1 0
github.com/getkin/kin-openapi/openapi3/schema.go:510.2,510.35 1 0
github.com/getkin/kin-openapi/openapi3/schema.go:510.35,512.3 1 0
github.com/getkin/kin-openapi/openapi3/schema.go:513.2,513.35 1 0
github.com/getkin/kin-openapi/openapi3/schema.go:513.35,515.3 1 0
github.com/getkin/kin-openapi/openapi3/schema.go:516.2,516.35 1 0
github.com/getkin/kin-openapi/openapi3/schema.go:516.35,518.3 1 0
github.com/getkin/kin-openapi/openapi3/schema.go:519.2,519.40 1 0
github.com/getkin/kin-openapi/openapi3/schema.go:519.40,521.3 1 0
github.com/getkin/kin-openapi/openapi3/schema.go:524.2,524.32 1 0
github.com/getkin/kin-openapi/openapi3/schema.go:524.32,526.3 1 0
github.com/getkin/kin-openapi/openapi3/schema.go:528.2,528.41 1 0
github.com/getkin/kin-openapi/openapi3/schema.go:528.41,530.3 1 0
github.com/getkin/kin-openapi/openapi3/schema.go:531.2,531.41 1 0
github.com/getkin/kin-openapi/openapi3/schema.go:531.41,533.3 1 0
github.com/getkin/kin-openapi/openapi3/schema.go:535.2,535.29 1 0
github.com/getkin/kin-openapi/openapi3/schema.go:535.29,537.3 1 0
github.com/getkin/kin-openapi/openapi3/schema.go:538.2,538.29 1 0
github.com/getkin/kin-openapi/openapi3/schema.go:538.29,540.3 1 0
github.com/getkin/kin-openapi/openapi3/schema.go:541.2,541.30 1 0
github.com/getkin/kin-openapi/openapi3/schema.go:541.30,543.3 1 0
github.com/getkin/kin-openapi/openapi3/schema.go:544.2,544.36 1 0
github.com/getkin/kin-openapi/openapi3/schema.go:544.36,546.3 1 0
github.com/getkin/kin-openapi/openapi3/schema.go:547.2,547.31 1 0
github.com/getkin/kin-openapi/openapi3/schema.go:547.31,549.3 1 0
github.com/getkin/kin-openapi/openapi3/schema.go:550.2,550.31 1 0
github.com/getkin/kin-openapi/openapi3/schema.go:550.31,552.3 1 0
github.com/getkin/kin-openapi/openapi3/schema.go:555.2,555.31 1 0
github.com/getkin/kin-openapi/openapi3/schema.go:555.31,557.3 1 0
github.com/getkin/kin-openapi/openapi3/schema.go:558.2,558.31 1 0
github.com/getkin/kin-openapi/openapi3/schema.go:558.31,560.3 1 0
github.com/getkin/kin-openapi/openapi3/schema.go:561.2,561.38 1 0
github.com/getkin/kin-openapi/openapi3/schema.go:561.38,563.3 1 0
github.com/getkin/kin-openapi/openapi3/schema.go:566.2,566.35 1 0
github.com/getkin/kin-openapi/openapi3/schema.go:566.35,568.3 1 0
github.com/getkin/kin-openapi/openapi3/schema.go:569.2,569.37 1 0
github.com/getkin/kin-openapi/openapi3/schema.go:569.37,571.3 1 0
github.com/getkin/kin-openapi/openapi3/schema.go:572.2,572.34 1 0
github.com/getkin/kin-openapi/openapi3/schema.go:572.34,574.3 1 0
github.com/getkin/kin-openapi/openapi3/schema.go:577.2,577.34 1 0
github.com/getkin/kin-openapi/openapi3/schema.go:577.34,579.3 1 0
github.com/getkin/kin-openapi/openapi3/schema.go:580.2,580.36 1 0
github.com/getkin/kin-openapi/openapi3/schema.go:580.36,582.3 1 0
github.com/getkin/kin-openapi/openapi3/schema.go:583.2,583.33 1 0
github.com/getkin/kin-openapi/openapi3/schema.go:583.33,585.3 1 0
github.com/getkin/kin-openapi/openapi3/schema.go:588.2,588.39 1 0
github.com/getkin/kin-openapi/openapi3/schema.go:588.39,590.3 1 0
github.com/getkin/kin-openapi/openapi3/schema.go:591.2,591.41 1 0
github.com/getkin/kin-openapi/openapi3/schema.go:591.41,593.3 1 0
github.com/getkin/kin-openapi/openapi3/schema.go:594.2,594.34 1 0
github.com/getkin/kin-openapi/openapi3/schema.go:594.34,596.3 1 0
github.com/getkin/kin-openapi/openapi3/schema.go:597.2,597.36 1 0
github.com/getkin/kin-openapi/openapi3/schema.go:597.36,599.3 1 0
github.com/getkin/kin-openapi/openapi3/schema.go:600.2,600.71 1 0
github.com/getkin/kin-openapi/openapi3/schema.go:600.71,602.3 1 0
github.com/getkin/kin-openapi/openapi3/schema.go:603.2,603.41 1 0
github.com/getkin/kin-openapi/openapi3/schema.go:603.41,605.3 1 0
github.com/getkin/kin-openapi/openapi3/schema.go:608.2,608.33 1 0
github.com/getkin/kin-openapi/openapi3/schema.go:608.33,610.3 1 0
github.com/getkin/kin-openapi/openapi3/schema.go:611.2,611.39 1 0
github.com/getkin/kin-openapi/openapi3/schema.go:611.39,613.3 1 0
github.com/getkin/kin-openapi/openapi3/schema.go:614.2,614.42 1 0
github.com/getkin/kin-openapi/openapi3/schema.go:614.42,616.3 1 0
github.com/getkin/kin-openapi/openapi3/schema.go:617.2,617.36 1 0
github.com/getkin/kin-openapi/openapi3/schema.go:617.36,619.3 1 0
github.com/getkin/kin-openapi/openapi3/schema.go:620.2,620.39 1 0
github.com/getkin/kin-openapi/openapi3/schema.go:620.39,622.3 1 0
github.com/getkin/kin-openapi/openapi3/schema.go:623.2,623.39 1 0
github.com/getkin/kin-openapi/openapi3/schema.go:623.39,625.3 1 0
github.com/getkin/kin-openapi/openapi3/schema.go:626.2,626.48 1 0
github.com/getkin/kin-openapi/openapi3/schema.go:626.48,628.3 1 0
github.com/getkin/kin-openapi/openapi3/schema.go:629.2,629.47 1 0
github.com/getkin/kin-openapi/openapi3/schema.go:629.47,631.3 1 0
github.com/getkin/kin-openapi/openapi3/schema.go:632.2,632.41 1 0
github.com/getkin/kin-openapi/openapi3/schema.go:632.41,634.3 1 0
github.com/getkin/kin-openapi/openapi3/schema.go:635.2,635.67 1 0
github.com/getkin/kin-openapi/openapi3/schema.go:635.67,637.3 1 0
github.com/getkin/kin-openapi/openapi3/schema.go:638.2,638.72 1 0
github.com/getkin/kin-openapi/openapi3/schema.go:638.72,640.3 1 0
github.com/getkin/kin-openapi/openapi3/schema.go:641.2,641.30 1 0
github.com/getkin/kin-openapi/openapi3/schema.go:641.30,643.3 1 0
github.com/getkin/kin-openapi/openapi3/schema.go:644.2,644.32 1 0
github.com/getkin/kin-openapi/openapi3/schema.go:644.32,646.3 1 0
github.com/getkin/kin-openapi/openapi3/schema.go:647.2,647.32 1 0
github.com/getkin/kin-openapi/openapi3/schema.go:647.32,649.3 1 0
github.com/getkin/kin-openapi/openapi3/schema.go:650.2,650.48 1 0
github.com/getkin/kin-openapi/openapi3/schema.go:650.48,652.3 1 0
github.com/getkin/kin-openapi/openapi3/schema.go:653.2,653.35 1 0
github.com/getkin/kin-openapi/openapi3/schema.go:653.35,655.3 1 0
github.com/getkin/kin-openapi/openapi3/schema.go:656.2,656.40 1 0
github.com/getkin/kin-openapi/openapi3/schema.go:656.40,658.3 1 0
github.com/getkin/kin-openapi/openapi3/schema.go:659.2,659.34 1 0
github.com/getkin/kin-openapi/openapi3/schema.go:659.34,661.3 1 0
github.com/getkin/kin-openapi/openapi3/schema.go:662.2,662.35 1 0
github.com/getkin/kin-openapi/openapi3/schema.go:662.35,664.3 1 0
github.com/getkin/kin-openapi/openapi3/schema.go:665.2,665.33 1 0
github.com/getkin/kin-openapi/openapi3/schema.go:665.33,667.3 1 0
github.com/getkin/kin-openapi/openapi3/schema.go:668.2,668.37 1 0
github.com/getkin/kin-openapi/openapi3/schema.go:668.37,670.3 1 0
github.com/getkin/kin-openapi/openapi3/schema.go:671.2,671.40 1 0
github.com/getkin/kin-openapi/openapi3/schema.go:671.40,673.3 1 0
github.com/getkin/kin-openapi/openapi3/schema.go:674.2,674.43 1 0
github.com/getkin/kin-openapi/openapi3/schema.go:674.43,676.3 1 0
github.com/getkin/kin-openapi/openapi3/schema.go:677.2,677.42 1 0
github.com/getkin/kin-openapi/openapi3/schema.go:677.42,679.3 1 0
github.com/getkin/kin-openapi/openapi3/schema.go:680.2,680.41 1 0
github.com/getkin/kin-openapi/openapi3/schema.go:680.41,682.3 1 0
github.com/getkin/kin-openapi/openapi3/schema.go:684.2,684.15 1 0
github.com/getkin/kin-openapi/openapi3/schema.go:688.56,691.49 3 0
github.com/getkin/kin-openapi/openapi3/schema.go:691.49,693.3 1 0
github.com/getkin/kin-openapi/openapi3/schema.go:694.2,772.28 63 0
github.com/getkin/kin-openapi/openapi3/schema.go:772.28,774.3 1 0
github.com/getkin/kin-openapi/openapi3/schema.go:776.2,777.12 2 0
github.com/getkin/kin-openapi/openapi3/schema.go:781.60,782.15 1 0
github.com/getkin/kin-openapi/openapi3/schema.go:783.30,784.67 1 0
github.com/getkin/kin-openapi/openapi3/schema.go:784.67,786.4 1 0
github.com/getkin/kin-openapi/openapi3/schema.go:787.3,787.70 1 0
github.com/getkin/kin-openapi/openapi3/schema.go:787.70,788.26 1 0
github.com/getkin/kin-openapi/openapi3/schema.go:788.26,790.5 1 0
github.com/getkin/kin-openapi/openapi3/schema.go:791.4,791.30 1 0
github.com/getkin/kin-openapi/openapi3/schema.go:793.13,794.24 1 0
github.com/getkin/kin-openapi/openapi3/schema.go:794.24,795.28 1 0
github.com/getkin/kin-openapi/openapi3/schema.go:795.28,797.5 1 0
github.com/getkin/kin-openapi/openapi3/schema.go:798.4,798.32 1 0
github.com/getkin/kin-openapi/openapi3/schema.go:800.15,801.26 1 0
github.com/getkin/kin-openapi/openapi3/schema.go:801.26,802.30 1 0
github.com/getkin/kin-openapi/openapi3/schema.go:802.30,804.5 1 0
github.com/getkin/kin-openapi/openapi3/schema.go:805.4,805.34 1 0
github.com/getkin/kin-openapi/openapi3/schema.go:807.15,808.27 1 0
github.com/getkin/kin-openapi/openapi3/schema.go:809.15,810.27 1 0
github.com/getkin/kin-openapi/openapi3/schema.go:811.15,812.27 1 0
github.com/getkin/kin-openapi/openapi3/schema.go:813.14,814.26 1 0
github.com/getkin/kin-openapi/openapi3/schema.go:815.15,816.27 1 0
github.com/getkin/kin-openapi/openapi3/schema.go:817.16,818.28 1 0
github.com/getkin/kin-openapi/openapi3/schema.go:819.21,820.33 1 0
github.com/getkin/kin-openapi/openapi3/schema.go:821.14,822.26 1 0
github.com/getkin/kin-openapi/openapi3/schema.go:823.17,824.29 1 0
github.com/getkin/kin-openapi/openapi3/schema.go:825.17,826.29 1 0
github.com/getkin/kin-openapi/openapi3/schema.go:827.22,828.34 1 0
github.com/getkin/kin-openapi/openapi3/schema.go:829.21,830.33 1 0
github.com/getkin/kin-openapi/openapi3/schema.go:831.22,832.34 1 0
github.com/getkin/kin-openapi/openapi3/schema.go:833.22,834.34 1 0
github.com/getkin/kin-openapi/openapi3/schema.go:835.18,836.30 1 0
github.com/getkin/kin-openapi/openapi3/schema.go:837.18,838.30 1 0
github.com/getkin/kin-openapi/openapi3/schema.go:839.19,840.31 1 0
github.com/getkin/kin-openapi/openapi3/schema.go:841.25,842.37 1 0
github.com/getkin/kin-openapi/openapi3/schema.go:843.13,844.25 1 0
github.com/getkin/kin-openapi/openapi3/schema.go:845.20,846.32 1 0
github.com/getkin/kin-openapi/openapi3/schema.go:847.13,848.25 1 0
github.com/getkin/kin-openapi/openapi3/schema.go:849.13,850.25 1 0
github.com/getkin/kin-openapi/openapi3/schema.go:851.20,852.32 1 0
github.com/getkin/kin-openapi/openapi3/schema.go:853.19,854.31 1 0
github.com/getkin/kin-openapi/openapi3/schema.go:855.19,856.31 1 0
github.com/getkin/kin-openapi/openapi3/schema.go:857.17,858.29 1 0
github.com/getkin/kin-openapi/openapi3/schema.go:859.18,860.30 1 0
github.com/getkin/kin-openapi/openapi3/schema.go:861.18,862.30 1 0
github.com/getkin/kin-openapi/openapi3/schema.go:863.18,864.30 1 0
github.com/getkin/kin-openapi/openapi3/schema.go:865.20,866.32 1 0
github.com/getkin/kin-openapi/openapi3/schema.go:867.18,868.30 1 0
github.com/getkin/kin-openapi/openapi3/schema.go:869.18,870.30 1 0
github.com/getkin/kin-openapi/openapi3/schema.go:871.23,872.35 1 0
github.com/getkin/kin-openapi/openapi3/schema.go:875.15,876.27 1 0
github.com/getkin/kin-openapi/openapi3/schema.go:877.18,878.30 1 0
github.com/getkin/kin-openapi/openapi3/schema.go:879.21,880.33 1 0
github.com/getkin/kin-openapi/openapi3/schema.go:881.18,882.29 1 0
github.com/getkin/kin-openapi/openapi3/schema.go:882.29,883.33 1 0
github.com/getkin/kin-openapi/openapi3/schema.go:883.33,885.5 1 0
github.com/getkin/kin-openapi/openapi3/schema.go:886.4,886.37 1 0
github.com/getkin/kin-openapi/openapi3/schema.go:888.21,889.33 1 0
github.com/getkin/kin-openapi/openapi3/schema.go:890.21,891.33 1 0
github.com/getkin/kin-openapi/openapi3/schema.go:892.27,893.39 1 0
github.com/getkin/kin-openapi/openapi3/schema.go:894.26,895.38 1 0
github.com/getkin/kin-openapi/openapi3/schema.go:896.23,897.34 1 0
github.com/getkin/kin-openapi/openapi3/schema.go:897.34,898.38 1 0
github.com/getkin/kin-openapi/openapi3/schema.go:898.38,900.5 1 0
github.com/getkin/kin-openapi/openapi3/schema.go:901.4,901.42 1 0
github.com/getkin/kin-openapi/openapi3/schema.go:903.26,904.51 1 0
github.com/getkin/kin-openapi/openapi3/schema.go:904.51,906.4 1 0
github.com/getkin/kin-openapi/openapi3/schema.go:907.3,907.54 1 0
github.com/getkin/kin-openapi/openapi3/schema.go:907.54,908.20 1 0
github.com/getkin/kin-openapi/openapi3/schema.go:908.20,910.5 1 0
github.com/getkin/kin-openapi/openapi3/schema.go:911.4,911.24 1 0
github.com/getkin/kin-openapi/openapi3/schema.go:913.31,914.56 1 0
github.com/getkin/kin-openapi/openapi3/schema.go:914.56,916.4 1 0
github.com/getkin/kin-openapi/openapi3/schema.go:917.3,917.59 1 0
github.com/getkin/kin-openapi/openapi3/schema.go:917.59,918.20 1 0
github.com/getkin/kin-openapi/openapi3/schema.go:918.20,920.5 1 0
github.com/getkin/kin-openapi/openapi3/schema.go:921.4,921.24 1 0
github.com/getkin/kin-openapi/openapi3/schema.go:923.12,924.23 1 0
github.com/getkin/kin-openapi/openapi3/schema.go:924.23,925.27 1 0
github.com/getkin/kin-openapi/openapi3/schema.go:925.27,927.5 1 0
github.com/getkin/kin-openapi/openapi3/schema.go:928.4,928.31 1 0
github.com/getkin/kin-openapi/openapi3/schema.go:930.14,931.25 1 0
github.com/getkin/kin-openapi/openapi3/schema.go:931.25,932.29 1 0
github.com/getkin/kin-openapi/openapi3/schema.go:932.29,934.5 1 0
github.com/getkin/kin-openapi/openapi3/schema.go:935.4,935.33 1 0
github.com/getkin/kin-openapi/openapi3/schema.go:937.14,938.25 1 0
github.com/getkin/kin-openapi/openapi3/schema.go:938.25,939.29 1 0
github.com/getkin/kin-openapi/openapi3/schema.go:939.29,941.5 1 0
github.com/getkin/kin-openapi/openapi3/schema.go:942.4,942.33 1 0
github.com/getkin/kin-openapi/openapi3/schema.go:944.27,945.39 1 0
github.com/getkin/kin-openapi/openapi3/schema.go:946.15,947.26 1 0
github.com/getkin/kin-openapi/openapi3/schema.go:948.17,949.35 1 0
github.com/getkin/kin-openapi/openapi3/schema.go:950.18,951.29 1 0
github.com/getkin/kin-openapi/openapi3/schema.go:952.13,953.30 1 0
github.com/getkin/kin-openapi/openapi3/schema.go:954.17,955.28 1 0
github.com/getkin/kin-openapi/openapi3/schema.go:956.21,957.32 1 0
github.com/getkin/kin-openapi/openapi3/schema.go:958.24,959.35 1 0
github.com/getkin/kin-openapi/openapi3/schema.go:960.26,961.38 1 0
github.com/getkin/kin-openapi/openapi3/schema.go:962.25,963.37 1 0
github.com/getkin/kin-openapi/openapi3/schema.go:964.23,965.34 1 0
github.com/getkin/kin-openapi/openapi3/schema.go:965.34,966.38 1 0
github.com/getkin/kin-openapi/openapi3/schema.go:966.38,968.5 1 0
github.com/getkin/kin-openapi/openapi3/schema.go:969.4,969.42 1 0
github.com/getkin/kin-openapi/openapi3/schema.go:973.2,974.15 2 0
github.com/getkin/kin-openapi/openapi3/schema.go:977.43,981.2 1 0
github.com/getkin/kin-openapi/openapi3/schema.go:983.49,985.33 2 0
github.com/getkin/kin-openapi/openapi3/schema.go:985.33,987.3 1 0
github.com/getkin/kin-openapi/openapi3/schema.go:988.2,990.3 1 0
github.com/getkin/kin-openapi/openapi3/schema.go:993.49,995.33 2 0
github.com/getkin/kin-openapi/openapi3/schema.go:995.33,997.3 1 0
github.com/getkin/kin-openapi/openapi3/schema.go:998.2,1000.3 1 0
github.com/getkin/kin-openapi/openapi3/schema.go:1003.49,1005.33 2 0
github.com/getkin/kin-openapi/openapi3/schema.go:1005.33,1007.3 1 0
github.com/getkin/kin-openapi/openapi3/schema.go:1008.2,1010.3 1 0
github.com/getkin/kin-openapi/openapi3/schema.go:1013.30,1017.2 1 0
github.com/getkin/kin-openapi/openapi3/schema.go:1019.33,1023.2 1 0
github.com/getkin/kin-openapi/openapi3/schema.go:1025.33,1029.2 1 0
github.com/getkin/kin-openapi/openapi3/schema.go:1031.31,1036.2 1 0
github.com/getkin/kin-openapi/openapi3/schema.go:1038.31,1043.2 1 0
github.com/getkin/kin-openapi/openapi3/schema.go:1045.32,1049.2 1 0
github.com/getkin/kin-openapi/openapi3/schema.go:1051.34,1056.2 1 0
github.com/getkin/kin-openapi/openapi3/schema.go:1058.30,1063.2 1 0
github.com/getkin/kin-openapi/openapi3/schema.go:1065.31,1070.2 1 0
github.com/getkin/kin-openapi/openapi3/schema.go:1072.31,1076.2 1 0
github.com/getkin/kin-openapi/openapi3/schema.go:1078.32,1083.2 1 0
github.com/getkin/kin-openapi/openapi3/schema.go:1085.46,1088.2 2 0
github.com/getkin/kin-openapi/openapi3/schema.go:1090.54,1093.2 2 0
github.com/getkin/kin-openapi/openapi3/schema.go:1095.54,1098.2 2 0
github.com/getkin/kin-openapi/openapi3/schema.go:1101.60,1104.2 2 0
github.com/getkin/kin-openapi/openapi3/schema.go:1107.60,1110.2 2 0
github.com/getkin/kin-openapi/openapi3/schema.go:1113.68,1116.2 2 0
github.com/getkin/kin-openapi/openapi3/schema.go:1119.68,1122.2 2 0
github.com/getkin/kin-openapi/openapi3/schema.go:1124.55,1127.2 2 0
github.com/getkin/kin-openapi/openapi3/schema.go:1129.61,1132.2 2 0
github.com/getkin/kin-openapi/openapi3/schema.go:1134.56,1137.2 2 0
github.com/getkin/kin-openapi/openapi3/schema.go:1139.51,1144.2 4 0
github.com/getkin/kin-openapi/openapi3/schema.go:1146.54,1150.2 3 0
github.com/getkin/kin-openapi/openapi3/schema.go:1152.54,1156.2 3 0
github.com/getkin/kin-openapi/openapi3/schema.go:1158.64,1164.2 5 0
github.com/getkin/kin-openapi/openapi3/schema.go:1166.67,1170.2 3 0
github.com/getkin/kin-openapi/openapi3/schema.go:1172.67,1176.2 3 0
github.com/getkin/kin-openapi/openapi3/schema.go:1178.59,1181.2 2 0
github.com/getkin/kin-openapi/openapi3/schema.go:1183.56,1188.2 2 0
github.com/getkin/kin-openapi/openapi3/schema.go:1190.53,1194.2 3 0
github.com/getkin/kin-openapi/openapi3/schema.go:1196.53,1200.2 3 0
github.com/getkin/kin-openapi/openapi3/schema.go:1202.60,1205.2 2 0
github.com/getkin/kin-openapi/openapi3/schema.go:1207.81,1211.2 1 0
github.com/getkin/kin-openapi/openapi3/schema.go:1213.76,1214.30 1 0
github.com/getkin/kin-openapi/openapi3/schema.go:1214.30,1216.3 1 0
github.com/getkin/kin-openapi/openapi3/schema.go:1217.2,1218.15 2 0
github.com/getkin/kin-openapi/openapi3/schema.go:1221.77,1223.31 2 0
github.com/getkin/kin-openapi/openapi3/schema.go:1223.31,1227.3 1 0
github.com/getkin/kin-openapi/openapi3/schema.go:1228.2,1229.15 2 0
github.com/getkin/kin-openapi/openapi3/schema.go:1232.63,1235.2 2 0
github.com/getkin/kin-openapi/openapi3/schema.go:1237.58,1241.2 3 0
github.com/getkin/kin-openapi/openapi3/schema.go:1243.58,1247.2 3 0
github.com/getkin/kin-openapi/openapi3/schema.go:1249.61,1252.2 2 0
github.com/getkin/kin-openapi/openapi3/schema.go:1254.61,1257.2 2 0
github.com/getkin/kin-openapi/openapi3/schema.go:1259.67,1261.14 2 0
github.com/getkin/kin-openapi/openapi3/schema.go:1261.14,1263.3 1 0
github.com/getkin/kin-openapi/openapi3/schema.go:1264.2,1264.15 1 0
github.com/getkin/kin-openapi/openapi3/schema.go:1267.42,1269.2 1 0
github.com/getkin/kin-openapi/openapi3/schema.go:1272.38,1281.23 1 0
github.com/getkin/kin-openapi/openapi3/schema.go:1281.23,1283.3 1 0
github.com/getkin/kin-openapi/openapi3/schema.go:1284.2,1284.71 1 0
github.com/getkin/kin-openapi/openapi3/schema.go:1284.71,1286.3 1 0
github.com/getkin/kin-openapi/openapi3/schema.go:1287.2,1287.99 1 0
github.com/getkin/kin-openapi/openapi3/schema.go:1287.99,1289.3 1 0
github.com/getkin/kin-openapi/openapi3/schema.go:1290.2,1290.65 1 0
github.com/getkin/kin-openapi/openapi3/schema.go:1290.65,1292.3 1 0
github.com/getkin/kin-openapi/openapi3/schema.go:1293.2,1293.89 1 0
github.com/getkin/kin-openapi/openapi3/schema.go:1293.89,1295.3 1 0
github.com/getkin/kin-openapi/openapi3/schema.go:1296.2,1296.39 1 0
github.com/getkin/kin-openapi/openapi3/schema.go:1296.39,1297.48 1 0
github.com/getkin/kin-openapi/openapi3/schema.go:1297.48,1299.4 1 0
github.com/getkin/kin-openapi/openapi3/schema.go:1301.2,1301.76 1 0
github.com/getkin/kin-openapi/openapi3/schema.go:1301.76,1303.3 1 0
github.com/getkin/kin-openapi/openapi3/schema.go:1304.2,1304.60 1 0
github.com/getkin/kin-openapi/openapi3/schema.go:1304.60,1306.3 1 0
github.com/getkin/kin-openapi/openapi3/schema.go:1307.2,1307.38 1 0
github.com/getkin/kin-openapi/openapi3/schema.go:1307.38,1308.48 1 0
github.com/getkin/kin-openapi/openapi3/schema.go:1308.48,1310.4 1 0
github.com/getkin/kin-openapi/openapi3/schema.go:1312.2,1312.45 1 0
github.com/getkin/kin-openapi/openapi3/schema.go:1312.45,1313.48 1 0
github.com/getkin/kin-openapi/openapi3/schema.go:1313.48,1315.4 1 0
github.com/getkin/kin-openapi/openapi3/schema.go:1317.2,1317.44 1 0
github.com/getkin/kin-openapi/openapi3/schema.go:1317.44,1318.48 1 0
github.com/getkin/kin-openapi/openapi3/schema.go:1318.48,1320.4 1 0
github.com/getkin/kin-openapi/openapi3/schema.go:1322.2,1322.85 1 0
github.com/getkin/kin-openapi/openapi3/schema.go:1322.85,1324.3 1 0
github.com/getkin/kin-openapi/openapi3/schema.go:1325.2,1325.95 1 0
github.com/getkin/kin-openapi/openapi3/schema.go:1325.95,1327.3 1 0
github.com/getkin/kin-openapi/openapi3/schema.go:1328.2,1328.61 1 0
github.com/getkin/kin-openapi/openapi3/schema.go:1328.61,1330.3 1 0
github.com/getkin/kin-openapi/openapi3/schema.go:1331.2,1331.100 1 0
github.com/getkin/kin-openapi/openapi3/schema.go:1331.100,1333.3 1 0
github.com/getkin/kin-openapi/openapi3/schema.go:1334.2,1334.66 1 0
github.com/getkin/kin-openapi/openapi3/schema.go:1334.66,1336.3 1 0
github.com/getkin/kin-openapi/openapi3/schema.go:1337.2,1337.31 1 0
github.com/getkin/kin-openapi/openapi3/schema.go:1337.31,1339.3 1 0
github.com/getkin/kin-openapi/openapi3/schema.go:1340.2,1340.33 1 0
github.com/getkin/kin-openapi/openapi3/schema.go:1340.33,1341.48 1 0
github.com/getkin/kin-openapi/openapi3/schema.go:1341.48,1343.4 1 0
github.com/getkin/kin-openapi/openapi3/schema.go:1345.2,1345.33 1 0
github.com/getkin/kin-openapi/openapi3/schema.go:1345.33,1346.48 1 0
github.com/getkin/kin-openapi/openapi3/schema.go:1346.48,1348.4 1 0
github.com/getkin/kin-openapi/openapi3/schema.go:1350.2,1350.33 1 0
github.com/getkin/kin-openapi/openapi3/schema.go:1350.33,1351.48 1 0
github.com/getkin/kin-openapi/openapi3/schema.go:1351.48,1353.4 1 0
github.com/getkin/kin-openapi/openapi3/schema.go:1355.2,1355.70 1 0
github.com/getkin/kin-openapi/openapi3/schema.go:1355.70,1357.3 1 0
github.com/getkin/kin-openapi/openapi3/schema.go:1358.2,1358.72 1 0
github.com/getkin/kin-openapi/openapi3/schema.go:1358.72,1360.3 1 0
github.com/getkin/kin-openapi/openapi3/schema.go:1361.2,1361.72 1 0
github.com/getkin/kin-openapi/openapi3/schema.go:1361.72,1363.3 1 0
github.com/getkin/kin-openapi/openapi3/schema.go:1364.2,1364.40 1 0
github.com/getkin/kin-openapi/openapi3/schema.go:1364.40,1366.3 1 0
github.com/getkin/kin-openapi/openapi3/schema.go:1367.2,1367.27 1 0
github.com/getkin/kin-openapi/openapi3/schema.go:1367.27,1369.3 1 0
github.com/getkin/kin-openapi/openapi3/schema.go:1370.2,1370.56 1 0
github.com/getkin/kin-openapi/openapi3/schema.go:1370.56,1372.3 1 0
github.com/getkin/kin-openapi/openapi3/schema.go:1373.2,1373.107 1 0
github.com/getkin/kin-openapi/openapi3/schema.go:1373.107,1375.3 1 0
github.com/getkin/kin-openapi/openapi3/schema.go:1376.2,1376.67 1 0
github.com/getkin/kin-openapi/openapi3/schema.go:1376.67,1378.3 1 0
github.com/getkin/kin-openapi/openapi3/schema.go:1379.2,1379.85 1 0
github.com/getkin/kin-openapi/openapi3/schema.go:1379.85,1381.3 1 0
github.com/getkin/kin-openapi/openapi3/schema.go:1382.2,1382.13 1 0
github.com/getkin/kin-openapi/openapi3/schema.go:1386.85,1393.2 3 0
github.com/getkin/kin-openapi/openapi3/schema.go:1396.89,1397.36 1 0
github.com/getkin/kin-openapi/openapi3/schema.go:1397.36,1399.3 1 0
github.com/getkin/kin-openapi/openapi3/schema.go:1401.2,1405.41 3 0
github.com/getkin/kin-openapi/openapi3/schema.go:1405.41,1407.3 1 0
github.com/getkin/kin-openapi/openapi3/schema.go:1411.2,1411.30 1 0
github.com/getkin/kin-openapi/openapi3/schema.go:1411.30,1413.40 2 0
github.com/getkin/kin-openapi/openapi3/schema.go:1413.40,1414.33 1 0
github.com/getkin/kin-openapi/openapi3/schema.go:1414.33,1416.5 1 0
github.com/getkin/kin-openapi/openapi3/schema.go:1417.4,1417.27 1 0
github.com/getkin/kin-openapi/openapi3/schema.go:1426.2,1426.40 1 0
github.com/getkin/kin-openapi/openapi3/schema.go:1426.40,1428.38 2 0
github.com/getkin/kin-openapi/openapi3/schema.go:1428.38,1429.35 1 0
github.com/getkin/kin-openapi/openapi3/schema.go:1429.35,1431.5 1 0
github.com/getkin/kin-openapi/openapi3/schema.go:1432.4,1432.50 1 0
github.com/getkin/kin-openapi/openapi3/schema.go:1434.3,1434.26 1 0
github.com/getkin/kin-openapi/openapi3/schema.go:1434.26,1435.42 1 0
github.com/getkin/kin-openapi/openapi3/schema.go:1435.42,1437.5 1 0
github.com/getkin/kin-openapi/openapi3/schema.go:1439.3,1439.32 1 0
github.com/getkin/kin-openapi/openapi3/schema.go:1439.32,1440.45 1 0
github.com/getkin/kin-openapi/openapi3/schema.go:1440.45,1442.5 1 0
github.com/getkin/kin-openapi/openapi3/schema.go:1444.3,1444.35 1 0
github.com/getkin/kin-openapi/openapi3/schema.go:1444.35,1445.48 1 0
github.com/getkin/kin-openapi/openapi3/schema.go:1445.48,1447.5 1 0
github.com/getkin/kin-openapi/openapi3/schema.go:1449.3,1449.29 1 0
github.com/getkin/kin-openapi/openapi3/schema.go:1449.29,1450.45 1 0
github.com/getkin/kin-openapi/openapi3/schema.go:1450.45,1452.5 1 0
github.com/getkin/kin-openapi/openapi3/schema.go:1454.3,1454.32 1 0
github.com/getkin/kin-openapi/openapi3/schema.go:1454.32,1455.48 1 0
github.com/getkin/kin-openapi/openapi3/schema.go:1455.48,1457.5 1 0
github.com/getkin/kin-openapi/openapi3/schema.go:1459.3,1459.32 1 0
github.com/getkin/kin-openapi/openapi3/schema.go:1459.32,1460.48 1 0
github.com/getkin/kin-openapi/openapi3/schema.go:1460.48,1462.5 1 0
github.com/getkin/kin-openapi/openapi3/schema.go:1464.3,1464.41 1 0
github.com/getkin/kin-openapi/openapi3/schema.go:1464.41,1465.54 1 0
github.com/getkin/kin-openapi/openapi3/schema.go:1465.54,1467.5 1 0
github.com/getkin/kin-openapi/openapi3/schema.go:1469.3,1469.40 1 0
github.com/getkin/kin-openapi/openapi3/schema.go:1469.40,1470.53 1 0
github.com/getkin/kin-openapi/openapi3/schema.go:1470.53,1472.5 1 0
github.com/getkin/kin-openapi/openapi3/schema.go:1474.3,1474.34 1 0
github.com/getkin/kin-openapi/openapi3/schema.go:1474.34,1475.50 1 0
github.com/getkin/kin-openapi/openapi3/schema.go:1475.50,1477.5 1 0
github.com/getkin/kin-openapi/openapi3/schema.go:1479.3,1479.82 1 0
github.com/getkin/kin-openapi/openapi3/schema.go:1479.82,1480.53 1 0
github.com/getkin/kin-openapi/openapi3/schema.go:1480.53,1482.5 1 0
github.com/getkin/kin-openapi/openapi3/schema.go:1484.3,1484.92 1 0
github.com/getkin/kin-openapi/openapi3/schema.go:1484.92,1485.58 1 0
github.com/getkin/kin-openapi/openapi3/schema.go:1485.58,1487.5 1 0
github.com/getkin/kin-openapi/openapi3/schema.go:1489.3,1489.23 1 0
github.com/getkin/kin-openapi/openapi3/schema.go:1489.23,1490.39 1 0
github.com/getkin/kin-openapi/openapi3/schema.go:1490.39,1492.5 1 0
github.com/getkin/kin-openapi/openapi3/schema.go:1494.3,1494.25 1 0
github.com/getkin/kin-openapi/openapi3/schema.go:1494.25,1495.41 1 0
github.com/getkin/kin-openapi/openapi3/schema.go:1495.41,1497.5 1 0
github.com/getkin/kin-openapi/openapi3/schema.go:1499.3,1499.25 1 0
github.com/getkin/kin-openapi/openapi3/schema.go:1499.25,1500.41 1 0
github.com/getkin/kin-openapi/openapi3/schema.go:1500.41,1502.5 1 0
github.com/getkin/kin-openapi/openapi3/schema.go:1504.3,1504.41 1 0
github.com/getkin/kin-openapi/openapi3/schema.go:1504.41,1505.54 1 0
github.com/getkin/kin-openapi/openapi3/schema.go:1505.54,1507.5 1 0
github.com/getkin/kin-openapi/openapi3/schema.go:1509.3,1509.28 1 0
github.com/getkin/kin-openapi/openapi3/schema.go:1509.28,1510.42 1 0
github.com/getkin/kin-openapi/openapi3/schema.go:1510.42,1512.5 1 0
github.com/getkin/kin-openapi/openapi3/schema.go:1514.3,1514.33 1 0
github.com/getkin/kin-openapi/openapi3/schema.go:1514.33,1515.44 1 0
github.com/getkin/kin-openapi/openapi3/schema.go:1515.44,1517.5 1 0
github.com/getkin/kin-openapi/openapi3/schema.go:1519.3,1519.27 1 0
github.com/getkin/kin-openapi/openapi3/schema.go:1519.27,1520.45 1 0
github.com/getkin/kin-openapi/openapi3/schema.go:1520.45,1522.5 1 0
github.com/getkin/kin-openapi/openapi3/schema.go:1524.3,1524.28 1 0
github.com/getkin/kin-openapi/openapi3/schema.go:1524.28,1525.40 1 0
github.com/getkin/kin-openapi/openapi3/schema.go:1525.40,1527.5 1 0
github.com/getkin/kin-openapi/openapi3/schema.go:1529.3,1529.26 1 0
github.com/getkin/kin-openapi/openapi3/schema.go:1529.26,1530.44 1 0
github.com/getkin/kin-openapi/openapi3/schema.go:1530.44,1532.5 1 0
github.com/getkin/kin-openapi/openapi3/schema.go:1534.3,1534.30 1 0
github.com/getkin/kin-openapi/openapi3/schema.go:1534.30,1535.48 1 0
github.com/getkin/kin-openapi/openapi3/schema.go:1535.48,1537.5 1 0
github.com/getkin/kin-openapi/openapi3/schema.go:1539.3,1539.33 1 0
github.com/getkin/kin-openapi/openapi3/schema.go:1539.33,1540.51 1 0
github.com/getkin/kin-openapi/openapi3/schema.go:1540.51,1542.5 1 0
github.com/getkin/kin-openapi/openapi3/schema.go:1544.3,1544.36 1 0
github.com/getkin/kin-openapi/openapi3/schema.go:1544.36,1545.53 1 0
github.com/getkin/kin-openapi/openapi3/schema.go:1545.53,1547.5 1 0
github.com/getkin/kin-openapi/openapi3/schema.go:1549.3,1549.35 1 0
github.com/getkin/kin-openapi/openapi3/schema.go:1549.35,1550.52 1 0
github.com/getkin/kin-openapi/openapi3/schema.go:1550.52,1552.5 1 0
github.com/getkin/kin-openapi/openapi3/schema.go:1554.3,1554.34 1 0
github.com/getkin/kin-openapi/openapi3/schema.go:1554.34,1555.50 1 0
github.com/getkin/kin-openapi/openapi3/schema.go:1555.50,1557.5 1 0
github.com/getkin/kin-openapi/openapi3/schema.go:1561.2,1561.36 1 0
github.com/getkin/kin-openapi/openapi3/schema.go:1561.36,1563.15 2 0
github.com/getkin/kin-openapi/openapi3/schema.go:1563.15,1565.4 1 0
github.com/getkin/kin-openapi/openapi3/schema.go:1567.3,1568.54 2 0
github.com/getkin/kin-openapi/openapi3/schema.go:1568.54,1570.4 1 0
github.com/getkin/kin-openapi/openapi3/schema.go:1573.2,1573.36 1 0
github.com/getkin/kin-openapi/openapi3/schema.go:1573.36,1575.15 2 0
github.com/getkin/kin-openapi/openapi3/schema.go:1575.15,1577.4 1 0
github.com/getkin/kin-openapi/openapi3/schema.go:1579.3,1580.54 2 0
github.com/getkin/kin-openapi/openapi3/schema.go:1580.54,1582.4 1 0
github.com/getkin/kin-openapi/openapi3/schema.go:1585.2,1585.36 1 0
github.com/getkin/kin-openapi/openapi3/schema.go:1585.36,1587.15 2 0
github.com/getkin/kin-openapi/openapi3/schema.go:1587.15,1589.4 1 0
github.com/getkin/kin-openapi/openapi3/schema.go:1591.3,1592.54 2 0
github.com/getkin/kin-openapi/openapi3/schema.go:1592.54,1594.4 1 0
github.com/getkin/kin-openapi/openapi3/schema.go:1597.2,1597.35 1 0
github.com/getkin/kin-openapi/openapi3/schema.go:1597.35,1599.15 2 0
github.com/getkin/kin-openapi/openapi3/schema.go:1599.15,1601.4 1 0
github.com/getkin/kin-openapi/openapi3/schema.go:1603.3,1604.54 2 0
github.com/getkin/kin-openapi/openapi3/schema.go:1604.54,1606.4 1 0
github.com/getkin/kin-openapi/openapi3/schema.go:1609.2,1609.34 1 0
github.com/getkin/kin-openapi/openapi3/schema.go:1609.34,1611.15 2 0
github.com/getkin/kin-openapi/openapi3/schema.go:1611.15,1613.4 1 0
github.com/getkin/kin-openapi/openapi3/schema.go:1614.3,1615.54 2 0
github.com/getkin/kin-openapi/openapi3/schema.go:1615.54,1617.4 1 0
github.com/getkin/kin-openapi/openapi3/schema.go:1619.2,1619.36 1 0
github.com/getkin/kin-openapi/openapi3/schema.go:1619.36,1621.15 2 0
github.com/getkin/kin-openapi/openapi3/schema.go:1621.15,1623.4 1 0
github.com/getkin/kin-openapi/openapi3/schema.go:1624.3,1625.54 2 0
github.com/getkin/kin-openapi/openapi3/schema.go:1625.54,1627.4 1 0
github.com/getkin/kin-openapi/openapi3/schema.go:1629.2,1629.36 1 0
github.com/getkin/kin-openapi/openapi3/schema.go:1629.36,1631.15 2 0
github.com/getkin/kin-openapi/openapi3/schema.go:1631.15,1633.4 1 0
github.com/getkin/kin-openapi/openapi3/schema.go:1634.3,1635.54 2 0
github.com/getkin/kin-openapi/openapi3/schema.go:1635.54,1637.4 1 0
github.com/getkin/kin-openapi/openapi3/schema.go:1640.2,1640.49 1 0
github.com/getkin/kin-openapi/openapi3/schema.go:1640.49,1641.21 1 0
github.com/getkin/kin-openapi/openapi3/schema.go:1642.20,1642.20 0 0
github.com/getkin/kin-openapi/openapi3/schema.go:1643.19,1644.48 1 0
github.com/getkin/kin-openapi/openapi3/schema.go:1644.48,1645.19 1 0
github.com/getkin/kin-openapi/openapi3/schema.go:1646.28,1646.28 0 0
github.com/getkin/kin-openapi/openapi3/schema.go:1647.13,1648.99 1 0
github.com/getkin/kin-openapi/openapi3/schema.go:1648.99,1650.7 1 0
github.com/getkin/kin-openapi/openapi3/schema.go:1653.20,1654.48 1 0
github.com/getkin/kin-openapi/openapi3/schema.go:1654.48,1655.19 1 0
github.com/getkin/kin-openapi/openapi3/schema.go:1656.27,1656.27 0 0
github.com/getkin/kin-openapi/openapi3/schema.go:1657.13,1658.100 1 0
github.com/getkin/kin-openapi/openapi3/schema.go:1658.100,1660.7 1 0
github.com/getkin/kin-openapi/openapi3/schema.go:1663.19,1664.48 1 0
github.com/getkin/kin-openapi/openapi3/schema.go:1664.48,1665.19 1 0
github.com/getkin/kin-openapi/openapi3/schema.go:1668.60,1668.60 0 0
github.com/getkin/kin-openapi/openapi3/schema.go:1671.78,1671.78 0 0
github.com/getkin/kin-openapi/openapi3/schema.go:1672.67,1672.67 0 0
github.com/getkin/kin-openapi/openapi3/schema.go:1675.29,1675.29 0 0
github.com/getkin/kin-openapi/openapi3/schema.go:1677.70,1677.70 0 0
github.com/getkin/kin-openapi/openapi3/schema.go:1678.13,1679.99 1 0
github.com/getkin/kin-openapi/openapi3/schema.go:1679.99,1681.7 1 0
github.com/getkin/kin-openapi/openapi3/schema.go:1684.4,1684.79 1 0
github.com/getkin/kin-openapi/openapi3/schema.go:1684.79,1685.86 1 0
github.com/getkin/kin-openapi/openapi3/schema.go:1685.86,1687.6 1 0
github.com/getkin/kin-openapi/openapi3/schema.go:1689.18,1690.110 1 0
github.com/getkin/kin-openapi/openapi3/schema.go:1690.110,1692.5 1 0
github.com/getkin/kin-openapi/openapi3/schema.go:1693.19,1693.19 0 0
github.com/getkin/kin-openapi/openapi3/schema.go:1694.17,1695.55 1 0
github.com/getkin/kin-openapi/openapi3/schema.go:1695.55,1697.5 1 0
github.com/getkin/kin-openapi/openapi3/schema.go:1698.11,1699.63 1 0
github.com/getkin/kin-openapi/openapi3/schema.go:1703.2,1703.37 1 0
github.com/getkin/kin-openapi/openapi3/schema.go:1703.37,1704.49 1 0
github.com/getkin/kin-openapi/openapi3/schema.go:1704.49,1706.4 1 0
github.com/getkin/kin-openapi/openapi3/schema.go:1707.3,1708.15 2 0
github.com/getkin/kin-openapi/openapi3/schema.go:1708.15,1710.4 1 0
github.com/getkin/kin-openapi/openapi3/schema.go:1712.3,1713.54 2 0
github.com/getkin/kin-openapi/openapi3/schema.go:1713.54,1715.4 1 0
github.com/getkin/kin-openapi/openapi3/schema.go:1718.2,1718.57 1 0
github.com/getkin/kin-openapi/openapi3/schema.go:1718.57,1720.49 2 0
github.com/getkin/kin-openapi/openapi3/schema.go:1720.49,1722.4 1 0
github.com/getkin/kin-openapi/openapi3/schema.go:1723.3,1724.15 2 0
github.com/getkin/kin-openapi/openapi3/schema.go:1724.15,1726.4 1 0
github.com/getkin/kin-openapi/openapi3/schema.go:1728.3,1729.54 2 0
github.com/getkin/kin-openapi/openapi3/schema.go:1729.54,1731.4 1 0
github.com/getkin/kin-openapi/openapi3/schema.go:1734.2,1734.89 1 0
github.com/getkin/kin-openapi/openapi3/schema.go:1734.89,1736.3 1 0
github.com/getkin/kin-openapi/openapi3/schema.go:1737.2,1737.59 1 0
github.com/getkin/kin-openapi/openapi3/schema.go:1737.59,1738.49 1 0
github.com/getkin/kin-openapi/openapi3/schema.go:1738.49,1740.4 1 0
github.com/getkin/kin-openapi/openapi3/schema.go:1741.3,1742.15 2 0
github.com/getkin/kin-openapi/openapi3/schema.go:1742.15,1744.4 1 0
github.com/getkin/kin-openapi/openapi3/schema.go:1746.3,1747.54 2 0
github.com/getkin/kin-openapi/openapi3/schema.go:1747.54,1749.4 1 0
github.com/getkin/kin-openapi/openapi3/schema.go:1753.2,1753.41 1 0
github.com/getkin/kin-openapi/openapi3/schema.go:1753.41,1754.49 1 0
github.com/getkin/kin-openapi/openapi3/schema.go:1754.49,1756.4 1 0
github.com/getkin/kin-openapi/openapi3/schema.go:1757.3,1758.15 2 0
github.com/getkin/kin-openapi/openapi3/schema.go:1758.15,1760.4 1 0
github.com/getkin/kin-openapi/openapi3/schema.go:1762.3,1763.54 2 0
github.com/getkin/kin-openapi/openapi3/schema.go:1763.54,1765.4 1 0
github.com/getkin/kin-openapi/openapi3/schema.go:1767.2,1767.40 1 0
github.com/getkin/kin-openapi/openapi3/schema.go:1767.40,1768.49 1 0
github.com/getkin/kin-openapi/openapi3/schema.go:1768.49,1770.4 1 0
github.com/getkin/kin-openapi/openapi3/schema.go:1771.3,1772.15 2 0
github.com/getkin/kin-openapi/openapi3/schema.go:1772.15,1774.4 1 0
github.com/getkin/kin-openapi/openapi3/schema.go:1776.3,1777.54 2 0
github.com/getkin/kin-openapi/openapi3/schema.go:1777.54,1779.4 1 0
github.com/getkin/kin-openapi/openapi3/schema.go:1781.2,1781.64 1 0
github.com/getkin/kin-openapi/openapi3/schema.go:1781.64,1783.49 2 0
github.com/getkin/kin-openapi/openapi3/schema.go:1783.49,1785.4 1 0
github.com/getkin/kin-openapi/openapi3/schema.go:1786.3,1787.15 2 0
github.com/getkin/kin-openapi/openapi3/schema.go:1787.15,1789.4 1 0
github.com/getkin/kin-openapi/openapi3/schema.go:1791.3,1792.54 2 0
github.com/getkin/kin-openapi/openapi3/schema.go:1792.54,1794.4 1 0
github.com/getkin/kin-openapi/openapi3/schema.go:1796.2,1796.63 1 0
github.com/getkin/kin-openapi/openapi3/schema.go:1796.63,1798.49 2 0
github.com/getkin/kin-openapi/openapi3/schema.go:1798.49,1800.4 1 0
github.com/getkin/kin-openapi/openapi3/schema.go:1801.3,1802.15 2 0
github.com/getkin/kin-openapi/openapi3/schema.go:1802.15,1804.4 1 0
github.com/getkin/kin-openapi/openapi3/schema.go:1806.3,1807.54 2 0
github.com/getkin/kin-openapi/openapi3/schema.go:1807.54,1809.4 1 0
github.com/getkin/kin-openapi/openapi3/schema.go:1811.2,1811.51 1 0
github.com/getkin/kin-openapi/openapi3/schema.go:1811.51,1813.49 2 0
github.com/getkin/kin-openapi/openapi3/schema.go:1813.49,1815.4 1 0
github.com/getkin/kin-openapi/openapi3/schema.go:1816.3,1817.15 2 0
github.com/getkin/kin-openapi/openapi3/schema.go:1817.15,1819.4 1 0
github.com/getkin/kin-openapi/openapi3/schema.go:1821.3,1822.54 2 0
github.com/getkin/kin-openapi/openapi3/schema.go:1822.54,1824.4 1 0
github.com/getkin/kin-openapi/openapi3/schema.go:1826.2,1826.45 1 0
github.com/getkin/kin-openapi/openapi3/schema.go:1826.45,1827.49 1 0
github.com/getkin/kin-openapi/openapi3/schema.go:1827.49,1829.4 1 0
github.com/getkin/kin-openapi/openapi3/schema.go:1830.3,1831.15 2 0
github.com/getkin/kin-openapi/openapi3/schema.go:1831.15,1833.4 1 0
github.com/getkin/kin-openapi/openapi3/schema.go:1835.3,1836.54 2 0
github.com/getkin/kin-openapi/openapi3/schema.go:1836.54,1838.4 1 0
github.com/getkin/kin-openapi/openapi3/schema.go:1840.2,1840.81 1 0
github.com/getkin/kin-openapi/openapi3/schema.go:1840.81,1842.3 1 0
github.com/getkin/kin-openapi/openapi3/schema.go:1843.2,1843.55 1 0
github.com/getkin/kin-openapi/openapi3/schema.go:1843.55,1844.49 1 0
github.com/getkin/kin-openapi/openapi3/schema.go:1844.49,1846.4 1 0
github.com/getkin/kin-openapi/openapi3/schema.go:1847.3,1848.15 2 0
github.com/getkin/kin-openapi/openapi3/schema.go:1848.15,1850.4 1 0
github.com/getkin/kin-openapi/openapi3/schema.go:1852.3,1853.54 2 0
github.com/getkin/kin-openapi/openapi3/schema.go:1853.54,1855.4 1 0
github.com/getkin/kin-openapi/openapi3/schema.go:1857.2,1857.91 1 0
github.com/getkin/kin-openapi/openapi3/schema.go:1857.91,1859.3 1 0
github.com/getkin/kin-openapi/openapi3/schema.go:1860.2,1860.60 1 0
github.com/getkin/kin-openapi/openapi3/schema.go:1860.60,1861.49 1 0
github.com/getkin/kin-openapi/openapi3/schema.go:1861.49,1863.4 1 0
github.com/getkin/kin-openapi/openapi3/schema.go:1864.3,1865.15 2 0
github.com/getkin/kin-openapi/openapi3/schema.go:1865.15,1867.4 1 0
github.com/getkin/kin-openapi/openapi3/schema.go:1869.3,1870.54 2 0
github.com/getkin/kin-openapi/openapi3/schema.go:1870.54,1872.4 1 0
github.com/getkin/kin-openapi/openapi3/schema.go:1874.2,1874.45 1 0
github.com/getkin/kin-openapi/openapi3/schema.go:1874.45,1875.49 1 0
github.com/getkin/kin-openapi/openapi3/schema.go:1875.49,1877.4 1 0
github.com/getkin/kin-openapi/openapi3/schema.go:1878.3,1879.15 2 0
github.com/getkin/kin-openapi/openapi3/schema.go:1879.15,1881.4 1 0
github.com/getkin/kin-openapi/openapi3/schema.go:1883.3,1884.54 2 0
github.com/getkin/kin-openapi/openapi3/schema.go:1884.54,1886.4 1 0
github.com/getkin/kin-openapi/openapi3/schema.go:1889.2,1889.40 1 0
github.com/getkin/kin-openapi/openapi3/schema.go:1889.40,1890.41 1 0
github.com/getkin/kin-openapi/openapi3/schema.go:1890.41,1892.4 1 0
github.com/getkin/kin-openapi/openapi3/schema.go:1895.2,1895.87 1 0
github.com/getkin/kin-openapi/openapi3/schema.go:1895.87,1896.62 1 0
github.com/getkin/kin-openapi/openapi3/schema.go:1896.62,1898.4 1 0
github.com/getkin/kin-openapi/openapi3/schema.go:1901.2,1901.81 1 0
github.com/getkin/kin-openapi/openapi3/schema.go:1901.81,1902.62 1 0
github.com/getkin/kin-openapi/openapi3/schema.go:1902.62,1904.4 1 0
github.com/getkin/kin-openapi/openapi3/schema.go:1907.2,1907.73 1 0
github.com/getkin/kin-openapi/openapi3/schema.go:1910.50,1913.2 2 0
github.com/getkin/kin-openapi/openapi3/schema.go:1915.62,1918.2 2 0
github.com/getkin/kin-openapi/openapi3/schema.go:1920.64,1923.2 2 0
github.com/getkin/kin-openapi/openapi3/schema.go:1925.63,1928.2 2 0
github.com/getkin/kin-openapi/openapi3/schema.go:1930.61,1933.2 2 0
github.com/getkin/kin-openapi/openapi3/schema.go:1935.71,1938.2 2 0
github.com/getkin/kin-openapi/openapi3/schema.go:1942.82,1945.32 2 0
github.com/getkin/kin-openapi/openapi3/schema.go:1945.32,1947.3 1 0
github.com/getkin/kin-openapi/openapi3/schema.go:1948.2,1948.42 1 0
github.com/getkin/kin-openapi/openapi3/schema.go:1951.92,1952.31 1 0
github.com/getkin/kin-openapi/openapi3/schema.go:1953.11,1956.27 1 0
github.com/getkin/kin-openapi/openapi3/schema.go:1956.27,1958.4 1 0
github.com/getkin/kin-openapi/openapi3/schema.go:1959.15,1960.24 1 0
github.com/getkin/kin-openapi/openapi3/schema.go:1960.24,1962.4 1 0
github.com/getkin/kin-openapi/openapi3/schema.go:1963.3,1963.27 1 0
github.com/getkin/kin-openapi/openapi3/schema.go:1963.27,1965.4 1 0
github.com/getkin/kin-openapi/openapi3/schema.go:1968.2,1968.22 1 0
github.com/getkin/kin-openapi/openapi3/schema.go:1968.22,1969.23 1 0
github.com/getkin/kin-openapi/openapi3/schema.go:1970.12,1971.41 1 0
github.com/getkin/kin-openapi/openapi3/schema.go:1972.11,1973.10 1 0
github.com/getkin/kin-openapi/openapi3/schema.go:1977.2,1977.65 1 0
github.com/getkin/kin-openapi/openapi3/schema.go:1977.65,1979.3 1 0
github.com/getkin/kin-openapi/openapi3/schema.go:1980.2,1981.79 2 0
github.com/getkin/kin-openapi/openapi3/schema.go:1981.79,1983.3 1 0
github.com/getkin/kin-openapi/openapi3/schema.go:1984.2,1984.66 1 0
github.com/getkin/kin-openapi/openapi3/schema.go:1984.66,1986.3 1 0
github.com/getkin/kin-openapi/openapi3/schema.go:1987.2,1987.67 1 0
github.com/getkin/kin-openapi/openapi3/schema.go:1987.67,1989.3 1 0
github.com/getkin/kin-openapi/openapi3/schema.go:1991.2,1991.31 1 0
github.com/getkin/kin-openapi/openapi3/schema.go:1992.11,1993.40 1 0
github.com/getkin/kin-openapi/openapi3/schema.go:1994.12,1995.50 1 0
github.com/getkin/kin-openapi/openapi3/schema.go:1996.19,1998.17 2 0
github.com/getkin/kin-openapi/openapi3/schema.go:1998.17,2007.4 1 0
github.com/getkin/kin-openapi/openapi3/schema.go:2008.3,2008.56 1 0
github.com/getkin/kin-openapi/openapi3/schema.go:2009.11,2010.58 1 0
github.com/getkin/kin-openapi/openapi3/schema.go:2011.13,2012.58 1 0
github.com/getkin/kin-openapi/openapi3/schema.go:2013.13,2014.58 1 0
github.com/getkin/kin-openapi/openapi3/schema.go:2015.15,2016.49 1 0
github.com/getkin/kin-openapi/openapi3/schema.go:2017.14,2018.49 1 0
github.com/getkin/kin-openapi/openapi3/schema.go:2019.13,2020.48 1 0
github.com/getkin/kin-openapi/openapi3/schema.go:2021.22,2022.49 1 0
github.com/getkin/kin-openapi/openapi3/schema.go:2023.19,2025.29 2 0
github.com/getkin/kin-openapi/openapi3/schema.go:2025.29,2026.33 1 0
github.com/getkin/kin-openapi/openapi3/schema.go:2026.33,2028.5 1 0
github.com/getkin/kin-openapi/openapi3/schema.go:2030.3,2030.32 1 0
github.com/getkin/kin-openapi/openapi3/schema.go:2030.32,2032.4 1 0
github.com/getkin/kin-openapi/openapi3/schema.go:2036.2,2036.51 1 0
github.com/getkin/kin-openapi/openapi3/schema.go:2036.51,2039.37 3 0
github.com/getkin/kin-openapi/openapi3/schema.go:2039.37,2041.4 1 0
github.com/getkin/kin-openapi/openapi3/schema.go:2042.3,2042.51 1 0
github.com/getkin/kin-openapi/openapi3/schema.go:2045.2,2051.3 1 0
github.com/getkin/kin-openapi/openapi3/schema.go:2054.101,2055.41 1 0
github.com/getkin/kin-openapi/openapi3/schema.go:2055.41,2056.26 1 0
github.com/getkin/kin-openapi/openapi3/schema.go:2056.26,2057.29 1 0
github.com/getkin/kin-openapi/openapi3/schema.go:2058.21,2060.64 2 0
github.com/getkin/kin-openapi/openapi3/schema.go:2060.64,2062.6 1 0
github.com/getkin/kin-openapi/openapi3/schema.go:2063.5,2063.15 1 0
github.com/getkin/kin-openapi/openapi3/schema.go:2063.15,2065.6 1 0
github.com/getkin/kin-openapi/openapi3/schema.go:2066.15,2067.24 1 0
github.com/getkin/kin-openapi/openapi3/schema.go:2067.24,2069.6 1 0
github.com/getkin/kin-openapi/openapi3/schema.go:2070.12,2071.36 1 0
github.com/getkin/kin-openapi/openapi3/schema.go:2071.36,2073.6 1 0
github.com/getkin/kin-openapi/openapi3/schema.go:2076.3,2076.24 1 0
github.com/getkin/kin-openapi/openapi3/schema.go:2076.24,2078.4 1 0
github.com/getkin/kin-openapi/openapi3/schema.go:2079.3,2086.4 2 0
github.com/getkin/kin-openapi/openapi3/schema.go:2088.2,2088.8 1 0
github.com/getkin/kin-openapi/openapi3/schema.go:2091.102,2092.25 1 0
github.com/getkin/kin-openapi/openapi3/schema.go:2092.25,2094.3 1 0
github.com/getkin/kin-openapi/openapi3/schema.go:2095.2,2096.27 2 0
github.com/getkin/kin-openapi/openapi3/schema.go:2097.19,2099.62 2 0
github.com/getkin/kin-openapi/openapi3/schema.go:2099.62,2101.4 1 0
github.com/getkin/kin-openapi/openapi3/schema.go:2102.3,2102.45 1 0
github.com/getkin/kin-openapi/openapi3/schema.go:2103.13,2104.54 1 0
github.com/getkin/kin-openapi/openapi3/schema.go:2105.10,2106.49 1 0
github.com/getkin/kin-openapi/openapi3/schema.go:2108.2,2108.12 1 0
github.com/getkin/kin-openapi/openapi3/schema.go:2108.12,2109.24 1 0
github.com/getkin/kin-openapi/openapi3/schema.go:2109.24,2111.4 1 0
github.com/getkin/kin-openapi/openapi3/schema.go:2112.3,2119.4 2 0
github.com/getkin/kin-openapi/openapi3/schema.go:2121.2,2121.8 1 0
github.com/getkin/kin-openapi/openapi3/schema.go:2124.100,2125.35 1 0
github.com/getkin/kin-openapi/openapi3/schema.go:2125.35,2127.15 2 0
github.com/getkin/kin-openapi/openapi3/schema.go:2127.15,2129.4 1 0
github.com/getkin/kin-openapi/openapi3/schema.go:2130.3,2130.54 1 0
github.com/getkin/kin-openapi/openapi3/schema.go:2130.54,2131.25 1 0
github.com/getkin/kin-openapi/openapi3/schema.go:2131.25,2133.5 1 0
github.com/getkin/kin-openapi/openapi3/schema.go:2134.4,2139.5 1 0
github.com/getkin/kin-openapi/openapi3/schema.go:2142.2,2142.8 1 0
github.com/getkin/kin-openapi/openapi3/schema.go:2149.74,2150.33 1 0
github.com/getkin/kin-openapi/openapi3/schema.go:2150.33,2152.3 1 0
github.com/getkin/kin-openapi/openapi3/schema.go:2153.2,2155.14 3 0
github.com/getkin/kin-openapi/openapi3/schema.go:2155.14,2157.3 1 0
github.com/getkin/kin-openapi/openapi3/schema.go:2158.2,2159.14 2 0
github.com/getkin/kin-openapi/openapi3/schema.go:2159.14,2165.3 1 0
github.com/getkin/kin-openapi/openapi3/schema.go:2167.2,2168.14 2 0
github.com/getkin/kin-openapi/openapi3/schema.go:2168.14,2175.3 1 0
github.com/getkin/kin-openapi/openapi3/schema.go:2177.2,2177.138 1 0
github.com/getkin/kin-openapi/openapi3/schema.go:2177.138,2184.3 1 0
github.com/getkin/kin-openapi/openapi3/schema.go:2184.8,2186.3 1 0
github.com/getkin/kin-openapi/openapi3/schema.go:2189.111,2191.35 2 0
github.com/getkin/kin-openapi/openapi3/schema.go:2191.35,2193.17 2 0
github.com/getkin/kin-openapi/openapi3/schema.go:2193.17,2195.4 1 0
github.com/getkin/kin-openapi/openapi3/schema.go:2197.3,2203.28 2 0
github.com/getkin/kin-openapi/openapi3/schema.go:2203.28,2205.16 2 0
github.com/getkin/kin-openapi/openapi3/schema.go:2205.16,2207.5 1 0
github.com/getkin/kin-openapi/openapi3/schema.go:2209.4,2209.62 1 0
github.com/getkin/kin-openapi/openapi3/schema.go:2209.62,2210.13 1 0
github.com/getkin/kin-openapi/openapi3/schema.go:2214.4,2214.40 1 0
github.com/getkin/kin-openapi/openapi3/schema.go:2214.40,2216.5 1 0
github.com/getkin/kin-openapi/openapi3/schema.go:2218.4,2218.59 1 0
github.com/getkin/kin-openapi/openapi3/schema.go:2218.59,2220.13 2 0
github.com/getkin/kin-openapi/openapi3/schema.go:2223.4,2224.8 2 0
github.com/getkin/kin-openapi/openapi3/schema.go:2227.3,2227.14 1 0
github.com/getkin/kin-openapi/openapi3/schema.go:2227.14,2228.25 1 0
github.com/getkin/kin-openapi/openapi3/schema.go:2228.25,2230.5 1 0
github.com/getkin/kin-openapi/openapi3/schema.go:2231.4,2237.14 2 0
github.com/getkin/kin-openapi/openapi3/schema.go:2237.14,2240.5 2 0
github.com/getkin/kin-openapi/openapi3/schema.go:2240.10,2243.5 2 0
github.com/getkin/kin-openapi/openapi3/schema.go:2245.4,2245.19 1 0
github.com/getkin/kin-openapi/openapi3/schema.go:2249.3,2249.39 1 0
github.com/getkin/kin-openapi/openapi3/schema.go:2249.39,2251.4 1 0
github.com/getkin/kin-openapi/openapi3/schema.go:2252.3,2252.22 1 0
github.com/getkin/kin-openapi/openapi3/schema.go:2255.2,2255.35 1 0
github.com/getkin/kin-openapi/openapi3/schema.go:2255.35,2257.17 2 0
github.com/getkin/kin-openapi/openapi3/schema.go:2257.17,2259.4 1 0
github.com/getkin/kin-openapi/openapi3/schema.go:2261.3,2266.28 2 0
github.com/getkin/kin-openapi/openapi3/schema.go:2266.28,2268.16 2 0
github.com/getkin/kin-openapi/openapi3/schema.go:2268.16,2270.5 1 0
github.com/getkin/kin-openapi/openapi3/schema.go:2272.4,2272.62 1 0
github.com/getkin/kin-openapi/openapi3/schema.go:2272.62,2273.13 1 0
github.com/getkin/kin-openapi/openapi3/schema.go:2277.4,2277.40 1 0
github.com/getkin/kin-openapi/openapi3/schema.go:2277.40,2279.5 1 0
github.com/getkin/kin-openapi/openapi3/schema.go:2280.4,2280.59 1 0
github.com/getkin/kin-openapi/openapi3/schema.go:2280.59,2283.10 3 0
github.com/getkin/kin-openapi/openapi3/schema.go:2286.3,2286.10 1 0
github.com/getkin/kin-openapi/openapi3/schema.go:2286.10,2287.25 1 0
github.com/getkin/kin-openapi/openapi3/schema.go:2287.25,2289.5 1 0
github.com/getkin/kin-openapi/openapi3/schema.go:2290.4,2296.12 1 0
github.com/getkin/kin-openapi/openapi3/schema.go:2299.3,2300.22 2 0
github.com/getkin/kin-openapi/openapi3/schema.go:2303.2,2304.36 2 0
github.com/getkin/kin-openapi/openapi3/schema.go:2304.36,2306.15 2 0
github.com/getkin/kin-openapi/openapi3/schema.go:2306.15,2308.4 1 0
github.com/getkin/kin-openapi/openapi3/schema.go:2309.3,2309.54 1 0
github.com/getkin/kin-openapi/openapi3/schema.go:2309.54,2310.25 1 0
github.com/getkin/kin-openapi/openapi3/schema.go:2310.25,2312.5 1 0
github.com/getkin/kin-openapi/openapi3/schema.go:2313.4,2313.52 1 0
github.com/getkin/kin-openapi/openapi3/schema.go:2315.3,2315.22 1 0
github.com/getkin/kin-openapi/openapi3/schema.go:2317.2,2317.31 1 0
github.com/getkin/kin-openapi/openapi3/schema.go:2317.31,2326.3 1 0
github.com/getkin/kin-openapi/openapi3/schema.go:2328.2,2329.8 2 0
github.com/getkin/kin-openapi/openapi3/schema.go:2336.85,2337.26 1 0
github.com/getkin/kin-openapi/openapi3/schema.go:2337.26,2339.3 1 0
github.com/getkin/kin-openapi/openapi3/schema.go:2340.2,2340.23 1 0
github.com/getkin/kin-openapi/openapi3/schema.go:2340.23,2342.3 1 0
github.com/getkin/kin-openapi/openapi3/schema.go:2343.2,2349.3 1 0
github.com/getkin/kin-openapi/openapi3/schema.go:2352.58,2355.2 2 0
github.com/getkin/kin-openapi/openapi3/schema.go:2357.100,2358.39 1 0
github.com/getkin/kin-openapi/openapi3/schema.go:2358.39,2360.3 1 0
github.com/getkin/kin-openapi/openapi3/schema.go:2361.2,2361.8 1 0
github.com/getkin/kin-openapi/openapi3/schema.go:2364.60,2367.2 2 0
github.com/getkin/kin-openapi/openapi3/schema.go:2369.96,2373.72 4 0
github.com/getkin/kin-openapi/openapi3/schema.go:2373.72,2375.57 2 0
github.com/getkin/kin-openapi/openapi3/schema.go:2375.57,2376.25 1 0
github.com/getkin/kin-openapi/openapi3/schema.go:2376.25,2378.5 1 0
github.com/getkin/kin-openapi/openapi3/schema.go:2379.4,2386.28 2 0
github.com/getkin/kin-openapi/openapi3/schema.go:2386.28,2388.5 1 0
github.com/getkin/kin-openapi/openapi3/schema.go:2389.4,2389.24 1 0
github.com/getkin/kin-openapi/openapi3/schema.go:2391.8,2391.81 1 0
github.com/getkin/kin-openapi/openapi3/schema.go:2391.81,2393.3 1 0
github.com/getkin/kin-openapi/openapi3/schema.go:2396.2,2399.18 4 0
github.com/getkin/kin-openapi/openapi3/schema.go:2399.18,2400.21 1 0
github.com/getkin/kin-openapi/openapi3/schema.go:2400.21,2403.11 2 0
github.com/getkin/kin-openapi/openapi3/schema.go:2403.11,2405.5 1 0
github.com/getkin/kin-openapi/openapi3/schema.go:2406.4,2406.10 1 0
github.com/getkin/kin-openapi/openapi3/schema.go:2406.10,2407.52 1 0
github.com/getkin/kin-openapi/openapi3/schema.go:2407.52,2410.36 3 0
github.com/getkin/kin-openapi/openapi3/schema.go:2410.36,2412.7 1 0
github.com/getkin/kin-openapi/openapi3/schema.go:2412.12,2414.7 1 0
github.com/getkin/kin-openapi/openapi3/schema.go:2415.6,2416.84 2 0
github.com/getkin/kin-openapi/openapi3/schema.go:2419.9,2422.11 2 0
github.com/getkin/kin-openapi/openapi3/schema.go:2422.11,2424.5 1 0
github.com/getkin/kin-openapi/openapi3/schema.go:2425.4,2425.10 1 0
github.com/getkin/kin-openapi/openapi3/schema.go:2425.10,2426.45 1 0
github.com/getkin/kin-openapi/openapi3/schema.go:2426.45,2429.36 3 0
github.com/getkin/kin-openapi/openapi3/schema.go:2429.36,2431.7 1 0
github.com/getkin/kin-openapi/openapi3/schema.go:2431.12,2433.7 1 0
github.com/getkin/kin-openapi/openapi3/schema.go:2434.6,2435.83 2 0
github.com/getkin/kin-openapi/openapi3/schema.go:2441.2,2441.44 1 0
github.com/getkin/kin-openapi/openapi3/schema.go:2441.44,2450.27 2 0
github.com/getkin/kin-openapi/openapi3/schema.go:2450.27,2452.4 1 0
github.com/getkin/kin-openapi/openapi3/schema.go:2453.3,2453.23 1 0
github.com/getkin/kin-openapi/openapi3/schema.go:2459.2,2459.43 1 0
github.com/getkin/kin-openapi/openapi3/schema.go:2459.43,2462.22 3 0
github.com/getkin/kin-openapi/openapi3/schema.go:2462.22,2466.4 2 0
github.com/getkin/kin-openapi/openapi3/schema.go:2466.9,2466.61 1 0
github.com/getkin/kin-openapi/openapi3/schema.go:2466.61,2470.4 2 0
github.com/getkin/kin-openapi/openapi3/schema.go:2470.9,2472.4 1 0
github.com/getkin/kin-openapi/openapi3/schema.go:2473.3,2473.13 1 0
github.com/getkin/kin-openapi/openapi3/schema.go:2473.13,2474.25 1 0
github.com/getkin/kin-openapi/openapi3/schema.go:2474.25,2476.5 1 0
github.com/getkin/kin-openapi/openapi3/schema.go:2477.4,2484.28 2 0
github.com/getkin/kin-openapi/openapi3/schema.go:2484.28,2486.5 1 0
github.com/getkin/kin-openapi/openapi3/schema.go:2487.4,2487.24 1 0
github.com/getkin/kin-openapi/openapi3/schema.go:2494.2,2494.43 1 0
github.com/getkin/kin-openapi/openapi3/schema.go:2494.43,2497.22 3 0
github.com/getkin/kin-openapi/openapi3/schema.go:2497.22,2501.4 2 0
github.com/getkin/kin-openapi/openapi3/schema.go:2501.9,2501.61 1 0
github.com/getkin/kin-openapi/openapi3/schema.go:2501.61,2505.4 2 0
github.com/getkin/kin-openapi/openapi3/schema.go:2505.9,2507.4 1 0
github.com/getkin/kin-openapi/openapi3/schema.go:2508.3,2508.13 1 0
github.com/getkin/kin-openapi/openapi3/schema.go:2508.13,2509.25 1 0
github.com/getkin/kin-openapi/openapi3/schema.go:2509.25,2511.5 1 0
github.com/getkin/kin-openapi/openapi3/schema.go:2512.4,2519.28 2 0
github.com/getkin/kin-openapi/openapi3/schema.go:2519.28,2521.5 1 0
github.com/getkin/kin-openapi/openapi3/schema.go:2522.4,2522.24 1 0
github.com/getkin/kin-openapi/openapi3/schema.go:2527.2,2527.49 1 0
github.com/getkin/kin-openapi/openapi3/schema.go:2527.49,2528.24 1 0
github.com/getkin/kin-openapi/openapi3/schema.go:2528.24,2530.4 1 0
github.com/getkin/kin-openapi/openapi3/schema.go:2531.3,2538.27 2 0
github.com/getkin/kin-openapi/openapi3/schema.go:2538.27,2540.4 1 0
github.com/getkin/kin-openapi/openapi3/schema.go:2541.3,2541.23 1 0
github.com/getkin/kin-openapi/openapi3/schema.go:2545.2,2545.49 1 0
github.com/getkin/kin-openapi/openapi3/schema.go:2545.49,2546.24 1 0
github.com/getkin/kin-openapi/openapi3/schema.go:2546.24,2548.4 1 0
github.com/getkin/kin-openapi/openapi3/schema.go:2549.3,2556.27 2 0
github.com/getkin/kin-openapi/openapi3/schema.go:2556.27,2558.4 1 0
github.com/getkin/kin-openapi/openapi3/schema.go:2559.3,2559.23 1 0
github.com/getkin/kin-openapi/openapi3/schema.go:2563.2,2563.38 1 0
github.com/getkin/kin-openapi/openapi3/schema.go:2563.38,2569.48 4 0
github.com/getkin/kin-openapi/openapi3/schema.go:2569.48,2570.25 1 0
github.com/getkin/kin-openapi/openapi3/schema.go:2570.25,2572.5 1 0
github.com/getkin/kin-openapi/openapi3/schema.go:2573.4,2580.28 2 0
github.com/getkin/kin-openapi/openapi3/schema.go:2580.28,2582.5 1 0
github.com/getkin/kin-openapi/openapi3/schema.go:2583.4,2583.24 1 0
github.com/getkin/kin-openapi/openapi3/schema.go:2587.2,2587.17 1 0
github.com/getkin/kin-openapi/openapi3/schema.go:2587.17,2589.3 1 0
github.com/getkin/kin-openapi/openapi3/schema.go:2591.2,2591.12 1 0
github.com/getkin/kin-openapi/openapi3/schema.go:2594.59,2597.2 2 0
github.com/getkin/kin-openapi/openapi3/schema.go:2599.95,2600.38 1 0
github.com/getkin/kin-openapi/openapi3/schema.go:2600.38,2602.3 1 0
github.com/getkin/kin-openapi/openapi3/schema.go:2604.2,2609.40 4 0
github.com/getkin/kin-openapi/openapi3/schema.go:2609.40,2612.27 2 0
github.com/getkin/kin-openapi/openapi3/schema.go:2612.27,2613.28 1 0
github.com/getkin/kin-openapi/openapi3/schema.go:2613.28,2615.5 1 0
github.com/getkin/kin-openapi/openapi3/schema.go:2615.10,2617.5 1 0
github.com/getkin/kin-openapi/openapi3/schema.go:2619.3,2619.50 1 0
github.com/getkin/kin-openapi/openapi3/schema.go:2619.50,2620.25 1 0
github.com/getkin/kin-openapi/openapi3/schema.go:2620.25,2622.5 1 0
github.com/getkin/kin-openapi/openapi3/schema.go:2623.4,2630.28 2 0
github.com/getkin/kin-openapi/openapi3/schema.go:2630.28,2632.5 1 0
github.com/getkin/kin-openapi/openapi3/schema.go:2633.4,2633.24 1 0
github.com/getkin/kin-openapi/openapi3/schema.go:2635.3,2635.53 1 0
github.com/getkin/kin-openapi/openapi3/schema.go:2635.53,2636.25 1 0
github.com/getkin/kin-openapi/openapi3/schema.go:2636.25,2638.5 1 0
github.com/getkin/kin-openapi/openapi3/schema.go:2639.4,2646.28 2 0
github.com/getkin/kin-openapi/openapi3/schema.go:2646.28,2648.5 1 0
github.com/getkin/kin-openapi/openapi3/schema.go:2649.4,2649.24 1 0
github.com/getkin/kin-openapi/openapi3/schema.go:2654.2,2654.65 1 0
github.com/getkin/kin-openapi/openapi3/schema.go:2654.65,2657.16 3 0
github.com/getkin/kin-openapi/openapi3/schema.go:2657.16,2659.75 2 0
github.com/getkin/kin-openapi/openapi3/schema.go:2659.75,2660.29 1 0
github.com/getkin/kin-openapi/openapi3/schema.go:2660.29,2662.6 1 0
github.com/getkin/kin-openapi/openapi3/schema.go:2663.5,2663.25 1 0
github.com/getkin/kin-openapi/openapi3/schema.go:2666.3,2666.29 1 0
github.com/getkin/kin-openapi/openapi3/schema.go:2666.29,2674.28 2 0
github.com/getkin/kin-openapi/openapi3/schema.go:2674.28,2676.5 1 0
github.com/getkin/kin-openapi/openapi3/schema.go:2677.4,2677.24 1 0
github.com/getkin/kin-openapi/openapi3/schema.go:2682.2,2684.43 3 0
github.com/getkin/kin-openapi/openapi3/schema.go:2684.43,2687.10 2 0
github.com/getkin/kin-openapi/openapi3/schema.go:2687.10,2689.4 1 0
github.com/getkin/kin-openapi/openapi3/schema.go:2690.3,2690.9 1 0
github.com/getkin/kin-openapi/openapi3/schema.go:2690.9,2691.44 1 0
github.com/getkin/kin-openapi/openapi3/schema.go:2691.44,2694.35 3 0
github.com/getkin/kin-openapi/openapi3/schema.go:2694.35,2696.6 1 0
github.com/getkin/kin-openapi/openapi3/schema.go:2696.11,2698.6 1 0
github.com/getkin/kin-openapi/openapi3/schema.go:2699.5,2700.82 2 0
github.com/getkin/kin-openapi/openapi3/schema.go:2704.2,2704.44 1 0
github.com/getkin/kin-openapi/openapi3/schema.go:2704.44,2713.27 2 0
github.com/getkin/kin-openapi/openapi3/schema.go:2713.27,2715.4 1 0
github.com/getkin/kin-openapi/openapi3/schema.go:2716.3,2716.23 1 0
github.com/getkin/kin-openapi/openapi3/schema.go:2720.2,2720.17 1 0
github.com/getkin/kin-openapi/openapi3/schema.go:2720.17,2722.3 1 0
github.com/getkin/kin-openapi/openapi3/schema.go:2724.2,2724.12 1 0
github.com/getkin/kin-openapi/openapi3/schema.go:2727.57,2730.2 2 0
github.com/getkin/kin-openapi/openapi3/schema.go:2732.93,2733.37 1 0
github.com/getkin/kin-openapi/openapi3/schema.go:2733.37,2735.3 1 0
github.com/getkin/kin-openapi/openapi3/schema.go:2737.2,2742.57 3 0
github.com/getkin/kin-openapi/openapi3/schema.go:2742.57,2743.24 1 0
github.com/getkin/kin-openapi/openapi3/schema.go:2743.24,2745.4 1 0
github.com/getkin/kin-openapi/openapi3/schema.go:2746.3,2753.27 2 0
github.com/getkin/kin-openapi/openapi3/schema.go:2753.27,2755.4 1 0
github.com/getkin/kin-openapi/openapi3/schema.go:2756.3,2756.23 1 0
github.com/getkin/kin-openapi/openapi3/schema.go:2760.2,2760.60 1 0
github.com/getkin/kin-openapi/openapi3/schema.go:2760.60,2761.24 1 0
github.com/getkin/kin-openapi/openapi3/schema.go:2761.24,2763.4 1 0
github.com/getkin/kin-openapi/openapi3/schema.go:2764.3,2771.27 2 0
github.com/getkin/kin-openapi/openapi3/schema.go:2771.27,2773.4 1 0
github.com/getkin/kin-openapi/openapi3/schema.go:2774.3,2774.23 1 0
github.com/getkin/kin-openapi/openapi3/schema.go:2778.2,2778.36 1 0
github.com/getkin/kin-openapi/openapi3/schema.go:2778.36,2780.3 1 0
github.com/getkin/kin-openapi/openapi3/schema.go:2781.2,2781.67 1 0
github.com/getkin/kin-openapi/openapi3/schema.go:2781.67,2782.24 1 0
github.com/getkin/kin-openapi/openapi3/schema.go:2782.24,2784.4 1 0
github.com/getkin/kin-openapi/openapi3/schema.go:2785.3,2792.27 2 0
github.com/getkin/kin-openapi/openapi3/schema.go:2792.27,2794.4 1 0
github.com/getkin/kin-openapi/openapi3/schema.go:2795.3,2795.23 1 0
github.com/getkin/kin-openapi/openapi3/schema.go:2799.2,2799.57 1 0
github.com/getkin/kin-openapi/openapi3/schema.go:2799.57,2801.24 2 0
github.com/getkin/kin-openapi/openapi3/schema.go:2801.24,2803.4 1 0
github.com/getkin/kin-openapi/openapi3/schema.go:2804.3,2804.30 1 0
github.com/getkin/kin-openapi/openapi3/schema.go:2804.30,2805.63 1 0
github.com/getkin/kin-openapi/openapi3/schema.go:2805.63,2807.29 2 0
github.com/getkin/kin-openapi/openapi3/schema.go:2807.29,2809.6 1 0
github.com/getkin/kin-openapi/openapi3/schema.go:2810.5,2810.43 1 0
github.com/getkin/kin-openapi/openapi3/schema.go:2810.43,2812.6 1 0
github.com/getkin/kin-openapi/openapi3/schema.go:2812.11,2814.6 1 0
github.com/getkin/kin-openapi/openapi3/schema.go:2819.2,2819.17 1 0
github.com/getkin/kin-openapi/openapi3/schema.go:2819.17,2821.3 1 0
github.com/getkin/kin-openapi/openapi3/schema.go:2823.2,2823.12 1 0
github.com/getkin/kin-openapi/openapi3/schema.go:2826.67,2829.2 2 0
github.com/getkin/kin-openapi/openapi3/schema.go:2831.103,2832.38 1 0
github.com/getkin/kin-openapi/openapi3/schema.go:2832.38,2834.3 1 0
github.com/getkin/kin-openapi/openapi3/schema.go:2836.2,2838.38 2 0
github.com/getkin/kin-openapi/openapi3/schema.go:2838.38,2839.62 1 0
github.com/getkin/kin-openapi/openapi3/schema.go:2839.62,2844.69 4 0
github.com/getkin/kin-openapi/openapi3/schema.go:2844.69,2845.74 1 0
github.com/getkin/kin-openapi/openapi3/schema.go:2845.74,2848.6 2 0
github.com/getkin/kin-openapi/openapi3/schema.go:2851.4,2851.30 1 0
github.com/getkin/kin-openapi/openapi3/schema.go:2851.30,2852.14 1 0
github.com/getkin/kin-openapi/openapi3/schema.go:2852.14,2854.6 1 0
github.com/getkin/kin-openapi/openapi3/schema.go:2854.11,2854.21 1 0
github.com/getkin/kin-openapi/openapi3/schema.go:2854.21,2856.6 1 0
github.com/getkin/kin-openapi/openapi3/schema.go:2862.2,2866.57 3 0
github.com/getkin/kin-openapi/openapi3/schema.go:2866.57,2867.24 1 0
github.com/getkin/kin-openapi/openapi3/schema.go:2867.24,2869.4 1 0
github.com/getkin/kin-openapi/openapi3/schema.go:2870.3,2877.27 2 0
github.com/getkin/kin-openapi/openapi3/schema.go:2877.27,2879.4 1 0
github.com/getkin/kin-openapi/openapi3/schema.go:2880.3,2880.23 1 0
github.com/getkin/kin-openapi/openapi3/schema.go:2884.2,2884.60 1 0
github.com/getkin/kin-openapi/openapi3/schema.go:2884.60,2885.24 1 0
github.com/getkin/kin-openapi/openapi3/schema.go:2885.24,2887.4 1 0
github.com/getkin/kin-openapi/openapi3/schema.go:2888.3,2895.27 2 0
github.com/getkin/kin-openapi/openapi3/schema.go:2895.27,2897.4 1 0
github.com/getkin/kin-openapi/openapi3/schema.go:2898.3,2898.23 1 0
github.com/getkin/kin-openapi/openapi3/schema.go:2902.2,2903.59 2 0
github.com/getkin/kin-openapi/openapi3/schema.go:2903.59,2905.3 1 0
github.com/getkin/kin-openapi/openapi3/schema.go:2906.2,2906.42 1 0
github.com/getkin/kin-openapi/openapi3/schema.go:2906.42,2908.24 2 0
github.com/getkin/kin-openapi/openapi3/schema.go:2908.24,2910.26 2 0
github.com/getkin/kin-openapi/openapi3/schema.go:2910.26,2912.17 2 0
github.com/getkin/kin-openapi/openapi3/schema.go:2912.17,2914.6 1 0
github.com/getkin/kin-openapi/openapi3/schema.go:2915.5,2915.52 1 0
github.com/getkin/kin-openapi/openapi3/schema.go:2915.52,2916.27 1 0
github.com/getkin/kin-openapi/openapi3/schema.go:2916.27,2918.7 1 0
github.com/getkin/kin-openapi/openapi3/schema.go:2919.6,2920.30 2 0
github.com/getkin/kin-openapi/openapi3/schema.go:2920.30,2922.7 1 0
github.com/getkin/kin-openapi/openapi3/schema.go:2923.6,2923.39 1 0
github.com/getkin/kin-openapi/openapi3/schema.go:2923.39,2925.15 2 0
github.com/getkin/kin-openapi/openapi3/schema.go:2927.6,2927.26 1 0
github.com/getkin/kin-openapi/openapi3/schema.go:2929.5,2929.13 1 0
github.com/getkin/kin-openapi/openapi3/schema.go:2932.3,2932.77 1 0
github.com/getkin/kin-openapi/openapi3/schema.go:2932.77,2933.35 1 0
github.com/getkin/kin-openapi/openapi3/schema.go:2933.35,2934.71 1 0
github.com/getkin/kin-openapi/openapi3/schema.go:2934.71,2935.27 1 0
github.com/getkin/kin-openapi/openapi3/schema.go:2935.27,2937.7 1 0
github.com/getkin/kin-openapi/openapi3/schema.go:2938.6,2939.30 2 0
github.com/getkin/kin-openapi/openapi3/schema.go:2939.30,2941.7 1 0
github.com/getkin/kin-openapi/openapi3/schema.go:2942.6,2942.39 1 0
github.com/getkin/kin-openapi/openapi3/schema.go:2942.39,2944.15 2 0
github.com/getkin/kin-openapi/openapi3/schema.go:2946.6,2946.26 1 0
github.com/getkin/kin-openapi/openapi3/schema.go:2949.4,2949.12 1 0
github.com/getkin/kin-openapi/openapi3/schema.go:2951.3,2951.24 1 0
github.com/getkin/kin-openapi/openapi3/schema.go:2951.24,2953.4 1 0
github.com/getkin/kin-openapi/openapi3/schema.go:2954.3,2961.27 2 0
github.com/getkin/kin-openapi/openapi3/schema.go:2961.27,2963.4 1 0
github.com/getkin/kin-openapi/openapi3/schema.go:2964.3,2964.23 1 0
github.com/getkin/kin-openapi/openapi3/schema.go:2968.2,2968.36 1 0
github.com/getkin/kin-openapi/openapi3/schema.go:2968.36,2969.29 1 0
github.com/getkin/kin-openapi/openapi3/schema.go:2969.29,2970.81 1 0
github.com/getkin/kin-openapi/openapi3/schema.go:2970.81,2971.13 1 0
github.com/getkin/kin-openapi/openapi3/schema.go:2973.4,2973.82 1 0
github.com/getkin/kin-openapi/openapi3/schema.go:2973.82,2974.13 1 0
github.com/getkin/kin-openapi/openapi3/schema.go:2976.4,2976.25 1 0
github.com/getkin/kin-openapi/openapi3/schema.go:2976.25,2978.5 1 0
github.com/getkin/kin-openapi/openapi3/schema.go:2979.4,2986.28 2 0
github.com/getkin/kin-openapi/openapi3/schema.go:2986.28,2988.5 1 0
github.com/getkin/kin-openapi/openapi3/schema.go:2989.4,2989.24 1 0
github.com/getkin/kin-openapi/openapi3/schema.go:2993.2,2993.17 1 0
github.com/getkin/kin-openapi/openapi3/schema.go:2993.17,2995.3 1 0
github.com/getkin/kin-openapi/openapi3/schema.go:2997.2,2997.12 1 0
github.com/getkin/kin-openapi/openapi3/schema.go:3000.89,3001.23 1 0
github.com/getkin/kin-openapi/openapi3/schema.go:3001.23,3003.3 1 0
github.com/getkin/kin-openapi/openapi3/schema.go:3005.2,3008.27 4 0
github.com/getkin/kin-openapi/openapi3/schema.go:3008.27,3010.12 2 0
github.com/getkin/kin-openapi/openapi3/schema.go:3011.43,3012.12 1 0
github.com/getkin/kin-openapi/openapi3/schema.go:3014.8,3017.3 2 0
github.com/getkin/kin-openapi/openapi3/schema.go:3018.2,3024.3 1 0
github.com/getkin/kin-openapi/openapi3/schema.go:3048.54,3050.37 1 0
github.com/getkin/kin-openapi/openapi3/schema.go:3050.37,3052.22 2 0
github.com/getkin/kin-openapi/openapi3/schema.go:3052.22,3053.62 1 0
github.com/getkin/kin-openapi/openapi3/schema.go:3053.62,3054.53 1 0
github.com/getkin/kin-openapi/openapi3/schema.go:3054.53,3056.6 1 0
github.com/getkin/kin-openapi/openapi3/schema.go:3057.5,3057.53 1 0
github.com/getkin/kin-openapi/openapi3/schema.go:3057.53,3059.6 1 0
github.com/getkin/kin-openapi/openapi3/schema.go:3062.3,3062.11 1 0
github.com/getkin/kin-openapi/openapi3/schema.go:3064.2,3064.35 1 0
github.com/getkin/kin-openapi/openapi3/schema.go:3064.35,3065.23 1 0
github.com/getkin/kin-openapi/openapi3/schema.go:3065.23,3067.4 1 0
github.com/getkin/kin-openapi/openapi3/schema.go:3068.3,3068.11 1 0
github.com/getkin/kin-openapi/openapi3/schema.go:3070.2,3070.12 1 0
github.com/getkin/kin-openapi/openapi3/schema.go:3073.55,3075.2 1 0
github.com/getkin/kin-openapi/openapi3/schema.go:3077.48,3080.81 3 0
github.com/getkin/kin-openapi/openapi3/schema.go:3080.81,3082.3 1 0
github.com/getkin/kin-openapi/openapi3/schema.go:3083.2,3083.13 1 0
github.com/getkin/kin-openapi/openapi3/schema.go:3086.40,3087.38 1 0
github.com/getkin/kin-openapi/openapi3/schema.go:3087.38,3088.55 1 0
github.com/getkin/kin-openapi/openapi3/schema.go:3088.55,3090.4 1 0
github.com/getkin/kin-openapi/openapi3/schema.go:3093.2,3095.30 2 0
github.com/getkin/kin-openapi/openapi3/schema.go:3095.30,3098.50 3 0
github.com/getkin/kin-openapi/openapi3/schema.go:3098.50,3101.4 2 0
github.com/getkin/kin-openapi/openapi3/schema.go:3102.3,3102.25 1 0
github.com/getkin/kin-openapi/openapi3/schema.go:3105.2,3105.23 1 0
github.com/getkin/kin-openapi/openapi3/schema.go:3105.23,3109.3 2 0
github.com/getkin/kin-openapi/openapi3/schema.go:3111.2,3112.18 2 0
github.com/getkin/kin-openapi/openapi3/schema.go:3112.18,3116.3 3 0
github.com/getkin/kin-openapi/openapi3/schema.go:3116.8,3118.3 1 0
github.com/getkin/kin-openapi/openapi3/schema.go:3120.2,3120.33 1 0
github.com/getkin/kin-openapi/openapi3/schema.go:3120.33,3124.52 4 0
github.com/getkin/kin-openapi/openapi3/schema.go:3124.52,3125.14 1 0
github.com/getkin/kin-openapi/openapi3/schema.go:3127.3,3128.51 2 0
github.com/getkin/kin-openapi/openapi3/schema.go:3128.51,3129.14 1 0
github.com/getkin/kin-openapi/openapi3/schema.go:3133.2,3133.21 1 0
github.com/getkin/kin-openapi/openapi3/schema.go:3136.39,3138.2 1 0
github.com/getkin/kin-openapi/openapi3/schema.go:3140.42,3143.23 3 0
github.com/getkin/kin-openapi/openapi3/schema.go:3143.23,3148.3 2 0
github.com/getkin/kin-openapi/openapi3/schema.go:3149.2,3149.20 1 0
github.com/getkin/kin-openapi/openapi3/schema.go:3163.66,3165.2 1 0
github.com/getkin/kin-openapi/openapi3/schema.go:3167.45,3169.2 1 0
github.com/getkin/kin-openapi/openapi3/schema.go:3171.35,3172.23 1 0
github.com/getkin/kin-openapi/openapi3/schema.go:3173.22,3175.25 2 0
github.com/getkin/kin-openapi/openapi3/schema.go:3175.25,3177.4 1 0
github.com/getkin/kin-openapi/openapi3/schema.go:3178.3,3178.12 1 0
github.com/getkin/kin-openapi/openapi3/schema.go:3179.13,3181.25 2 0
github.com/getkin/kin-openapi/openapi3/schema.go:3181.25,3183.4 1 0
github.com/getkin/kin-openapi/openapi3/schema.go:3184.3,3184.12 1 0
github.com/getkin/kin-openapi/openapi3/schema.go:3185.10,3186.11 1 0
github.com/getkin/kin-openapi/openapi3/schema_formats.go:51.13,57.2 5 1
github.com/getkin/kin-openapi/openapi3/schema_formats.go:60.25,62.2 1 0
github.com/getkin/kin-openapi/openapi3/schema_formats.go:65.25,67.2 1 0
github.com/getkin/kin-openapi/openapi3/schema_formats.go:73.67,74.30 1 0
github.com/getkin/kin-openapi/openapi3/schema_formats.go:74.30,76.3 1 0
github.com/getkin/kin-openapi/openapi3/schema_formats.go:77.2,77.12 1 0
github.com/getkin/kin-openapi/openapi3/schema_formats.go:84.55,86.2 1 0
github.com/getkin/kin-openapi/openapi3/schema_formats.go:92.49,93.36 1 0
github.com/getkin/kin-openapi/openapi3/schema_formats.go:93.36,95.3 1 0
github.com/getkin/kin-openapi/openapi3/schema_formats.go:96.2,96.12 1 0
github.com/getkin/kin-openapi/openapi3/schema_formats.go:100.80,102.2 1 1
github.com/getkin/kin-openapi/openapi3/schema_formats.go:105.69,107.16 2 1
github.com/getkin/kin-openapi/openapi3/schema_formats.go:107.16,109.13 2 0
github.com/getkin/kin-openapi/openapi3/schema_formats.go:111.2,111.44 1 1
github.com/getkin/kin-openapi/openapi3/schema_formats.go:115.71,117.2 1 0
github.com/getkin/kin-openapi/openapi3/schema_formats.go:120.80,122.2 1 1
github.com/getkin/kin-openapi/openapi3/schema_formats.go:125.80,127.2 1 0
github.com/getkin/kin-openapi/openapi3/schema_formats.go:130.82,132.2 1 1
github.com/getkin/kin-openapi/openapi3/schema_formats.go:137.54,139.2 1 0
github.com/getkin/kin-openapi/openapi3/schema_formats.go:144.75,146.2 1 0
github.com/getkin/kin-openapi/openapi3/schema_formats.go:149.58,150.61 1 0
github.com/getkin/kin-openapi/openapi3/schema_formats.go:150.61,152.17 2 0
github.com/getkin/kin-openapi/openapi3/schema_formats.go:152.17,157.4 1 0
github.com/getkin/kin-openapi/openapi3/schema_formats.go:158.3,158.28 1 0
github.com/getkin/kin-openapi/openapi3/schema_formats.go:158.28,163.4 1 0
github.com/getkin/kin-openapi/openapi3/schema_formats.go:164.3,164.29 1 0
github.com/getkin/kin-openapi/openapi3/schema_formats.go:164.29,169.4 1 0
github.com/getkin/kin-openapi/openapi3/schema_formats.go:170.3,170.13 1 0
github.com/getkin/kin-openapi/openapi3/schema_jsonschema_validator.go:19.75,22.16 2 0
github.com/getkin/kin-openapi/openapi3/schema_jsonschema_validator.go:22.16,24.3 1 0
github.com/getkin/kin-openapi/openapi3/schema_jsonschema_validator.go:26.2,27.64 2 0
github.com/getkin/kin-openapi/openapi3/schema_jsonschema_validator.go:27.64,29.3 1 0
github.com/getkin/kin-openapi/openapi3/schema_jsonschema_validator.go:32.2,40.67 5 0
github.com/getkin/kin-openapi/openapi3/schema_jsonschema_validator.go:40.67,42.3 1 0
github.com/getkin/kin-openapi/openapi3/schema_jsonschema_validator.go:45.2,46.16 2 0
github.com/getkin/kin-openapi/openapi3/schema_jsonschema_validator.go:46.16,48.3 1 0
github.com/getkin/kin-openapi/openapi3/schema_jsonschema_validator.go:50.2,53.8 1 0
github.com/getkin/kin-openapi/openapi3/schema_jsonschema_validator.go:57.58,60.63 1 0
github.com/getkin/kin-openapi/openapi3/schema_jsonschema_validator.go:60.63,61.49 1 0
github.com/getkin/kin-openapi/openapi3/schema_jsonschema_validator.go:61.49,64.4 1 0
github.com/getkin/kin-openapi/openapi3/schema_jsonschema_validator.go:64.9,64.52 1 0
github.com/getkin/kin-openapi/openapi3/schema_jsonschema_validator.go:64.52,67.4 1 0
github.com/getkin/kin-openapi/openapi3/schema_jsonschema_validator.go:68.3,68.29 1 0
github.com/getkin/kin-openapi/openapi3/schema_jsonschema_validator.go:74.2,74.63 1 0
github.com/getkin/kin-openapi/openapi3/schema_jsonschema_validator.go:74.63,75.19 1 0
github.com/getkin/kin-openapi/openapi3/schema_jsonschema_validator.go:75.19,76.56 1 0
github.com/getkin/kin-openapi/openapi3/schema_jsonschema_validator.go:76.56,79.5 2 0
github.com/getkin/kin-openapi/openapi3/schema_jsonschema_validator.go:79.10,81.5 1 0
github.com/getkin/kin-openapi/openapi3/schema_jsonschema_validator.go:82.9,85.4 1 0
github.com/getkin/kin-openapi/openapi3/schema_jsonschema_validator.go:87.2,87.63 1 0
github.com/getkin/kin-openapi/openapi3/schema_jsonschema_validator.go:87.63,88.19 1 0
github.com/getkin/kin-openapi/openapi3/schema_jsonschema_validator.go:88.19,89.56 1 0
github.com/getkin/kin-openapi/openapi3/schema_jsonschema_validator.go:89.56,92.5 2 0
github.com/getkin/kin-openapi/openapi3/schema_jsonschema_validator.go:92.10,94.5 1 0
github.com/getkin/kin-openapi/openapi3/schema_jsonschema_validator.go:95.9,98.4 1 0
github.com/getkin/kin-openapi/openapi3/schema_jsonschema_validator.go:102.2,113.4 5 0
github.com/getkin/kin-openapi/openapi3/schema_jsonschema_validator.go:113.4,114.33 1 0
github.com/getkin/kin-openapi/openapi3/schema_jsonschema_validator.go:114.33,115.52 1 0
github.com/getkin/kin-openapi/openapi3/schema_jsonschema_validator.go:115.52,117.5 1 0
github.com/getkin/kin-openapi/openapi3/schema_jsonschema_validator.go:122.2,122.73 1 0
github.com/getkin/kin-openapi/openapi3/schema_jsonschema_validator.go:122.73,123.41 1 0
github.com/getkin/kin-openapi/openapi3/schema_jsonschema_validator.go:123.41,124.29 1 0
github.com/getkin/kin-openapi/openapi3/schema_jsonschema_validator.go:124.29,125.54 1 0
github.com/getkin/kin-openapi/openapi3/schema_jsonschema_validator.go:125.54,127.6 1 0
github.com/getkin/kin-openapi/openapi3/schema_jsonschema_validator.go:133.2,133.95 1 0
github.com/getkin/kin-openapi/openapi3/schema_jsonschema_validator.go:133.95,134.52 1 0
github.com/getkin/kin-openapi/openapi3/schema_jsonschema_validator.go:134.52,135.34 1 0
github.com/getkin/kin-openapi/openapi3/schema_jsonschema_validator.go:135.34,136.55 1 0
github.com/getkin/kin-openapi/openapi3/schema_jsonschema_validator.go:136.55,138.6 1 0
github.com/getkin/kin-openapi/openapi3/schema_jsonschema_validator.go:145.57,146.49 1 0
github.com/getkin/kin-openapi/openapi3/schema_jsonschema_validator.go:146.49,149.3 1 0
github.com/getkin/kin-openapi/openapi3/schema_jsonschema_validator.go:150.2,150.12 1 0
github.com/getkin/kin-openapi/openapi3/schema_jsonschema_validator.go:154.46,159.36 2 0
github.com/getkin/kin-openapi/openapi3/schema_jsonschema_validator.go:159.36,161.3 1 0
github.com/getkin/kin-openapi/openapi3/schema_jsonschema_validator.go:162.2,162.12 1 0
github.com/getkin/kin-openapi/openapi3/schema_jsonschema_validator.go:166.87,169.37 2 0
github.com/getkin/kin-openapi/openapi3/schema_jsonschema_validator.go:169.37,171.3 1 0
github.com/getkin/kin-openapi/openapi3/schema_jsonschema_validator.go:171.8,171.24 1 0
github.com/getkin/kin-openapi/openapi3/schema_jsonschema_validator.go:171.24,173.3 1 0
github.com/getkin/kin-openapi/openapi3/schema_jsonschema_validator.go:176.2,177.16 2 0
github.com/getkin/kin-openapi/openapi3/schema_jsonschema_validator.go:177.16,179.3 1 0
github.com/getkin/kin-openapi/openapi3/schema_jsonschema_validator.go:180.2,183.26 2 0
github.com/getkin/kin-openapi/openapi3/schema_jsonschema_validator.go:183.26,185.37 2 0
github.com/getkin/kin-openapi/openapi3/schema_jsonschema_validator.go:185.37,186.67 1 0
github.com/getkin/kin-openapi/openapi3/schema_jsonschema_validator.go:186.67,188.5 1 0
github.com/getkin/kin-openapi/openapi3/schema_jsonschema_validator.go:190.3,190.25 1 0
github.com/getkin/kin-openapi/openapi3/schema_jsonschema_validator.go:190.25,195.4 1 0
github.com/getkin/kin-openapi/openapi3/schema_jsonschema_validator.go:198.2,200.3 1 0
github.com/getkin/kin-openapi/openapi3/schema_jsonschema_validator.go:204.94,206.16 2 0
github.com/getkin/kin-openapi/openapi3/schema_jsonschema_validator.go:206.16,209.3 1 0
github.com/getkin/kin-openapi/openapi3/schema_jsonschema_validator.go:211.2,211.34 1 0
github.com/getkin/kin-openapi/openapi3/schema_pattern.go:11.37,13.2 1 0
github.com/getkin/kin-openapi/openapi3/schema_pattern.go:16.88,18.14 2 0
github.com/getkin/kin-openapi/openapi3/schema_pattern.go:18.14,20.3 1 0
github.com/getkin/kin-openapi/openapi3/schema_pattern.go:20.8,22.3 1 0
github.com/getkin/kin-openapi/openapi3/schema_pattern.go:23.2,23.16 1 0
github.com/getkin/kin-openapi/openapi3/schema_pattern.go:23.16,32.3 3 0
github.com/getkin/kin-openapi/openapi3/schema_pattern.go:34.2,35.8 2 0
github.com/getkin/kin-openapi/openapi3/schema_validation_settings.go:40.40,41.43 1 0
github.com/getkin/kin-openapi/openapi3/schema_validation_settings.go:41.43,41.64 1 0
github.com/getkin/kin-openapi/openapi3/schema_validation_settings.go:44.43,45.43 1 0
github.com/getkin/kin-openapi/openapi3/schema_validation_settings.go:45.43,45.66 1 0
github.com/getkin/kin-openapi/openapi3/schema_validation_settings.go:48.46,49.43 1 0
github.com/getkin/kin-openapi/openapi3/schema_validation_settings.go:49.43,49.77 1 0
github.com/getkin/kin-openapi/openapi3/schema_validation_settings.go:52.47,53.43 1 0
github.com/getkin/kin-openapi/openapi3/schema_validation_settings.go:53.43,53.77 1 0
github.com/getkin/kin-openapi/openapi3/schema_validation_settings.go:57.54,58.43 1 0
github.com/getkin/kin-openapi/openapi3/schema_validation_settings.go:58.43,58.79 1 0
github.com/getkin/kin-openapi/openapi3/schema_validation_settings.go:62.56,63.43 1 0
github.com/getkin/kin-openapi/openapi3/schema_validation_settings.go:63.43,63.81 1 0
github.com/getkin/kin-openapi/openapi3/schema_validation_settings.go:67.57,68.43 1 0
github.com/getkin/kin-openapi/openapi3/schema_validation_settings.go:68.43,68.82 1 0
github.com/getkin/kin-openapi/openapi3/schema_validation_settings.go:72.58,73.43 1 0
github.com/getkin/kin-openapi/openapi3/schema_validation_settings.go:73.43,73.83 1 0
github.com/getkin/kin-openapi/openapi3/schema_validation_settings.go:77.51,78.43 1 0
github.com/getkin/kin-openapi/openapi3/schema_validation_settings.go:78.43,78.64 1 0
github.com/getkin/kin-openapi/openapi3/schema_validation_settings.go:83.94,84.43 1 0
github.com/getkin/kin-openapi/openapi3/schema_validation_settings.go:84.43,84.74 1 0
github.com/getkin/kin-openapi/openapi3/schema_validation_settings.go:88.73,89.43 1 0
github.com/getkin/kin-openapi/openapi3/schema_validation_settings.go:89.43,89.66 1 0
github.com/getkin/kin-openapi/openapi3/schema_validation_settings.go:95.101,96.43 1 0
github.com/getkin/kin-openapi/openapi3/schema_validation_settings.go:96.43,98.3 1 0
github.com/getkin/kin-openapi/openapi3/schema_validation_settings.go:104.101,105.43 1 0
github.com/getkin/kin-openapi/openapi3/schema_validation_settings.go:105.43,106.29 1 0
github.com/getkin/kin-openapi/openapi3/schema_validation_settings.go:106.29,108.4 1 0
github.com/getkin/kin-openapi/openapi3/schema_validation_settings.go:109.3,109.36 1 0
github.com/getkin/kin-openapi/openapi3/schema_validation_settings.go:116.101,117.43 1 0
github.com/getkin/kin-openapi/openapi3/schema_validation_settings.go:117.43,119.3 1 0
github.com/getkin/kin-openapi/openapi3/schema_validation_settings.go:125.101,126.43 1 0
github.com/getkin/kin-openapi/openapi3/schema_validation_settings.go:126.43,127.29 1 0
github.com/getkin/kin-openapi/openapi3/schema_validation_settings.go:127.29,129.4 1 0
github.com/getkin/kin-openapi/openapi3/schema_validation_settings.go:130.3,130.36 1 0
github.com/getkin/kin-openapi/openapi3/schema_validation_settings.go:137.103,138.43 1 0
github.com/getkin/kin-openapi/openapi3/schema_validation_settings.go:138.43,140.3 1 0
github.com/getkin/kin-openapi/openapi3/schema_validation_settings.go:146.103,147.43 1 0
github.com/getkin/kin-openapi/openapi3/schema_validation_settings.go:147.43,148.30 1 0
github.com/getkin/kin-openapi/openapi3/schema_validation_settings.go:148.30,150.4 1 0
github.com/getkin/kin-openapi/openapi3/schema_validation_settings.go:151.3,151.37 1 0
github.com/getkin/kin-openapi/openapi3/schema_validation_settings.go:158.52,159.43 1 0
github.com/getkin/kin-openapi/openapi3/schema_validation_settings.go:159.43,159.73 1 0
github.com/getkin/kin-openapi/openapi3/schema_validation_settings.go:162.92,164.27 2 0
github.com/getkin/kin-openapi/openapi3/schema_validation_settings.go:164.27,166.3 1 0
github.com/getkin/kin-openapi/openapi3/schema_validation_settings.go:167.2,167.17 1 0
github.com/getkin/kin-openapi/openapi3/security_requirements.go:9.54,11.2 1 0
github.com/getkin/kin-openapi/openapi3/security_requirements.go:13.102,16.2 2 0
github.com/getkin/kin-openapi/openapi3/security_requirements.go:19.95,22.31 2 0
github.com/getkin/kin-openapi/openapi3/security_requirements.go:22.31,23.48 1 0
github.com/getkin/kin-openapi/openapi3/security_requirements.go:23.48,25.4 1 0
github.com/getkin/kin-openapi/openapi3/security_requirements.go:27.2,27.12 1 0
github.com/getkin/kin-openapi/openapi3/security_requirements.go:34.51,36.2 1 0
github.com/getkin/kin-openapi/openapi3/security_requirements.go:38.105,39.22 1 0
github.com/getkin/kin-openapi/openapi3/security_requirements.go:39.22,41.3 1 0
github.com/getkin/kin-openapi/openapi3/security_requirements.go:42.2,43.17 2 0
github.com/getkin/kin-openapi/openapi3/security_requirements.go:47.100,51.2 1 0
github.com/getkin/kin-openapi/openapi3/security_scheme.go:29.42,31.2 1 0
github.com/getkin/kin-openapi/openapi3/security_scheme.go:33.46,39.2 1 0
github.com/getkin/kin-openapi/openapi3/security_scheme.go:41.60,46.2 1 0
github.com/getkin/kin-openapi/openapi3/security_scheme.go:48.45,54.2 1 0
github.com/getkin/kin-openapi/openapi3/security_scheme.go:57.56,59.16 2 0
github.com/getkin/kin-openapi/openapi3/security_scheme.go:59.16,61.3 1 0
github.com/getkin/kin-openapi/openapi3/security_scheme.go:62.2,62.24 1 0
github.com/getkin/kin-openapi/openapi3/security_scheme.go:66.53,69.27 3 0
github.com/getkin/kin-openapi/openapi3/security_scheme.go:69.27,71.3 1 0
github.com/getkin/kin-openapi/openapi3/security_scheme.go:72.2,72.34 1 0
github.com/getkin/kin-openapi/openapi3/security_scheme.go:72.34,74.3 1 0
github.com/getkin/kin-openapi/openapi3/security_scheme.go:75.2,75.27 1 0
github.com/getkin/kin-openapi/openapi3/security_scheme.go:75.27,77.3 1 0
github.com/getkin/kin-openapi/openapi3/security_scheme.go:78.2,78.25 1 0
github.com/getkin/kin-openapi/openapi3/security_scheme.go:78.25,80.3 1 0
github.com/getkin/kin-openapi/openapi3/security_scheme.go:81.2,81.29 1 0
github.com/getkin/kin-openapi/openapi3/security_scheme.go:81.29,83.3 1 0
github.com/getkin/kin-openapi/openapi3/security_scheme.go:84.2,84.35 1 0
github.com/getkin/kin-openapi/openapi3/security_scheme.go:84.35,86.3 1 0
github.com/getkin/kin-openapi/openapi3/security_scheme.go:87.2,87.29 1 0
github.com/getkin/kin-openapi/openapi3/security_scheme.go:87.29,89.3 1 0
github.com/getkin/kin-openapi/openapi3/security_scheme.go:90.2,90.39 1 0
github.com/getkin/kin-openapi/openapi3/security_scheme.go:90.39,92.3 1 0
github.com/getkin/kin-openapi/openapi3/security_scheme.go:93.2,93.15 1 0
github.com/getkin/kin-openapi/openapi3/security_scheme.go:97.60,100.49 3 1
github.com/getkin/kin-openapi/openapi3/security_scheme.go:100.49,102.3 1 0
github.com/getkin/kin-openapi/openapi3/security_scheme.go:103.2,112.28 10 1
github.com/getkin/kin-openapi/openapi3/security_scheme.go:112.28,114.3 1 1
github.com/getkin/kin-openapi/openapi3/security_scheme.go:115.2,116.12 2 1
github.com/getkin/kin-openapi/openapi3/security_scheme.go:119.66,122.2 2 0
github.com/getkin/kin-openapi/openapi3/security_scheme.go:124.73,127.2 2 0
github.com/getkin/kin-openapi/openapi3/security_scheme.go:129.66,132.2 2 0
github.com/getkin/kin-openapi/openapi3/security_scheme.go:134.64,137.2 2 0
github.com/getkin/kin-openapi/openapi3/security_scheme.go:139.68,142.2 2 0
github.com/getkin/kin-openapi/openapi3/security_scheme.go:144.74,147.2 2 0
github.com/getkin/kin-openapi/openapi3/security_scheme.go:150.89,156.17 5 1
github.com/getkin/kin-openapi/openapi3/security_scheme.go:157.16,158.15 1 0
github.com/getkin/kin-openapi/openapi3/security_scheme.go:159.14,161.17 2 1
github.com/getkin/kin-openapi/openapi3/security_scheme.go:162.17,163.26 1 1
github.com/getkin/kin-openapi/openapi3/security_scheme.go:164.39,164.39 0 0
github.com/getkin/kin-openapi/openapi3/security_scheme.go:165.11,166.50 1 0
github.com/getkin/kin-openapi/openapi3/security_scheme.go:168.16,169.17 1 0
github.com/getkin/kin-openapi/openapi3/security_scheme.go:170.23,171.32 1 0
github.com/getkin/kin-openapi/openapi3/security_scheme.go:171.32,173.4 1 0
github.com/getkin/kin-openapi/openapi3/security_scheme.go:174.19,175.52 1 0
github.com/getkin/kin-openapi/openapi3/security_scheme.go:175.52,177.4 1 0
github.com/getkin/kin-openapi/openapi3/security_scheme.go:178.10,179.58 1 0
github.com/getkin/kin-openapi/openapi3/security_scheme.go:183.2,183.11 1 1
github.com/getkin/kin-openapi/openapi3/security_scheme.go:183.11,184.16 1 0
github.com/getkin/kin-openapi/openapi3/security_scheme.go:185.36,185.36 0 0
github.com/getkin/kin-openapi/openapi3/security_scheme.go:186.11,187.47 1 0
github.com/getkin/kin-openapi/openapi3/security_scheme.go:189.3,189.20 1 0
github.com/getkin/kin-openapi/openapi3/security_scheme.go:189.20,191.4 1 0
github.com/getkin/kin-openapi/openapi3/security_scheme.go:192.8,192.27 1 1
github.com/getkin/kin-openapi/openapi3/security_scheme.go:192.27,194.3 1 0
github.com/getkin/kin-openapi/openapi3/security_scheme.go:194.8,194.29 1 1
github.com/getkin/kin-openapi/openapi3/security_scheme.go:194.29,196.3 1 0
github.com/getkin/kin-openapi/openapi3/security_scheme.go:200.2,200.50 1 1
github.com/getkin/kin-openapi/openapi3/security_scheme.go:200.50,202.3 1 0
github.com/getkin/kin-openapi/openapi3/security_scheme.go:205.2,205.13 1 1
github.com/getkin/kin-openapi/openapi3/security_scheme.go:205.13,207.18 2 0
github.com/getkin/kin-openapi/openapi3/security_scheme.go:207.18,209.4 1 0
github.com/getkin/kin-openapi/openapi3/security_scheme.go:210.3,210.44 1 0
github.com/getkin/kin-openapi/openapi3/security_scheme.go:210.44,212.4 1 0
github.com/getkin/kin-openapi/openapi3/security_scheme.go:213.8,213.28 1 1
github.com/getkin/kin-openapi/openapi3/security_scheme.go:213.28,215.3 1 0
github.com/getkin/kin-openapi/openapi3/security_scheme.go:217.2,217.58 1 1
github.com/getkin/kin-openapi/openapi3/security_scheme.go:242.55,244.16 2 0
github.com/getkin/kin-openapi/openapi3/security_scheme.go:244.16,246.3 1 0
github.com/getkin/kin-openapi/openapi3/security_scheme.go:247.2,247.24 1 0
github.com/getkin/kin-openapi/openapi3/security_scheme.go:251.52,254.35 3 0
github.com/getkin/kin-openapi/openapi3/security_scheme.go:254.35,256.3 1 0
github.com/getkin/kin-openapi/openapi3/security_scheme.go:257.2,257.35 1 0
github.com/getkin/kin-openapi/openapi3/security_scheme.go:257.35,259.3 1 0
github.com/getkin/kin-openapi/openapi3/security_scheme.go:260.2,260.44 1 0
github.com/getkin/kin-openapi/openapi3/security_scheme.go:260.44,262.3 1 0
github.com/getkin/kin-openapi/openapi3/security_scheme.go:263.2,263.44 1 0
github.com/getkin/kin-openapi/openapi3/security_scheme.go:263.44,265.3 1 0
github.com/getkin/kin-openapi/openapi3/security_scheme.go:266.2,266.15 1 0
github.com/getkin/kin-openapi/openapi3/security_scheme.go:270.59,273.49 3 0
github.com/getkin/kin-openapi/openapi3/security_scheme.go:273.49,275.3 1 0
github.com/getkin/kin-openapi/openapi3/security_scheme.go:276.2,281.28 6 0
github.com/getkin/kin-openapi/openapi3/security_scheme.go:281.28,283.3 1 0
github.com/getkin/kin-openapi/openapi3/security_scheme.go:284.2,285.12 2 0
github.com/getkin/kin-openapi/openapi3/security_scheme.go:289.88,292.35 2 0
github.com/getkin/kin-openapi/openapi3/security_scheme.go:292.35,293.73 1 0
github.com/getkin/kin-openapi/openapi3/security_scheme.go:293.73,295.4 1 0
github.com/getkin/kin-openapi/openapi3/security_scheme.go:298.2,298.35 1 0
github.com/getkin/kin-openapi/openapi3/security_scheme.go:298.35,299.73 1 0
github.com/getkin/kin-openapi/openapi3/security_scheme.go:299.73,301.4 1 0
github.com/getkin/kin-openapi/openapi3/security_scheme.go:304.2,304.44 1 0
github.com/getkin/kin-openapi/openapi3/security_scheme.go:304.44,305.82 1 0
github.com/getkin/kin-openapi/openapi3/security_scheme.go:305.82,307.4 1 0
github.com/getkin/kin-openapi/openapi3/security_scheme.go:310.2,310.44 1 0
github.com/getkin/kin-openapi/openapi3/security_scheme.go:310.44,311.78 1 0
github.com/getkin/kin-openapi/openapi3/security_scheme.go:311.78,313.4 1 0
github.com/getkin/kin-openapi/openapi3/security_scheme.go:316.2,316.64 1 0
github.com/getkin/kin-openapi/openapi3/security_scheme.go:332.53,334.16 2 0
github.com/getkin/kin-openapi/openapi3/security_scheme.go:334.16,336.3 1 0
github.com/getkin/kin-openapi/openapi3/security_scheme.go:337.2,337.24 1 0
github.com/getkin/kin-openapi/openapi3/security_scheme.go:341.50,344.41 3 0
github.com/getkin/kin-openapi/openapi3/security_scheme.go:344.41,346.3 1 0
github.com/getkin/kin-openapi/openapi3/security_scheme.go:347.2,347.33 1 0
github.com/getkin/kin-openapi/openapi3/security_scheme.go:347.33,349.3 1 0
github.com/getkin/kin-openapi/openapi3/security_scheme.go:350.2,350.35 1 0
github.com/getkin/kin-openapi/openapi3/security_scheme.go:350.35,352.3 1 0
github.com/getkin/kin-openapi/openapi3/security_scheme.go:353.2,354.15 2 0
github.com/getkin/kin-openapi/openapi3/security_scheme.go:358.57,361.49 3 0
github.com/getkin/kin-openapi/openapi3/security_scheme.go:361.49,363.3 1 0
github.com/getkin/kin-openapi/openapi3/security_scheme.go:364.2,370.28 6 0
github.com/getkin/kin-openapi/openapi3/security_scheme.go:370.28,372.3 1 0
github.com/getkin/kin-openapi/openapi3/security_scheme.go:373.2,374.12 2 0
github.com/getkin/kin-openapi/openapi3/security_scheme.go:378.86,381.35 2 0
github.com/getkin/kin-openapi/openapi3/security_scheme.go:381.35,382.41 1 0
github.com/getkin/kin-openapi/openapi3/security_scheme.go:382.41,384.4 1 0
github.com/getkin/kin-openapi/openapi3/security_scheme.go:387.2,387.24 1 0
github.com/getkin/kin-openapi/openapi3/security_scheme.go:387.24,389.3 1 0
github.com/getkin/kin-openapi/openapi3/security_scheme.go:391.2,391.62 1 0
github.com/getkin/kin-openapi/openapi3/security_scheme.go:394.105,397.46 2 0
github.com/getkin/kin-openapi/openapi3/security_scheme.go:397.46,399.3 1 0
github.com/getkin/kin-openapi/openapi3/security_scheme.go:401.2,401.75 1 0
github.com/getkin/kin-openapi/openapi3/security_scheme.go:401.75,402.10 1 0
github.com/getkin/kin-openapi/openapi3/security_scheme.go:403.42,404.60 1 0
github.com/getkin/kin-openapi/openapi3/security_scheme.go:405.43,406.61 1 0
github.com/getkin/kin-openapi/openapi3/security_scheme.go:407.36,408.62 1 0
github.com/getkin/kin-openapi/openapi3/security_scheme.go:408.62,410.5 1 0
github.com/getkin/kin-openapi/openapi3/security_scheme.go:414.2,414.107 1 0
github.com/getkin/kin-openapi/openapi3/security_scheme.go:414.107,415.10 1 0
github.com/getkin/kin-openapi/openapi3/security_scheme.go:416.34,417.52 1 0
github.com/getkin/kin-openapi/openapi3/security_scheme.go:418.35,419.53 1 0
github.com/getkin/kin-openapi/openapi3/security_scheme.go:420.28,421.54 1 0
github.com/getkin/kin-openapi/openapi3/security_scheme.go:421.54,423.5 1 0
github.com/getkin/kin-openapi/openapi3/security_scheme.go:427.2,427.36 1 0
github.com/getkin/kin-openapi/openapi3/server.go:16.86,20.28 3 0
github.com/getkin/kin-openapi/openapi3/server.go:20.28,21.50 1 0
github.com/getkin/kin-openapi/openapi3/server.go:21.50,23.4 1 0
github.com/getkin/kin-openapi/openapi3/server.go:25.2,25.20 1 0
github.com/getkin/kin-openapi/openapi3/server.go:29.51,30.33 1 0
github.com/getkin/kin-openapi/openapi3/server.go:30.33,32.3 1 0
github.com/getkin/kin-openapi/openapi3/server.go:33.2,33.17 1 0
github.com/getkin/kin-openapi/openapi3/server.go:36.81,38.49 2 0
github.com/getkin/kin-openapi/openapi3/server.go:38.49,40.3 1 0
github.com/getkin/kin-openapi/openapi3/server.go:41.2,41.33 1 0
github.com/getkin/kin-openapi/openapi3/server.go:41.33,43.9 2 0
github.com/getkin/kin-openapi/openapi3/server.go:43.9,45.4 1 0
github.com/getkin/kin-openapi/openapi3/server.go:47.2,47.21 1 0
github.com/getkin/kin-openapi/openapi3/server.go:63.50,64.19 1 0
github.com/getkin/kin-openapi/openapi3/server.go:64.19,66.3 1 0
github.com/getkin/kin-openapi/openapi3/server.go:68.2,69.56 2 0
github.com/getkin/kin-openapi/openapi3/server.go:69.56,71.3 1 0
github.com/getkin/kin-openapi/openapi3/server.go:73.2,74.16 2 0
github.com/getkin/kin-openapi/openapi3/server.go:74.16,76.3 1 0
github.com/getkin/kin-openapi/openapi3/server.go:78.2,78.28 1 0
github.com/getkin/kin-openapi/openapi3/server.go:78.28,80.3 1 0
github.com/getkin/kin-openapi/openapi3/server.go:82.2,82.17 1 0
github.com/getkin/kin-openapi/openapi3/server.go:86.52,88.16 2 0
github.com/getkin/kin-openapi/openapi3/server.go:88.16,90.3 1 0
github.com/getkin/kin-openapi/openapi3/server.go:91.2,91.24 1 0
github.com/getkin/kin-openapi/openapi3/server.go:95.49,99.38 4 0
github.com/getkin/kin-openapi/openapi3/server.go:99.38,101.3 1 0
github.com/getkin/kin-openapi/openapi3/server.go:102.2,102.40 1 0
github.com/getkin/kin-openapi/openapi3/server.go:102.40,104.3 1 0
github.com/getkin/kin-openapi/openapi3/server.go:105.2,105.15 1 0
github.com/getkin/kin-openapi/openapi3/server.go:109.56,112.49 3 0
github.com/getkin/kin-openapi/openapi3/server.go:112.49,114.3 1 0
github.com/getkin/kin-openapi/openapi3/server.go:115.2,119.28 5 0
github.com/getkin/kin-openapi/openapi3/server.go:119.28,121.3 1 0
github.com/getkin/kin-openapi/openapi3/server.go:122.2,123.12 2 0
github.com/getkin/kin-openapi/openapi3/server.go:126.57,129.23 3 0
github.com/getkin/kin-openapi/openapi3/server.go:129.23,131.12 2 0
github.com/getkin/kin-openapi/openapi3/server.go:131.12,132.9 1 0
github.com/getkin/kin-openapi/openapi3/server.go:134.3,136.12 3 0
github.com/getkin/kin-openapi/openapi3/server.go:136.12,138.4 1 0
github.com/getkin/kin-openapi/openapi3/server.go:139.3,140.26 2 0
github.com/getkin/kin-openapi/openapi3/server.go:142.2,142.20 1 0
github.com/getkin/kin-openapi/openapi3/server.go:145.73,148.23 3 0
github.com/getkin/kin-openapi/openapi3/server.go:148.23,150.36 2 0
github.com/getkin/kin-openapi/openapi3/server.go:150.36,151.9 1 0
github.com/getkin/kin-openapi/openapi3/server.go:153.3,153.15 1 0
github.com/getkin/kin-openapi/openapi3/server.go:153.15,156.13 2 0
github.com/getkin/kin-openapi/openapi3/server.go:156.13,158.5 1 0
github.com/getkin/kin-openapi/openapi3/server.go:159.4,163.24 3 0
github.com/getkin/kin-openapi/openapi3/server.go:163.24,165.5 1 0
github.com/getkin/kin-openapi/openapi3/server.go:166.4,168.14 2 0
github.com/getkin/kin-openapi/openapi3/server.go:168.14,170.5 1 0
github.com/getkin/kin-openapi/openapi3/server.go:170.10,170.21 1 0
github.com/getkin/kin-openapi/openapi3/server.go:170.21,172.5 1 0
github.com/getkin/kin-openapi/openapi3/server.go:172.10,174.5 1 0
github.com/getkin/kin-openapi/openapi3/server.go:175.4,175.13 1 0
github.com/getkin/kin-openapi/openapi3/server.go:175.13,177.5 1 0
github.com/getkin/kin-openapi/openapi3/server.go:178.4,180.12 3 0
github.com/getkin/kin-openapi/openapi3/server.go:182.3,182.39 1 0
github.com/getkin/kin-openapi/openapi3/server.go:182.39,184.4 1 0
github.com/getkin/kin-openapi/openapi3/server.go:185.3,186.20 2 0
github.com/getkin/kin-openapi/openapi3/server.go:188.2,188.17 1 0
github.com/getkin/kin-openapi/openapi3/server.go:188.17,190.3 1 0
github.com/getkin/kin-openapi/openapi3/server.go:191.2,191.21 1 0
github.com/getkin/kin-openapi/openapi3/server.go:191.21,193.3 1 0
github.com/getkin/kin-openapi/openapi3/server.go:194.2,194.28 1 0
github.com/getkin/kin-openapi/openapi3/server.go:198.85,202.22 3 0
github.com/getkin/kin-openapi/openapi3/server.go:202.22,203.70 1 0
github.com/getkin/kin-openapi/openapi3/server.go:203.70,205.4 1 0
github.com/getkin/kin-openapi/openapi3/server.go:208.2,209.24 2 0
github.com/getkin/kin-openapi/openapi3/server.go:209.24,210.90 1 0
github.com/getkin/kin-openapi/openapi3/server.go:210.90,212.4 1 0
github.com/getkin/kin-openapi/openapi3/server.go:215.2,215.38 1 0
github.com/getkin/kin-openapi/openapi3/server.go:215.38,216.93 1 0
github.com/getkin/kin-openapi/openapi3/server.go:216.93,218.4 1 0
github.com/getkin/kin-openapi/openapi3/server.go:221.2,221.56 1 0
github.com/getkin/kin-openapi/openapi3/server.go:221.56,223.50 2 0
github.com/getkin/kin-openapi/openapi3/server.go:223.50,224.94 1 0
github.com/getkin/kin-openapi/openapi3/server.go:224.94,226.5 1 0
github.com/getkin/kin-openapi/openapi3/server.go:231.4,231.12 1 0
github.com/getkin/kin-openapi/openapi3/server.go:233.3,233.50 1 0
github.com/getkin/kin-openapi/openapi3/server.go:233.50,235.4 1 0
github.com/getkin/kin-openapi/openapi3/server.go:238.2,238.79 1 0
github.com/getkin/kin-openapi/openapi3/server.go:256.68,258.16 2 0
github.com/getkin/kin-openapi/openapi3/server.go:258.16,260.3 1 0
github.com/getkin/kin-openapi/openapi3/server.go:261.2,261.24 1 0
github.com/getkin/kin-openapi/openapi3/server.go:265.65,268.43 3 0
github.com/getkin/kin-openapi/openapi3/server.go:268.43,270.3 1 0
github.com/getkin/kin-openapi/openapi3/server.go:271.2,271.42 1 0
github.com/getkin/kin-openapi/openapi3/server.go:271.42,273.3 1 0
github.com/getkin/kin-openapi/openapi3/server.go:274.2,274.46 1 0
github.com/getkin/kin-openapi/openapi3/server.go:274.46,276.3 1 0
github.com/getkin/kin-openapi/openapi3/server.go:277.2,277.15 1 0
github.com/getkin/kin-openapi/openapi3/server.go:281.72,284.49 3 0
github.com/getkin/kin-openapi/openapi3/server.go:284.49,286.3 1 0
github.com/getkin/kin-openapi/openapi3/server.go:287.2,291.28 5 0
github.com/getkin/kin-openapi/openapi3/server.go:291.28,293.3 1 0
github.com/getkin/kin-openapi/openapi3/server.go:294.2,295.12 2 0
github.com/getkin/kin-openapi/openapi3/server.go:299.101,302.34 2 0
github.com/getkin/kin-openapi/openapi3/server.go:302.34,304.17 2 0
github.com/getkin/kin-openapi/openapi3/server.go:304.17,306.4 1 0
github.com/getkin/kin-openapi/openapi3/server.go:307.3,307.79 1 0
github.com/getkin/kin-openapi/openapi3/server.go:310.2,310.82 1 0
github.com/getkin/kin-openapi/openapi3/tag.go:12.40,13.27 1 0
github.com/getkin/kin-openapi/openapi3/tag.go:13.27,14.23 1 0
github.com/getkin/kin-openapi/openapi3/tag.go:14.23,16.4 1 0
github.com/getkin/kin-openapi/openapi3/tag.go:18.2,18.12 1 0
github.com/getkin/kin-openapi/openapi3/tag.go:22.80,30.25 4 0
github.com/getkin/kin-openapi/openapi3/tag.go:30.25,31.19 1 0
github.com/getkin/kin-openapi/openapi3/tag.go:31.19,32.35 1 0
github.com/getkin/kin-openapi/openapi3/tag.go:32.35,33.87 1 0
github.com/getkin/kin-openapi/openapi3/tag.go:33.87,35.6 1 0
github.com/getkin/kin-openapi/openapi3/tag.go:37.4,37.29 1 0
github.com/getkin/kin-openapi/openapi3/tag.go:39.3,39.31 1 0
github.com/getkin/kin-openapi/openapi3/tag.go:39.31,39.85 1 0
github.com/getkin/kin-openapi/openapi3/tag.go:40.3,40.63 1 0
github.com/getkin/kin-openapi/openapi3/tag.go:40.63,42.4 1 0
github.com/getkin/kin-openapi/openapi3/tag.go:44.2,44.20 1 0
github.com/getkin/kin-openapi/openapi3/tag.go:59.44,61.16 2 0
github.com/getkin/kin-openapi/openapi3/tag.go:61.16,63.3 1 0
github.com/getkin/kin-openapi/openapi3/tag.go:64.2,64.24 1 0
github.com/getkin/kin-openapi/openapi3/tag.go:68.41,71.26 3 0
github.com/getkin/kin-openapi/openapi3/tag.go:71.26,73.3 1 0
github.com/getkin/kin-openapi/openapi3/tag.go:74.2,74.33 1 0
github.com/getkin/kin-openapi/openapi3/tag.go:74.33,76.3 1 0
github.com/getkin/kin-openapi/openapi3/tag.go:77.2,77.35 1 0
github.com/getkin/kin-openapi/openapi3/tag.go:77.35,79.3 1 0
github.com/getkin/kin-openapi/openapi3/tag.go:80.2,80.15 1 0
github.com/getkin/kin-openapi/openapi3/tag.go:84.48,87.49 3 0
github.com/getkin/kin-openapi/openapi3/tag.go:87.49,89.3 1 0
github.com/getkin/kin-openapi/openapi3/tag.go:90.2,94.28 5 0
github.com/getkin/kin-openapi/openapi3/tag.go:94.28,96.3 1 0
github.com/getkin/kin-openapi/openapi3/tag.go:97.2,98.12 2 0
github.com/getkin/kin-openapi/openapi3/tag.go:102.77,106.35 3 0
github.com/getkin/kin-openapi/openapi3/tag.go:106.35,107.31 1 0
github.com/getkin/kin-openapi/openapi3/tag.go:107.31,107.101 1 0
github.com/getkin/kin-openapi/openapi3/tag.go:108.3,108.63 1 0
github.com/getkin/kin-openapi/openapi3/tag.go:108.63,110.4 1 0
github.com/getkin/kin-openapi/openapi3/tag.go:113.2,113.69 1 0
github.com/getkin/kin-openapi/openapi3/validation_code.go:31.58,31.96 1 0
github.com/getkin/kin-openapi/openapi3/validation_code.go:32.58,32.104 1 0
github.com/getkin/kin-openapi/openapi3/validation_code.go:33.58,33.100 1 0
github.com/getkin/kin-openapi/openapi3/validation_code.go:34.58,34.97 1 0
github.com/getkin/kin-openapi/openapi3/validation_code.go:35.58,35.88 1 0
github.com/getkin/kin-openapi/openapi3/validation_code.go:36.58,36.95 1 0
github.com/getkin/kin-openapi/openapi3/validation_code.go:37.58,37.98 1 0
github.com/getkin/kin-openapi/openapi3/validation_code.go:38.58,38.106 1 0
github.com/getkin/kin-openapi/openapi3/validation_code.go:39.56,41.2 1 0
github.com/getkin/kin-openapi/openapi3/validation_code.go:42.53,42.99 1 0
github.com/getkin/kin-openapi/openapi3/validation_code.go:43.53,43.89 1 0
github.com/getkin/kin-openapi/openapi3/validation_code.go:44.53,44.89 1 0
github.com/getkin/kin-openapi/openapi3/validation_code.go:45.57,47.2 1 0
github.com/getkin/kin-openapi/openapi3/validation_code.go:48.56,48.105 1 0
github.com/getkin/kin-openapi/openapi3/validation_code.go:49.56,49.91 1 0
github.com/getkin/kin-openapi/openapi3/validation_code.go:50.56,50.88 1 0
github.com/getkin/kin-openapi/openapi3/validation_code.go:51.56,51.93 1 0
github.com/getkin/kin-openapi/openapi3/validation_code.go:52.56,52.82 1 0
github.com/getkin/kin-openapi/openapi3/validation_code.go:53.56,53.102 1 0
github.com/getkin/kin-openapi/openapi3/validation_code.go:54.56,54.99 1 0
github.com/getkin/kin-openapi/openapi3/validation_code.go:55.56,55.92 1 0
github.com/getkin/kin-openapi/openapi3/validation_code.go:56.56,56.96 1 0
github.com/getkin/kin-openapi/openapi3/validation_code.go:57.60,59.2 1 0
github.com/getkin/kin-openapi/openapi3/validation_code.go:60.61,62.2 1 0
github.com/getkin/kin-openapi/openapi3/validation_code.go:63.62,63.98 1 0
github.com/getkin/kin-openapi/openapi3/validation_code.go:64.62,64.101 1 0
github.com/getkin/kin-openapi/openapi3/validation_code.go:65.62,65.95 1 0
github.com/getkin/kin-openapi/openapi3/validation_code.go:66.62,66.104 1 0
github.com/getkin/kin-openapi/openapi3/validation_code.go:67.62,67.102 1 0
github.com/getkin/kin-openapi/openapi3/validation_code.go:68.62,68.87 1 0
github.com/getkin/kin-openapi/openapi3/validation_code.go:69.62,69.89 1 0
github.com/getkin/kin-openapi/openapi3/validation_code.go:70.62,70.96 1 0
github.com/getkin/kin-openapi/openapi3/validation_code.go:71.62,71.96 1 0
github.com/getkin/kin-openapi/openapi3/validation_code.go:72.62,72.88 1 0
github.com/getkin/kin-openapi/openapi3/validation_code.go:73.62,73.101 1 0
github.com/getkin/kin-openapi/openapi3/validation_code.go:74.62,74.94 1 0
github.com/getkin/kin-openapi/openapi3/validation_code.go:75.62,75.96 1 0
github.com/getkin/kin-openapi/openapi3/validation_code.go:76.62,76.110 1 0
github.com/getkin/kin-openapi/openapi3/validation_code.go:77.62,77.95 1 0
github.com/getkin/kin-openapi/openapi3/validation_code.go:78.62,78.103 1 0
github.com/getkin/kin-openapi/openapi3/validation_code.go:79.62,79.103 1 0
github.com/getkin/kin-openapi/openapi3/validation_code.go:80.62,80.105 1 0
github.com/getkin/kin-openapi/openapi3/validation_code.go:81.62,81.103 1 0
github.com/getkin/kin-openapi/openapi3/validation_code.go:82.57,84.2 1 0
github.com/getkin/kin-openapi/openapi3/validation_code.go:85.57,85.99 1 0
github.com/getkin/kin-openapi/openapi3/validation_code.go:86.57,86.91 1 0
github.com/getkin/kin-openapi/openapi3/validation_code.go:87.57,87.103 1 0
github.com/getkin/kin-openapi/openapi3/validation_code.go:88.57,88.108 1 0
github.com/getkin/kin-openapi/openapi3/validation_code.go:89.53,91.2 1 0
github.com/getkin/kin-openapi/openapi3/validation_code.go:92.51,92.95 1 0
github.com/getkin/kin-openapi/openapi3/validation_code.go:93.59,95.2 1 0
github.com/getkin/kin-openapi/openapi3/validation_code.go:96.60,96.104 1 0
github.com/getkin/kin-openapi/openapi3/validation_code.go:97.60,97.100 1 0
github.com/getkin/kin-openapi/openapi3/validation_code.go:98.59,100.2 1 0
github.com/getkin/kin-openapi/openapi3/validation_code.go:101.58,101.97 1 0
github.com/getkin/kin-openapi/openapi3/validation_code.go:102.58,102.90 1 0
github.com/getkin/kin-openapi/openapi3/validation_code.go:103.58,103.100 1 0
github.com/getkin/kin-openapi/openapi3/validation_code.go:104.58,104.87 1 0
github.com/getkin/kin-openapi/openapi3/validation_code.go:105.58,105.98 1 0
github.com/getkin/kin-openapi/openapi3/validation_code.go:106.58,106.99 1 0
github.com/getkin/kin-openapi/openapi3/validation_code.go:107.58,107.100 1 0
github.com/getkin/kin-openapi/openapi3/validation_code.go:108.58,108.101 1 0
github.com/getkin/kin-openapi/openapi3/validation_code.go:109.62,111.2 1 0
github.com/getkin/kin-openapi/openapi3/validation_code.go:112.53,112.89 1 0
github.com/getkin/kin-openapi/openapi3/validation_code.go:113.53,113.92 1 0
github.com/getkin/kin-openapi/openapi3/validation_code.go:114.53,114.89 1 0
github.com/getkin/kin-openapi/openapi3/validation_code.go:115.53,115.90 1 0
github.com/getkin/kin-openapi/openapi3/validation_code.go:116.53,116.80 1 0
github.com/getkin/kin-openapi/openapi3/validation_code.go:117.57,119.2 1 0
github.com/getkin/kin-openapi/openapi3/validation_code.go:120.53,120.97 1 0
github.com/getkin/kin-openapi/openapi3/validation_code.go:121.53,121.99 1 0
github.com/getkin/kin-openapi/openapi3/validation_code.go:122.53,122.95 1 0
github.com/getkin/kin-openapi/openapi3/validation_code.go:123.53,123.95 1 0
github.com/getkin/kin-openapi/openapi3/validation_code.go:124.53,124.84 1 0
github.com/getkin/kin-openapi/openapi3/validation_code.go:125.61,127.2 1 0
github.com/getkin/kin-openapi/openapi3/validation_code.go:128.49,128.87 1 0
github.com/getkin/kin-openapi/openapi3/validation_code.go:129.49,129.83 1 0
github.com/getkin/kin-openapi/openapi3/validation_code.go:130.49,130.90 1 0
github.com/getkin/kin-openapi/openapi3/validation_code.go:131.58,133.2 1 0
github.com/getkin/kin-openapi/openapi3/validation_code.go:134.41,134.77 1 0
github.com/getkin/kin-openapi/openapi3/validation_code.go:135.57,137.2 1 0
github.com/getkin/kin-openapi/openapi3/validation_code.go:138.62,140.2 1 0
github.com/getkin/kin-openapi/openapi3/validation_code.go:141.61,141.97 1 0
github.com/getkin/kin-openapi/openapi3/validation_code.go:142.61,142.89 1 0
github.com/getkin/kin-openapi/openapi3/validation_code.go:143.61,143.88 1 0
github.com/getkin/kin-openapi/openapi3/validation_code.go:144.61,144.86 1 0
github.com/getkin/kin-openapi/openapi3/validation_code.go:145.61,145.88 1 0
github.com/getkin/kin-openapi/openapi3/validation_code.go:146.61,146.93 1 0
github.com/getkin/kin-openapi/openapi3/validation_code.go:147.61,147.101 1 0
github.com/getkin/kin-openapi/openapi3/validation_code.go:148.61,148.90 1 0
github.com/getkin/kin-openapi/openapi3/validation_code.go:149.61,149.97 1 0
github.com/getkin/kin-openapi/openapi3/validation_code.go:150.61,150.110 1 0
github.com/getkin/kin-openapi/openapi3/validation_code.go:151.61,153.2 1 0
github.com/getkin/kin-openapi/openapi3/validation_code.go:154.48,154.75 1 0
github.com/getkin/kin-openapi/openapi3/validation_code.go:155.48,155.72 1 0
github.com/getkin/kin-openapi/openapi3/validation_code.go:156.48,156.88 1 0
github.com/getkin/kin-openapi/openapi3/validation_code.go:161.38,163.2 1 0
github.com/getkin/kin-openapi/openapi3/validation_error.go:55.42,55.62 1 0
github.com/getkin/kin-openapi/openapi3/validation_error.go:60.62,62.9 2 0
github.com/getkin/kin-openapi/openapi3/validation_error.go:62.9,64.3 1 0
github.com/getkin/kin-openapi/openapi3/validation_error.go:65.2,66.13 2 0
github.com/getkin/kin-openapi/openapi3/validation_error.go:96.45,96.71 1 0
github.com/getkin/kin-openapi/openapi3/validation_error.go:97.45,97.63 1 0
github.com/getkin/kin-openapi/openapi3/validation_error.go:127.43,129.2 1 0
github.com/getkin/kin-openapi/openapi3/validation_error.go:131.43,131.61 1 0
github.com/getkin/kin-openapi/openapi3/validation_error.go:150.46,153.2 1 0
github.com/getkin/kin-openapi/openapi3/validation_error.go:174.52,174.78 1 0
github.com/getkin/kin-openapi/openapi3/validation_error.go:175.52,175.70 1 0
github.com/getkin/kin-openapi/openapi3/validation_error.go:190.49,190.75 1 0
github.com/getkin/kin-openapi/openapi3/validation_error.go:191.49,191.67 1 0
github.com/getkin/kin-openapi/openapi3/validation_error.go:207.51,207.77 1 0
github.com/getkin/kin-openapi/openapi3/validation_error.go:208.51,208.69 1 0
github.com/getkin/kin-openapi/openapi3/validation_error.go:224.51,224.77 1 0
github.com/getkin/kin-openapi/openapi3/validation_error.go:225.51,225.69 1 0
github.com/getkin/kin-openapi/openapi3/validation_error.go:241.47,241.73 1 0
github.com/getkin/kin-openapi/openapi3/validation_error.go:242.47,242.65 1 0
github.com/getkin/kin-openapi/openapi3/validation_error.go:257.50,257.76 1 0
github.com/getkin/kin-openapi/openapi3/validation_error.go:258.50,258.68 1 0
github.com/getkin/kin-openapi/openapi3/validation_error.go:270.42,270.68 1 0
github.com/getkin/kin-openapi/openapi3/validation_error.go:271.42,271.60 1 0
github.com/getkin/kin-openapi/openapi3/validation_error.go:290.55,290.81 1 0
github.com/getkin/kin-openapi/openapi3/validation_error.go:291.55,291.73 1 0
github.com/getkin/kin-openapi/openapi3/validation_error.go:307.46,307.72 1 0
github.com/getkin/kin-openapi/openapi3/validation_error.go:308.46,308.64 1 0
github.com/getkin/kin-openapi/openapi3/validation_error.go:322.53,324.2 1 0
github.com/getkin/kin-openapi/openapi3/validation_error.go:343.52,346.2 1 0
github.com/getkin/kin-openapi/openapi3/validation_error.go:362.50,364.2 1 0
github.com/getkin/kin-openapi/openapi3/validation_error.go:377.42,379.2 1 0
github.com/getkin/kin-openapi/openapi3/validation_error.go:393.50,395.2 1 0
github.com/getkin/kin-openapi/openapi3/validation_error.go:417.50,417.76 1 0
github.com/getkin/kin-openapi/openapi3/validation_error.go:419.50,419.68 1 0
github.com/getkin/kin-openapi/openapi3/validation_error.go:433.57,435.2 1 0
github.com/getkin/kin-openapi/openapi3/validation_error.go:449.49,451.2 1 0
github.com/getkin/kin-openapi/openapi3/validation_error.go:466.45,468.2 1 0
github.com/getkin/kin-openapi/openapi3/validation_error.go:485.47,487.2 1 0
github.com/getkin/kin-openapi/openapi3/validation_error.go:500.54,502.2 1 0
github.com/getkin/kin-openapi/openapi3/validation_error.go:517.48,519.2 1 0
github.com/getkin/kin-openapi/openapi3/validation_error.go:534.50,536.2 1 0
github.com/getkin/kin-openapi/openapi3/validation_error.go:549.54,551.2 1 0
github.com/getkin/kin-openapi/openapi3/validation_error.go:563.44,565.2 1 0
github.com/getkin/kin-openapi/openapi3/validation_error.go:587.58,588.31 1 0
github.com/getkin/kin-openapi/openapi3/validation_error.go:588.31,590.3 1 0
github.com/getkin/kin-openapi/openapi3/validation_error.go:591.2,591.139 1 0
github.com/getkin/kin-openapi/openapi3/validation_error.go:609.51,611.2 1 0
github.com/getkin/kin-openapi/openapi3/validation_error.go:615.49,617.2 1 0
github.com/getkin/kin-openapi/openapi3/validation_error.go:621.51,623.2 1 0
github.com/getkin/kin-openapi/openapi3/validation_error.go:627.54,629.2 1 0
github.com/getkin/kin-openapi/openapi3/validation_error.go:633.49,635.2 1 0
github.com/getkin/kin-openapi/openapi3/validation_error.go:641.57,643.2 1 0
github.com/getkin/kin-openapi/openapi3/validation_error.go:647.60,649.2 1 0
github.com/getkin/kin-openapi/openapi3/validation_error.go:653.51,655.2 1 0
github.com/getkin/kin-openapi/openapi3/validation_error.go:661.67,663.2 1 0
github.com/getkin/kin-openapi/openapi3/validation_error.go:667.60,669.2 1 0
github.com/getkin/kin-openapi/openapi3/validation_error.go:673.44,675.2 1 0
github.com/getkin/kin-openapi/openapi3/validation_error.go:679.45,681.2 1 0
github.com/getkin/kin-openapi/openapi3/validation_error.go:685.68,687.2 1 0
github.com/getkin/kin-openapi/openapi3/validation_error.go:693.67,695.2 1 0
github.com/getkin/kin-openapi/openapi3/validation_error.go:699.63,701.2 1 0
github.com/getkin/kin-openapi/openapi3/validation_error.go:705.68,707.2 1 0
github.com/getkin/kin-openapi/openapi3/validation_error.go:713.64,715.2 1 0
github.com/getkin/kin-openapi/openapi3/validation_error.go:719.61,721.2 1 0
github.com/getkin/kin-openapi/openapi3/validation_error.go:727.59,729.2 1 0
github.com/getkin/kin-openapi/openapi3/validation_error.go:733.56,735.2 1 0
github.com/getkin/kin-openapi/openapi3/validation_error.go:741.42,743.2 1 0
github.com/getkin/kin-openapi/openapi3/validation_error.go:749.56,751.2 1 0
github.com/getkin/kin-openapi/openapi3/validation_error.go:755.59,757.2 1 0
github.com/getkin/kin-openapi/openapi3/validation_error.go:761.57,763.2 1 0
github.com/getkin/kin-openapi/openapi3/validation_error.go:767.59,769.2 1 0
github.com/getkin/kin-openapi/openapi3/validation_error.go:773.67,775.2 1 0
github.com/getkin/kin-openapi/openapi3/validation_error.go:779.60,781.2 1 0
github.com/getkin/kin-openapi/openapi3/validation_error.go:785.68,787.2 1 0
github.com/getkin/kin-openapi/openapi3/validation_error.go:791.61,793.2 1 0
github.com/getkin/kin-openapi/openapi3/validation_error.go:797.55,799.2 1 0
github.com/getkin/kin-openapi/openapi3/validation_error.go:803.58,805.2 1 0
github.com/getkin/kin-openapi/openapi3/validation_error.go:809.58,811.2 1 0
github.com/getkin/kin-openapi/openapi3/validation_error.go:815.59,817.2 1 0
github.com/getkin/kin-openapi/openapi3/validation_error.go:821.55,823.2 1 0
github.com/getkin/kin-openapi/openapi3/validation_error.go:827.65,829.2 1 0
github.com/getkin/kin-openapi/openapi3/validation_error.go:833.57,835.2 1 0
github.com/getkin/kin-openapi/openapi3/validation_error.go:839.53,841.2 1 0
github.com/getkin/kin-openapi/openapi3/validation_error.go:845.57,847.2 1 0
github.com/getkin/kin-openapi/openapi3/validation_error.go:851.64,853.2 1 0
github.com/getkin/kin-openapi/openapi3/validation_error.go:859.66,861.2 1 0
github.com/getkin/kin-openapi/openapi3/validation_error.go:865.65,867.2 1 0
github.com/getkin/kin-openapi/openapi3/validation_error.go:871.61,873.2 1 0
github.com/getkin/kin-openapi/openapi3/validation_error.go:877.59,879.2 1 0
github.com/getkin/kin-openapi/openapi3/validation_error.go:883.64,885.2 1 0
github.com/getkin/kin-openapi/openapi3/validation_error.go:891.51,893.2 1 0
github.com/getkin/kin-openapi/openapi3/validation_error.go:897.49,899.2 1 0
github.com/getkin/kin-openapi/openapi3/validation_error.go:903.66,905.2 1 0
github.com/getkin/kin-openapi/openapi3/validation_error.go:909.58,911.2 1 0
github.com/getkin/kin-openapi/openapi3/validation_error.go:917.57,919.2 1 0
github.com/getkin/kin-openapi/openapi3/validation_error.go:923.63,925.2 1 0
github.com/getkin/kin-openapi/openapi3/validation_error.go:929.54,931.2 1 0
github.com/getkin/kin-openapi/openapi3/validation_error.go:935.63,937.2 1 0
github.com/getkin/kin-openapi/openapi3/validation_error.go:944.51,946.2 1 0
github.com/getkin/kin-openapi/openapi3/validation_error.go:950.54,952.2 1 0
github.com/getkin/kin-openapi/openapi3/validation_error.go:956.57,958.2 1 0
github.com/getkin/kin-openapi/openapi3/validation_error.go:962.54,964.2 1 0
github.com/getkin/kin-openapi/openapi3/validation_error.go:968.57,970.2 1 0
github.com/getkin/kin-openapi/openapi3/validation_error.go:974.57,976.2 1 0
github.com/getkin/kin-openapi/openapi3/validation_error.go:980.63,982.2 1 0
github.com/getkin/kin-openapi/openapi3/validation_error.go:986.62,988.2 1 0
github.com/getkin/kin-openapi/openapi3/validation_error.go:992.59,994.2 1 0
github.com/getkin/kin-openapi/openapi3/validation_error.go:998.62,1000.2 1 0
github.com/getkin/kin-openapi/openapi3/validation_error.go:1004.67,1006.2 1 0
github.com/getkin/kin-openapi/openapi3/validation_error.go:1010.48,1012.2 1 0
github.com/getkin/kin-openapi/openapi3/validation_error.go:1016.50,1018.2 1 0
github.com/getkin/kin-openapi/openapi3/validation_error.go:1022.50,1024.2 1 0
github.com/getkin/kin-openapi/openapi3/validation_error.go:1028.63,1030.2 1 0
github.com/getkin/kin-openapi/openapi3/validation_error.go:1034.61,1036.2 1 0
github.com/getkin/kin-openapi/openapi3/validation_error.go:1040.62,1042.2 1 0
github.com/getkin/kin-openapi/openapi3/validation_error.go:1046.59,1048.2 1 0
github.com/getkin/kin-openapi/openapi3/validation_error.go:1052.50,1054.2 1 0
github.com/getkin/kin-openapi/openapi3/validation_error.go:1058.52,1060.2 1 0
github.com/getkin/kin-openapi/openapi3/validation_error.go:1064.53,1066.2 1 0
github.com/getkin/kin-openapi/openapi3/validation_error.go:1070.48,1072.2 1 0
github.com/getkin/kin-openapi/openapi3/validation_error.go:1076.52,1078.2 1 0
github.com/getkin/kin-openapi/openapi3/validation_error.go:1082.59,1084.2 1 0
github.com/getkin/kin-openapi/openapi3/validation_error.go:1088.56,1090.2 1 0
github.com/getkin/kin-openapi/openapi3/validation_error.go:1098.71,1100.2 1 0
github.com/getkin/kin-openapi/openapi3/validation_error.go:1102.51,1105.2 1 0
github.com/getkin/kin-openapi/openapi3/validation_error.go:1107.49,1110.2 1 0
github.com/getkin/kin-openapi/openapi3/validation_error.go:1112.51,1115.2 1 0
github.com/getkin/kin-openapi/openapi3/validation_error.go:1117.54,1120.2 1 0
github.com/getkin/kin-openapi/openapi3/validation_error.go:1122.49,1125.2 1 0
github.com/getkin/kin-openapi/openapi3/validation_error.go:1129.84,1131.2 1 0
github.com/getkin/kin-openapi/openapi3/validation_error.go:1133.75,1137.2 2 0
github.com/getkin/kin-openapi/openapi3/validation_error.go:1139.78,1143.2 2 0
github.com/getkin/kin-openapi/openapi3/validation_error.go:1145.51,1149.2 2 0
github.com/getkin/kin-openapi/openapi3/validation_error.go:1153.80,1155.2 1 0
github.com/getkin/kin-openapi/openapi3/validation_error.go:1157.67,1161.2 2 0
github.com/getkin/kin-openapi/openapi3/validation_error.go:1163.60,1167.2 2 0
github.com/getkin/kin-openapi/openapi3/validation_error.go:1169.44,1172.2 1 0
github.com/getkin/kin-openapi/openapi3/validation_error.go:1174.45,1177.2 1 0
github.com/getkin/kin-openapi/openapi3/validation_error.go:1179.68,1182.2 1 0
github.com/getkin/kin-openapi/openapi3/validation_error.go:1186.73,1188.2 1 0
github.com/getkin/kin-openapi/openapi3/validation_error.go:1190.67,1194.2 2 0
github.com/getkin/kin-openapi/openapi3/validation_error.go:1196.63,1200.2 2 0
github.com/getkin/kin-openapi/openapi3/validation_error.go:1202.68,1206.2 2 0
github.com/getkin/kin-openapi/openapi3/validation_error.go:1210.76,1212.2 1 0
github.com/getkin/kin-openapi/openapi3/validation_error.go:1214.64,1218.2 2 0
github.com/getkin/kin-openapi/openapi3/validation_error.go:1223.73,1227.2 2 0
github.com/getkin/kin-openapi/openapi3/validation_error.go:1232.78,1234.2 1 0
github.com/getkin/kin-openapi/openapi3/validation_error.go:1236.59,1240.2 2 0
github.com/getkin/kin-openapi/openapi3/validation_error.go:1242.56,1246.2 2 0
github.com/getkin/kin-openapi/openapi3/validation_error.go:1248.39,1254.2 2 0
github.com/getkin/kin-openapi/openapi3/validation_error.go:1256.55,1259.2 1 0
github.com/getkin/kin-openapi/openapi3/validation_error.go:1261.58,1264.2 1 0
github.com/getkin/kin-openapi/openapi3/validation_error.go:1266.58,1269.2 1 0
github.com/getkin/kin-openapi/openapi3/validation_error.go:1271.59,1274.2 1 0
github.com/getkin/kin-openapi/openapi3/validation_error.go:1276.55,1279.2 1 0
github.com/getkin/kin-openapi/openapi3/validation_error.go:1281.65,1284.2 1 0
github.com/getkin/kin-openapi/openapi3/validation_error.go:1286.57,1289.2 1 0
github.com/getkin/kin-openapi/openapi3/validation_error.go:1293.90,1300.2 1 0
github.com/getkin/kin-openapi/openapi3/validation_error.go:1302.66,1306.2 2 0
github.com/getkin/kin-openapi/openapi3/validation_error.go:1308.65,1312.2 2 0
github.com/getkin/kin-openapi/openapi3/validation_error.go:1314.61,1318.2 2 0
github.com/getkin/kin-openapi/openapi3/validation_error.go:1320.93,1324.2 2 0
github.com/getkin/kin-openapi/openapi3/validation_error.go:1326.64,1330.2 2 0
github.com/getkin/kin-openapi/openapi3/validation_error.go:1334.72,1336.2 1 0
github.com/getkin/kin-openapi/openapi3/validation_error.go:1338.51,1342.2 2 0
github.com/getkin/kin-openapi/openapi3/validation_error.go:1344.49,1348.2 2 0
github.com/getkin/kin-openapi/openapi3/validation_error.go:1350.66,1354.2 2 0
github.com/getkin/kin-openapi/openapi3/validation_error.go:1356.58,1360.2 2 0
github.com/getkin/kin-openapi/openapi3/validation_error.go:1362.53,1365.2 1 0
github.com/getkin/kin-openapi/openapi3/validation_error.go:1367.57,1371.2 2 0
github.com/getkin/kin-openapi/openapi3/validation_error.go:1373.64,1377.2 2 0
github.com/getkin/kin-openapi/openapi3/validation_error.go:1384.53,1386.2 1 0
github.com/getkin/kin-openapi/openapi3/validation_error.go:1390.53,1392.2 1 0
github.com/getkin/kin-openapi/openapi3/validation_error.go:1394.65,1396.9 2 0
github.com/getkin/kin-openapi/openapi3/validation_error.go:1396.9,1398.3 1 0
github.com/getkin/kin-openapi/openapi3/validation_error.go:1399.2,1400.13 2 0
github.com/getkin/kin-openapi/openapi3/validation_error.go:1407.79,1409.19 2 0
github.com/getkin/kin-openapi/openapi3/validation_error.go:1410.17,1411.37 1 0
github.com/getkin/kin-openapi/openapi3/validation_error.go:1412.17,1413.37 1 0
github.com/getkin/kin-openapi/openapi3/validation_error.go:1415.2,1415.13 1 0
github.com/getkin/kin-openapi/openapi3/validation_error.go:1423.64,1424.35 1 0
github.com/getkin/kin-openapi/openapi3/validation_error.go:1424.35,1426.3 1 0
github.com/getkin/kin-openapi/openapi3/validation_error.go:1427.2,1427.46 1 0
github.com/getkin/kin-openapi/openapi3/validation_error.go:1427.46,1429.3 1 0
github.com/getkin/kin-openapi/openapi3/validation_error.go:1430.2,1430.18 1 0
github.com/getkin/kin-openapi/openapi3/validation_error.go:1436.90,1443.2 1 0
github.com/getkin/kin-openapi/openapi3/validation_error.go:1450.57,1454.2 2 0
github.com/getkin/kin-openapi/openapi3/validation_error.go:1456.63,1460.2 2 0
github.com/getkin/kin-openapi/openapi3/validation_error.go:1462.54,1466.2 2 0
github.com/getkin/kin-openapi/openapi3/validation_error.go:1468.63,1472.2 2 0
github.com/getkin/kin-openapi/openapi3/validation_error.go:1482.48,1482.108 1 0
github.com/getkin/kin-openapi/openapi3/validation_error.go:1483.48,1483.111 1 0
github.com/getkin/kin-openapi/openapi3/validation_error.go:1484.48,1484.114 1 0
github.com/getkin/kin-openapi/openapi3/validation_error.go:1485.48,1485.111 1 0
github.com/getkin/kin-openapi/openapi3/validation_error.go:1486.48,1486.114 1 0
github.com/getkin/kin-openapi/openapi3/validation_error.go:1487.48,1487.114 1 0
github.com/getkin/kin-openapi/openapi3/validation_error.go:1488.48,1488.120 1 0
github.com/getkin/kin-openapi/openapi3/validation_error.go:1489.48,1489.119 1 0
github.com/getkin/kin-openapi/openapi3/validation_error.go:1490.48,1490.116 1 0
github.com/getkin/kin-openapi/openapi3/validation_error.go:1491.48,1491.119 1 0
github.com/getkin/kin-openapi/openapi3/validation_error.go:1492.48,1492.124 1 0
github.com/getkin/kin-openapi/openapi3/validation_error.go:1493.48,1493.105 1 0
github.com/getkin/kin-openapi/openapi3/validation_error.go:1494.48,1494.107 1 0
github.com/getkin/kin-openapi/openapi3/validation_error.go:1495.48,1495.107 1 0
github.com/getkin/kin-openapi/openapi3/validation_error.go:1496.48,1496.120 1 0
github.com/getkin/kin-openapi/openapi3/validation_error.go:1497.48,1497.118 1 0
github.com/getkin/kin-openapi/openapi3/validation_error.go:1498.48,1498.119 1 0
github.com/getkin/kin-openapi/openapi3/validation_error.go:1499.48,1499.116 1 0
github.com/getkin/kin-openapi/openapi3/validation_error.go:1500.48,1500.107 1 0
github.com/getkin/kin-openapi/openapi3/validation_error.go:1501.48,1501.109 1 0
github.com/getkin/kin-openapi/openapi3/validation_error.go:1502.48,1502.110 1 0
github.com/getkin/kin-openapi/openapi3/validation_error.go:1503.48,1503.105 1 0
github.com/getkin/kin-openapi/openapi3/validation_error.go:1504.48,1504.109 1 0
github.com/getkin/kin-openapi/openapi3/validation_error.go:1505.48,1505.116 1 0
github.com/getkin/kin-openapi/openapi3/validation_error.go:1506.48,1506.113 1 0
github.com/getkin/kin-openapi/openapi3/validation_error.go:1517.60,1520.49 3 0
github.com/getkin/kin-openapi/openapi3/validation_error.go:1520.49,1522.3 1 0
github.com/getkin/kin-openapi/openapi3/validation_error.go:1522.8,1524.3 1 0
github.com/getkin/kin-openapi/openapi3/validation_error.go:1525.2,1525.60 1 0
github.com/getkin/kin-openapi/openapi3/validation_error.go:1530.56,1532.2 1 0
github.com/getkin/kin-openapi/openapi3/validation_error.go:1535.37,1535.102 1 0
github.com/getkin/kin-openapi/openapi3/validation_error.go:1538.60,1541.49 3 0
github.com/getkin/kin-openapi/openapi3/validation_error.go:1541.49,1543.3 1 0
github.com/getkin/kin-openapi/openapi3/validation_error.go:1543.8,1545.3 1 0
github.com/getkin/kin-openapi/openapi3/validation_error.go:1546.2,1546.60 1 0
github.com/getkin/kin-openapi/openapi3/validation_error.go:1549.67,1551.2 1 0
github.com/getkin/kin-openapi/openapi3/validation_error.go:1553.94,1560.2 1 0
github.com/getkin/kin-openapi/openapi3/validation_error.go:1562.67,1564.2 1 0
github.com/getkin/kin-openapi/openapi3/validation_error.go:1566.59,1568.2 1 0
github.com/getkin/kin-openapi/openapi3/validation_error.go:1570.64,1572.2 1 0
github.com/getkin/kin-openapi/openapi3/validation_error.go:1574.84,1576.2 1 0
github.com/getkin/kin-openapi/openapi3/validation_error.go:1578.69,1580.2 1 0
github.com/getkin/kin-openapi/openapi3/validation_error.go:1582.64,1584.2 1 0
github.com/getkin/kin-openapi/openapi3/validation_error.go:1586.57,1588.2 1 0
github.com/getkin/kin-openapi/openapi3/validation_error.go:1590.61,1592.2 1 0
github.com/getkin/kin-openapi/openapi3/validation_error.go:1594.75,1597.2 1 0
github.com/getkin/kin-openapi/openapi3/validation_error.go:1599.78,1602.2 1 0
github.com/getkin/kin-openapi/openapi3/validation_error.go:1604.76,1607.2 1 0
github.com/getkin/kin-openapi/openapi3/validation_error.go:1609.78,1612.2 1 0
github.com/getkin/kin-openapi/openapi3/validation_error.go:1614.86,1617.2 1 0
github.com/getkin/kin-openapi/openapi3/validation_error.go:1619.79,1622.2 1 0
github.com/getkin/kin-openapi/openapi3/validation_error.go:1624.67,1626.2 1 0
github.com/getkin/kin-openapi/openapi3/validation_error.go:1628.69,1630.2 1 0
github.com/getkin/kin-openapi/openapi3/validation_error.go:1632.67,1634.2 1 0
github.com/getkin/kin-openapi/openapi3/validation_error.go:1636.95,1638.2 1 0
github.com/getkin/kin-openapi/openapi3/validation_error.go:1640.90,1643.2 1 0
github.com/getkin/kin-openapi/openapi3/validation_error.go:1645.80,1648.2 1 0
github.com/getkin/kin-openapi/openapi3/validation_error_context.go:64.49,66.2 1 0
github.com/getkin/kin-openapi/openapi3/validation_error_context.go:68.49,68.67 1 0
github.com/getkin/kin-openapi/openapi3/validation_error_context.go:81.46,83.2 1 0
github.com/getkin/kin-openapi/openapi3/validation_error_context.go:85.46,85.64 1 0
github.com/getkin/kin-openapi/openapi3/validation_error_context.go:98.51,100.2 1 0
github.com/getkin/kin-openapi/openapi3/validation_error_context.go:102.51,102.69 1 0
github.com/getkin/kin-openapi/openapi3/validation_error_context.go:122.51,124.2 1 0
github.com/getkin/kin-openapi/openapi3/validation_error_context.go:126.51,126.69 1 0
github.com/getkin/kin-openapi/openapi3/validation_error_context.go:134.57,136.2 1 0
github.com/getkin/kin-openapi/openapi3/validation_error_context.go:138.57,138.75 1 0
github.com/getkin/kin-openapi/openapi3/validation_error_context.go:148.53,150.2 1 0
github.com/getkin/kin-openapi/openapi3/validation_error_context.go:152.53,152.71 1 0
github.com/getkin/kin-openapi/openapi3/validation_error_context.go:162.58,164.2 1 0
github.com/getkin/kin-openapi/openapi3/validation_error_context.go:166.58,166.76 1 0
github.com/getkin/kin-openapi/openapi3/validation_error_context.go:176.49,178.2 1 0
github.com/getkin/kin-openapi/openapi3/validation_error_context.go:180.49,180.67 1 0
github.com/getkin/kin-openapi/openapi3/validation_error_context.go:192.56,194.2 1 0
github.com/getkin/kin-openapi/openapi3/validation_error_context.go:196.56,196.74 1 0
github.com/getkin/kin-openapi/openapi3/validation_error_context.go:206.58,208.2 1 0
github.com/getkin/kin-openapi/openapi3/validation_error_context.go:210.58,210.76 1 0
github.com/getkin/kin-openapi/openapi3/validation_error_context.go:218.60,220.2 1 0
github.com/getkin/kin-openapi/openapi3/validation_error_context.go:222.60,222.78 1 0
github.com/getkin/kin-openapi/openapi3/validation_error_context.go:233.51,235.2 1 0
github.com/getkin/kin-openapi/openapi3/validation_error_context.go:237.51,237.69 1 0
github.com/getkin/kin-openapi/openapi3/validation_error_context.go:249.56,251.2 1 0
github.com/getkin/kin-openapi/openapi3/validation_error_context.go:253.56,253.74 1 0
github.com/getkin/kin-openapi/openapi3/validation_error_context.go:267.65,275.6 2 0
github.com/getkin/kin-openapi/openapi3/validation_error_context.go:275.6,277.46 2 0
github.com/getkin/kin-openapi/openapi3/validation_error_context.go:277.46,278.9 1 0
github.com/getkin/kin-openapi/openapi3/validation_error_context.go:280.3,280.22 1 0
github.com/getkin/kin-openapi/openapi3/validation_error_context.go:282.2,282.67 1 0
github.com/getkin/kin-openapi/openapi3/validation_error_context.go:285.65,285.83 1 0
github.com/getkin/kin-openapi/openapi3/validation_error_context.go:296.45,298.2 1 0
github.com/getkin/kin-openapi/openapi3/validation_error_context.go:300.45,300.63 1 0
github.com/getkin/kin-openapi/openapi3/validation_options.go:27.65,28.42 1 0
github.com/getkin/kin-openapi/openapi3/validation_options.go:28.42,29.67 1 0
github.com/getkin/kin-openapi/openapi3/validation_options.go:29.67,31.4 1 0
github.com/getkin/kin-openapi/openapi3/validation_options.go:32.3,32.32 1 0
github.com/getkin/kin-openapi/openapi3/validation_options.go:32.32,34.4 1 0
github.com/getkin/kin-openapi/openapi3/validation_options.go:39.44,40.42 1 0
github.com/getkin/kin-openapi/openapi3/validation_options.go:40.42,43.3 2 0
github.com/getkin/kin-openapi/openapi3/validation_options.go:47.44,48.42 1 0
github.com/getkin/kin-openapi/openapi3/validation_options.go:48.42,52.3 3 0
github.com/getkin/kin-openapi/openapi3/validation_options.go:57.54,58.42 1 0
github.com/getkin/kin-openapi/openapi3/validation_options.go:58.42,60.3 1 0
github.com/getkin/kin-openapi/openapi3/validation_options.go:65.55,66.42 1 0
github.com/getkin/kin-openapi/openapi3/validation_options.go:66.42,68.3 1 0
github.com/getkin/kin-openapi/openapi3/validation_options.go:73.55,74.42 1 0
github.com/getkin/kin-openapi/openapi3/validation_options.go:74.42,76.3 1 0
github.com/getkin/kin-openapi/openapi3/validation_options.go:80.56,81.42 1 0
github.com/getkin/kin-openapi/openapi3/validation_options.go:81.42,83.3 1 0
github.com/getkin/kin-openapi/openapi3/validation_options.go:88.56,89.42 1 0
github.com/getkin/kin-openapi/openapi3/validation_options.go:89.42,91.3 1 0
github.com/getkin/kin-openapi/openapi3/validation_options.go:96.57,97.42 1 0
github.com/getkin/kin-openapi/openapi3/validation_options.go:97.42,99.3 1 0
github.com/getkin/kin-openapi/openapi3/validation_options.go:104.50,105.42 1 0
github.com/getkin/kin-openapi/openapi3/validation_options.go:105.42,107.3 1 0
github.com/getkin/kin-openapi/openapi3/validation_options.go:112.51,113.42 1 0
github.com/getkin/kin-openapi/openapi3/validation_options.go:113.42,115.3 1 0
github.com/getkin/kin-openapi/openapi3/validation_options.go:122.48,123.42 1 0
github.com/getkin/kin-openapi/openapi3/validation_options.go:123.42,125.3 1 0
github.com/getkin/kin-openapi/openapi3/validation_options.go:132.51,133.42 1 0
github.com/getkin/kin-openapi/openapi3/validation_options.go:133.42,135.3 1 0
github.com/getkin/kin-openapi/openapi3/validation_options.go:151.42,152.42 1 0
github.com/getkin/kin-openapi/openapi3/validation_options.go:152.42,154.3 1 0
github.com/getkin/kin-openapi/openapi3/validation_options.go:159.61,160.42 1 0
github.com/getkin/kin-openapi/openapi3/validation_options.go:160.42,162.3 1 0
github.com/getkin/kin-openapi/openapi3/validation_options.go:166.91,167.20 1 1
github.com/getkin/kin-openapi/openapi3/validation_options.go:167.20,169.3 1 1
github.com/getkin/kin-openapi/openapi3/validation_options.go:170.2,171.27 2 0
github.com/getkin/kin-openapi/openapi3/validation_options.go:171.27,173.3 1 0
github.com/getkin/kin-openapi/openapi3/validation_options.go:174.2,174.64 1 0
github.com/getkin/kin-openapi/openapi3/validation_options.go:177.67,178.79 1 1
github.com/getkin/kin-openapi/openapi3/validation_options.go:178.79,180.3 1 0
github.com/getkin/kin-openapi/openapi3/validation_options.go:181.2,181.29 1 1
github.com/getkin/kin-openapi/openapi3/visited.go:3.36,8.2 1 0
github.com/getkin/kin-openapi/openapi3/visited.go:17.30,19.2 1 0
github.com/getkin/kin-openapi/openapi3/visited.go:23.47,24.40 1 0
github.com/getkin/kin-openapi/openapi3/visited.go:24.40,26.3 1 0
github.com/getkin/kin-openapi/openapi3/visited.go:28.2,29.14 2 0
github.com/getkin/kin-openapi/openapi3/visited.go:34.47,35.40 1 0
github.com/getkin/kin-openapi/openapi3/visited.go:35.40,37.3 1 0
github.com/getkin/kin-openapi/openapi3/visited.go:39.2,40.14 2 0
github.com/getkin/kin-openapi/openapi3/walk_parameters.go:36.59,37.16 1 0
github.com/getkin/kin-openapi/openapi3/walk_parameters.go:37.16,39.3 1 0
github.com/getkin/kin-openapi/openapi3/walk_parameters.go:40.2,41.24 2 0
github.com/getkin/kin-openapi/openapi3/walk_parameters.go:49.50,50.35 1 0
github.com/getkin/kin-openapi/openapi3/walk_parameters.go:50.35,51.63 1 0
github.com/getkin/kin-openapi/openapi3/walk_parameters.go:51.63,52.107 1 0
github.com/getkin/kin-openapi/openapi3/walk_parameters.go:52.107,54.5 1 0
github.com/getkin/kin-openapi/openapi3/walk_parameters.go:56.3,56.62 1 0
github.com/getkin/kin-openapi/openapi3/walk_parameters.go:56.62,57.64 1 0
github.com/getkin/kin-openapi/openapi3/walk_parameters.go:57.64,58.97 1 0
github.com/getkin/kin-openapi/openapi3/walk_parameters.go:58.97,60.6 1 0
github.com/getkin/kin-openapi/openapi3/walk_parameters.go:64.2,64.22 1 0
github.com/getkin/kin-openapi/openapi3/walk_parameters.go:64.22,66.56 2 0
github.com/getkin/kin-openapi/openapi3/walk_parameters.go:66.56,67.83 1 0
github.com/getkin/kin-openapi/openapi3/walk_parameters.go:67.83,69.5 1 0
github.com/getkin/kin-openapi/openapi3/walk_parameters.go:72.2,72.62 1 0
github.com/getkin/kin-openapi/openapi3/walk_parameters.go:72.62,73.92 1 0
github.com/getkin/kin-openapi/openapi3/walk_parameters.go:73.92,75.4 1 0
github.com/getkin/kin-openapi/openapi3/walk_parameters.go:77.2,77.12 1 0
github.com/getkin/kin-openapi/openapi3/walk_parameters.go:80.70,81.17 1 0
github.com/getkin/kin-openapi/openapi3/walk_parameters.go:81.17,83.3 1 0
github.com/getkin/kin-openapi/openapi3/walk_parameters.go:84.2,84.37 1 0
github.com/getkin/kin-openapi/openapi3/walk_parameters.go:84.37,85.77 1 0
github.com/getkin/kin-openapi/openapi3/walk_parameters.go:85.77,87.4 1 0
github.com/getkin/kin-openapi/openapi3/walk_parameters.go:89.2,90.55 2 0
github.com/getkin/kin-openapi/openapi3/walk_parameters.go:90.55,93.36 3 0
github.com/getkin/kin-openapi/openapi3/walk_parameters.go:93.36,94.80 1 0
github.com/getkin/kin-openapi/openapi3/walk_parameters.go:94.80,96.5 1 0
github.com/getkin/kin-openapi/openapi3/walk_parameters.go:98.3,98.63 1 0
github.com/getkin/kin-openapi/openapi3/walk_parameters.go:98.63,99.65 1 0
github.com/getkin/kin-openapi/openapi3/walk_parameters.go:99.65,100.92 1 0
github.com/getkin/kin-openapi/openapi3/walk_parameters.go:100.92,102.6 1 0
github.com/getkin/kin-openapi/openapi3/walk_parameters.go:106.2,106.12 1 0
github.com/getkin/kin-openapi/openapi3/walk_parameters.go:109.68,111.55 2 0
github.com/getkin/kin-openapi/openapi3/walk_parameters.go:111.55,112.80 1 0
github.com/getkin/kin-openapi/openapi3/walk_parameters.go:112.80,114.4 1 0
github.com/getkin/kin-openapi/openapi3/walk_parameters.go:116.2,116.12 1 0
github.com/getkin/kin-openapi/openapi3/walk_parameters.go:119.73,120.34 1 0
github.com/getkin/kin-openapi/openapi3/walk_parameters.go:120.34,122.3 1 0
github.com/getkin/kin-openapi/openapi3/walk_parameters.go:123.2,123.35 1 0
github.com/getkin/kin-openapi/openapi3/walk_parameters.go:123.35,125.3 1 0
github.com/getkin/kin-openapi/openapi3/walk_parameters.go:126.2,127.22 2 0
github.com/getkin/kin-openapi/openapi3/walk_schemas.go:49.53,50.16 1 0
github.com/getkin/kin-openapi/openapi3/walk_schemas.go:50.16,52.3 1 0
github.com/getkin/kin-openapi/openapi3/walk_schemas.go:53.2,54.24 2 0
github.com/getkin/kin-openapi/openapi3/walk_schemas.go:64.39,65.35 1 0
github.com/getkin/kin-openapi/openapi3/walk_schemas.go:65.35,67.3 1 0
github.com/getkin/kin-openapi/openapi3/walk_schemas.go:68.2,68.61 1 0
github.com/getkin/kin-openapi/openapi3/walk_schemas.go:71.47,72.35 1 0
github.com/getkin/kin-openapi/openapi3/walk_schemas.go:72.35,73.60 1 0
github.com/getkin/kin-openapi/openapi3/walk_schemas.go:73.60,74.101 1 0
github.com/getkin/kin-openapi/openapi3/walk_schemas.go:74.101,76.5 1 0
github.com/getkin/kin-openapi/openapi3/walk_schemas.go:78.3,78.63 1 0
github.com/getkin/kin-openapi/openapi3/walk_schemas.go:78.63,79.107 1 0
github.com/getkin/kin-openapi/openapi3/walk_schemas.go:79.107,81.5 1 0
github.com/getkin/kin-openapi/openapi3/walk_schemas.go:83.3,83.60 1 0
github.com/getkin/kin-openapi/openapi3/walk_schemas.go:83.60,84.98 1 0
github.com/getkin/kin-openapi/openapi3/walk_schemas.go:84.98,86.5 1 0
github.com/getkin/kin-openapi/openapi3/walk_schemas.go:88.3,88.66 1 0
github.com/getkin/kin-openapi/openapi3/walk_schemas.go:88.66,89.68 1 0
github.com/getkin/kin-openapi/openapi3/walk_schemas.go:89.68,90.119 1 0
github.com/getkin/kin-openapi/openapi3/walk_schemas.go:90.119,92.6 1 0
github.com/getkin/kin-openapi/openapi3/walk_schemas.go:95.3,95.62 1 0
github.com/getkin/kin-openapi/openapi3/walk_schemas.go:95.62,96.104 1 0
github.com/getkin/kin-openapi/openapi3/walk_schemas.go:96.104,98.5 1 0
github.com/getkin/kin-openapi/openapi3/walk_schemas.go:100.3,100.62 1 0
github.com/getkin/kin-openapi/openapi3/walk_schemas.go:100.62,101.64 1 0
github.com/getkin/kin-openapi/openapi3/walk_schemas.go:101.64,102.97 1 0
github.com/getkin/kin-openapi/openapi3/walk_schemas.go:102.97,104.6 1 0
github.com/getkin/kin-openapi/openapi3/walk_schemas.go:108.2,108.22 1 0
github.com/getkin/kin-openapi/openapi3/walk_schemas.go:108.22,110.56 2 0
github.com/getkin/kin-openapi/openapi3/walk_schemas.go:110.56,111.83 1 0
github.com/getkin/kin-openapi/openapi3/walk_schemas.go:111.83,113.5 1 0
github.com/getkin/kin-openapi/openapi3/walk_schemas.go:116.2,116.62 1 0
github.com/getkin/kin-openapi/openapi3/walk_schemas.go:116.62,117.92 1 0
github.com/getkin/kin-openapi/openapi3/walk_schemas.go:117.92,119.4 1 0
github.com/getkin/kin-openapi/openapi3/walk_schemas.go:121.2,121.12 1 0
github.com/getkin/kin-openapi/openapi3/walk_schemas.go:124.67,125.17 1 0
github.com/getkin/kin-openapi/openapi3/walk_schemas.go:125.17,127.3 1 0
github.com/getkin/kin-openapi/openapi3/walk_schemas.go:128.2,128.37 1 0
github.com/getkin/kin-openapi/openapi3/walk_schemas.go:128.37,129.77 1 0
github.com/getkin/kin-openapi/openapi3/walk_schemas.go:129.77,131.4 1 0
github.com/getkin/kin-openapi/openapi3/walk_schemas.go:133.2,134.55 2 0
github.com/getkin/kin-openapi/openapi3/walk_schemas.go:134.55,135.83 1 0
github.com/getkin/kin-openapi/openapi3/walk_schemas.go:135.83,137.4 1 0
github.com/getkin/kin-openapi/openapi3/walk_schemas.go:139.2,139.12 1 0
github.com/getkin/kin-openapi/openapi3/walk_schemas.go:142.67,143.15 1 0
github.com/getkin/kin-openapi/openapi3/walk_schemas.go:143.15,145.3 1 0
github.com/getkin/kin-openapi/openapi3/walk_schemas.go:146.2,146.35 1 0
github.com/getkin/kin-openapi/openapi3/walk_schemas.go:146.35,147.77 1 0
github.com/getkin/kin-openapi/openapi3/walk_schemas.go:147.77,149.4 1 0
github.com/getkin/kin-openapi/openapi3/walk_schemas.go:151.2,151.58 1 0
github.com/getkin/kin-openapi/openapi3/walk_schemas.go:151.58,152.93 1 0
github.com/getkin/kin-openapi/openapi3/walk_schemas.go:152.93,154.4 1 0
github.com/getkin/kin-openapi/openapi3/walk_schemas.go:156.2,156.25 1 0
github.com/getkin/kin-openapi/openapi3/walk_schemas.go:156.25,158.60 2 0
github.com/getkin/kin-openapi/openapi3/walk_schemas.go:158.60,159.95 1 0
github.com/getkin/kin-openapi/openapi3/walk_schemas.go:159.95,161.5 1 0
github.com/getkin/kin-openapi/openapi3/walk_schemas.go:164.2,164.62 1 0
github.com/getkin/kin-openapi/openapi3/walk_schemas.go:164.62,165.64 1 0
github.com/getkin/kin-openapi/openapi3/walk_schemas.go:165.64,166.89 1 0
github.com/getkin/kin-openapi/openapi3/walk_schemas.go:166.89,168.5 1 0
github.com/getkin/kin-openapi/openapi3/walk_schemas.go:171.2,171.12 1 0
github.com/getkin/kin-openapi/openapi3/walk_schemas.go:174.65,176.55 2 0
github.com/getkin/kin-openapi/openapi3/walk_schemas.go:176.55,177.80 1 0
github.com/getkin/kin-openapi/openapi3/walk_schemas.go:177.80,179.4 1 0
github.com/getkin/kin-openapi/openapi3/walk_schemas.go:181.2,181.12 1 0
github.com/getkin/kin-openapi/openapi3/walk_schemas.go:184.70,185.34 1 0
github.com/getkin/kin-openapi/openapi3/walk_schemas.go:185.34,187.3 1 0
github.com/getkin/kin-openapi/openapi3/walk_schemas.go:188.2,188.68 1 0
github.com/getkin/kin-openapi/openapi3/walk_schemas.go:188.68,190.3 1 0
github.com/getkin/kin-openapi/openapi3/walk_schemas.go:191.2,191.52 1 0
github.com/getkin/kin-openapi/openapi3/walk_schemas.go:194.64,195.34 1 0
github.com/getkin/kin-openapi/openapi3/walk_schemas.go:195.34,197.3 1 0
github.com/getkin/kin-openapi/openapi3/walk_schemas.go:198.2,198.68 1 0
github.com/getkin/kin-openapi/openapi3/walk_schemas.go:198.68,200.3 1 0
github.com/getkin/kin-openapi/openapi3/walk_schemas.go:201.2,201.52 1 0
github.com/getkin/kin-openapi/openapi3/walk_schemas.go:204.68,205.34 1 0
github.com/getkin/kin-openapi/openapi3/walk_schemas.go:205.34,207.3 1 0
github.com/getkin/kin-openapi/openapi3/walk_schemas.go:208.2,208.66 1 0
github.com/getkin/kin-openapi/openapi3/walk_schemas.go:208.66,209.97 1 0
github.com/getkin/kin-openapi/openapi3/walk_schemas.go:209.97,211.4 1 0
github.com/getkin/kin-openapi/openapi3/walk_schemas.go:213.2,213.52 1 0
github.com/getkin/kin-openapi/openapi3/walk_schemas.go:216.67,217.62 1 0
github.com/getkin/kin-openapi/openapi3/walk_schemas.go:217.62,219.19 2 0
github.com/getkin/kin-openapi/openapi3/walk_schemas.go:219.19,220.12 1 0
github.com/getkin/kin-openapi/openapi3/walk_schemas.go:222.3,222.97 1 0
github.com/getkin/kin-openapi/openapi3/walk_schemas.go:222.97,224.4 1 0
github.com/getkin/kin-openapi/openapi3/walk_schemas.go:225.3,225.105 1 0
github.com/getkin/kin-openapi/openapi3/walk_schemas.go:225.105,227.4 1 0
github.com/getkin/kin-openapi/openapi3/walk_schemas.go:229.2,229.12 1 0
github.com/getkin/kin-openapi/openapi3/walk_schemas.go:232.70,233.27 1 0
github.com/getkin/kin-openapi/openapi3/walk_schemas.go:233.27,234.67 1 0
github.com/getkin/kin-openapi/openapi3/walk_schemas.go:234.67,236.4 1 0
github.com/getkin/kin-openapi/openapi3/walk_schemas.go:238.2,238.12 1 0
github.com/getkin/kin-openapi/openapi3/walk_schemas.go:241.67,242.34 1 0
github.com/getkin/kin-openapi/openapi3/walk_schemas.go:242.34,244.3 1 0
github.com/getkin/kin-openapi/openapi3/walk_schemas.go:245.2,246.28 2 0
github.com/getkin/kin-openapi/openapi3/walk_schemas.go:246.28,249.3 1 0
github.com/getkin/kin-openapi/openapi3/walk_schemas.go:250.2,252.38 2 0
github.com/getkin/kin-openapi/openapi3/walk_schemas.go:252.38,253.34 1 0
github.com/getkin/kin-openapi/openapi3/walk_schemas.go:253.34,255.4 1 0
github.com/getkin/kin-openapi/openapi3/walk_schemas.go:256.3,256.13 1 0
github.com/getkin/kin-openapi/openapi3/walk_schemas.go:259.2,259.62 1 0
github.com/getkin/kin-openapi/openapi3/walk_schemas.go:259.62,260.99 1 0
github.com/getkin/kin-openapi/openapi3/walk_schemas.go:260.99,262.4 1 0
github.com/getkin/kin-openapi/openapi3/walk_schemas.go:264.2,264.59 1 0
github.com/getkin/kin-openapi/openapi3/walk_schemas.go:264.59,266.3 1 0
github.com/getkin/kin-openapi/openapi3/walk_schemas.go:267.2,267.42 1 0
github.com/getkin/kin-openapi/openapi3/walk_schemas.go:267.42,268.97 1 0
github.com/getkin/kin-openapi/openapi3/walk_schemas.go:268.97,270.4 1 0
github.com/getkin/kin-openapi/openapi3/walk_schemas.go:272.2,272.60 1 0
github.com/getkin/kin-openapi/openapi3/walk_schemas.go:272.60,274.3 1 0
github.com/getkin/kin-openapi/openapi3/walk_schemas.go:275.2,275.60 1 0
github.com/getkin/kin-openapi/openapi3/walk_schemas.go:275.60,277.3 1 0
github.com/getkin/kin-openapi/openapi3/walk_schemas.go:278.2,278.60 1 0
github.com/getkin/kin-openapi/openapi3/walk_schemas.go:278.60,280.3 1 0
github.com/getkin/kin-openapi/openapi3/walk_schemas.go:281.2,281.55 1 0
github.com/getkin/kin-openapi/openapi3/walk_schemas.go:281.55,283.3 1 0
github.com/getkin/kin-openapi/openapi3/walk_schemas.go:284.2,284.72 1 0
github.com/getkin/kin-openapi/openapi3/walk_schemas.go:284.72,286.3 1 0
github.com/getkin/kin-openapi/openapi3/walk_schemas.go:287.2,287.65 1 0
github.com/getkin/kin-openapi/openapi3/walk_schemas.go:287.65,289.3 1 0
github.com/getkin/kin-openapi/openapi3/walk_schemas.go:290.2,290.69 1 0
github.com/getkin/kin-openapi/openapi3/walk_schemas.go:290.69,291.113 1 0
github.com/getkin/kin-openapi/openapi3/walk_schemas.go:291.113,293.4 1 0
github.com/getkin/kin-openapi/openapi3/walk_schemas.go:295.2,295.68 1 0
github.com/getkin/kin-openapi/openapi3/walk_schemas.go:295.68,296.111 1 0
github.com/getkin/kin-openapi/openapi3/walk_schemas.go:296.111,298.4 1 0
github.com/getkin/kin-openapi/openapi3/walk_schemas.go:300.2,300.75 1 0
github.com/getkin/kin-openapi/openapi3/walk_schemas.go:300.75,302.3 1 0
github.com/getkin/kin-openapi/openapi3/walk_schemas.go:303.2,303.53 1 0
github.com/getkin/kin-openapi/openapi3/walk_schemas.go:303.53,305.3 1 0
github.com/getkin/kin-openapi/openapi3/walk_schemas.go:306.2,306.57 1 0
github.com/getkin/kin-openapi/openapi3/walk_schemas.go:306.57,308.3 1 0
github.com/getkin/kin-openapi/openapi3/walk_schemas.go:309.2,309.57 1 0
github.com/getkin/kin-openapi/openapi3/walk_schemas.go:309.57,311.3 1 0
github.com/getkin/kin-openapi/openapi3/walk_schemas.go:312.2,312.56 1 0
github.com/getkin/kin-openapi/openapi3/walk_schemas.go:312.56,313.88 1 0
github.com/getkin/kin-openapi/openapi3/walk_schemas.go:313.88,315.4 1 0
github.com/getkin/kin-openapi/openapi3/walk_schemas.go:317.2,317.12 1 0
github.com/getkin/kin-openapi/openapi3/xml.go:23.46,25.16 2 0
github.com/getkin/kin-openapi/openapi3/xml.go:25.16,27.3 1 0
github.com/getkin/kin-openapi/openapi3/xml.go:28.2,28.24 1 0
github.com/getkin/kin-openapi/openapi3/xml.go:32.43,35.28 3 0
github.com/getkin/kin-openapi/openapi3/xml.go:35.28,37.3 1 0
github.com/getkin/kin-openapi/openapi3/xml.go:38.2,38.33 1 0
github.com/getkin/kin-openapi/openapi3/xml.go:38.33,40.3 1 0
github.com/getkin/kin-openapi/openapi3/xml.go:41.2,41.30 1 0
github.com/getkin/kin-openapi/openapi3/xml.go:41.30,43.3 1 0
github.com/getkin/kin-openapi/openapi3/xml.go:44.2,44.27 1 0
github.com/getkin/kin-openapi/openapi3/xml.go:44.27,46.3 1 0
github.com/getkin/kin-openapi/openapi3/xml.go:47.2,47.25 1 0
github.com/getkin/kin-openapi/openapi3/xml.go:47.25,49.3 1 0
github.com/getkin/kin-openapi/openapi3/xml.go:50.2,50.15 1 0
github.com/getkin/kin-openapi/openapi3/xml.go:54.50,57.49 3 0
github.com/getkin/kin-openapi/openapi3/xml.go:57.49,59.3 1 0
github.com/getkin/kin-openapi/openapi3/xml.go:60.2,66.28 7 0
github.com/getkin/kin-openapi/openapi3/xml.go:66.28,68.3 1 0
github.com/getkin/kin-openapi/openapi3/xml.go:69.2,70.12 2 0
github.com/getkin/kin-openapi/openapi3/xml.go:74.79,78.2 2 0
github.com/getkin/kin-openapi/openapi3filter/authentication_input.go:16.61,17.16 1 0
github.com/getkin/kin-openapi/openapi3filter/authentication_input.go:17.16,18.29 1 0
github.com/getkin/kin-openapi/openapi3filter/authentication_input.go:18.29,20.4 1 0
github.com/getkin/kin-openapi/openapi3filter/authentication_input.go:20.9,22.4 1 0
github.com/getkin/kin-openapi/openapi3filter/authentication_input.go:24.2,28.3 1 0
github.com/getkin/kin-openapi/openapi3filter/errors.go:23.41,25.28 2 0
github.com/getkin/kin-openapi/openapi3filter/errors.go:25.28,26.46 1 0
github.com/getkin/kin-openapi/openapi3filter/errors.go:26.46,28.4 1 0
github.com/getkin/kin-openapi/openapi3filter/errors.go:28.9,30.4 1 0
github.com/getkin/kin-openapi/openapi3filter/errors.go:32.2,32.34 1 0
github.com/getkin/kin-openapi/openapi3filter/errors.go:32.34,34.3 1 0
github.com/getkin/kin-openapi/openapi3filter/errors.go:34.8,34.43 1 0
github.com/getkin/kin-openapi/openapi3filter/errors.go:34.43,36.3 1 0
github.com/getkin/kin-openapi/openapi3filter/errors.go:37.2,37.15 1 0
github.com/getkin/kin-openapi/openapi3filter/errors.go:40.40,42.2 1 0
github.com/getkin/kin-openapi/openapi3filter/errors.go:55.42,57.28 2 0
github.com/getkin/kin-openapi/openapi3filter/errors.go:57.28,58.23 1 0
github.com/getkin/kin-openapi/openapi3filter/errors.go:58.23,60.4 1 0
github.com/getkin/kin-openapi/openapi3filter/errors.go:60.9,62.4 1 0
github.com/getkin/kin-openapi/openapi3filter/errors.go:64.2,64.15 1 0
github.com/getkin/kin-openapi/openapi3filter/errors.go:67.41,69.2 1 0
github.com/getkin/kin-openapi/openapi3filter/errors.go:80.54,82.31 2 1
github.com/getkin/kin-openapi/openapi3filter/errors.go:82.31,84.29 2 1
github.com/getkin/kin-openapi/openapi3filter/errors.go:84.29,86.4 1 0
github.com/getkin/kin-openapi/openapi3filter/errors.go:89.2,89.22 1 1
github.com/getkin/kin-openapi/openapi3filter/errors.go:94.55,96.2 1 0
github.com/getkin/kin-openapi/openapi3filter/internal.go:8.48,10.9 2 0
github.com/getkin/kin-openapi/openapi3filter/internal.go:10.9,12.3 1 0
github.com/getkin/kin-openapi/openapi3filter/internal.go:13.2,13.15 1 0
github.com/getkin/kin-openapi/openapi3filter/internal.go:16.33,17.18 1 0
github.com/getkin/kin-openapi/openapi3filter/internal.go:17.18,19.3 1 0
github.com/getkin/kin-openapi/openapi3filter/internal.go:20.2,20.38 1 0
github.com/getkin/kin-openapi/openapi3filter/internal.go:21.80,22.40 1 0
github.com/getkin/kin-openapi/openapi3filter/internal.go:24.2,24.14 1 0
github.com/getkin/kin-openapi/openapi3filter/middleware.go:47.40,48.11 1 0
github.com/getkin/kin-openapi/openapi3filter/middleware.go:49.17,50.14 1 0
github.com/getkin/kin-openapi/openapi3filter/middleware.go:51.30,52.21 1 0
github.com/getkin/kin-openapi/openapi3filter/middleware.go:53.29,54.23 1 0
github.com/getkin/kin-openapi/openapi3filter/middleware.go:55.10,56.24 1 0
github.com/getkin/kin-openapi/openapi3filter/middleware.go:62.81,65.94 1 0
github.com/getkin/kin-openapi/openapi3filter/middleware.go:65.94,67.4 1 0
github.com/getkin/kin-openapi/openapi3filter/middleware.go:68.63,70.4 1 0
github.com/getkin/kin-openapi/openapi3filter/middleware.go:72.2,72.25 1 0
github.com/getkin/kin-openapi/openapi3filter/middleware.go:72.25,74.3 1 0
github.com/getkin/kin-openapi/openapi3filter/middleware.go:75.2,75.10 1 0
github.com/getkin/kin-openapi/openapi3filter/middleware.go:86.39,87.28 1 0
github.com/getkin/kin-openapi/openapi3filter/middleware.go:87.28,89.3 1 0
github.com/getkin/kin-openapi/openapi3filter/middleware.go:95.39,96.28 1 0
github.com/getkin/kin-openapi/openapi3filter/middleware.go:96.28,98.3 1 0
github.com/getkin/kin-openapi/openapi3filter/middleware.go:104.42,105.28 1 0
github.com/getkin/kin-openapi/openapi3filter/middleware.go:105.28,107.3 1 0
github.com/getkin/kin-openapi/openapi3filter/middleware.go:111.57,112.28 1 0
github.com/getkin/kin-openapi/openapi3filter/middleware.go:112.28,114.3 1 0
github.com/getkin/kin-openapi/openapi3filter/middleware.go:119.61,120.71 1 0
github.com/getkin/kin-openapi/openapi3filter/middleware.go:120.71,123.17 3 0
github.com/getkin/kin-openapi/openapi3filter/middleware.go:123.17,127.4 3 0
github.com/getkin/kin-openapi/openapi3filter/middleware.go:128.3,134.69 2 0
github.com/getkin/kin-openapi/openapi3filter/middleware.go:134.69,138.4 3 0
github.com/getkin/kin-openapi/openapi3filter/middleware.go:140.3,141.15 2 0
github.com/getkin/kin-openapi/openapi3filter/middleware.go:141.15,143.4 1 0
github.com/getkin/kin-openapi/openapi3filter/middleware.go:143.9,145.4 1 0
github.com/getkin/kin-openapi/openapi3filter/middleware.go:147.3,155.18 2 0
github.com/getkin/kin-openapi/openapi3filter/middleware.go:155.18,157.16 2 0
github.com/getkin/kin-openapi/openapi3filter/middleware.go:157.16,159.5 1 0
github.com/getkin/kin-openapi/openapi3filter/middleware.go:160.4,160.10 1 0
github.com/getkin/kin-openapi/openapi3filter/middleware.go:163.3,163.47 1 0
github.com/getkin/kin-openapi/openapi3filter/middleware.go:163.47,165.4 1 0
github.com/getkin/kin-openapi/openapi3filter/middleware.go:191.73,197.2 3 0
github.com/getkin/kin-openapi/openapi3filter/middleware.go:200.61,201.23 1 0
github.com/getkin/kin-openapi/openapi3filter/middleware.go:201.23,203.3 1 0
github.com/getkin/kin-openapi/openapi3filter/middleware.go:204.2,204.24 1 0
github.com/getkin/kin-openapi/openapi3filter/middleware.go:208.56,209.23 1 0
github.com/getkin/kin-openapi/openapi3filter/middleware.go:209.23,214.3 2 0
github.com/getkin/kin-openapi/openapi3filter/middleware.go:215.2,215.29 1 0
github.com/getkin/kin-openapi/openapi3filter/middleware.go:219.53,221.2 1 0
github.com/getkin/kin-openapi/openapi3filter/middleware.go:224.40,227.39 1 0
github.com/getkin/kin-openapi/openapi3filter/middleware.go:227.39,229.3 1 0
github.com/getkin/kin-openapi/openapi3filter/middleware.go:232.58,234.2 1 0
github.com/getkin/kin-openapi/openapi3filter/middleware.go:236.49,238.2 1 0
github.com/getkin/kin-openapi/openapi3filter/middleware.go:240.54,242.2 1 0
github.com/getkin/kin-openapi/openapi3filter/middleware.go:252.63,253.23 1 0
github.com/getkin/kin-openapi/openapi3filter/middleware.go:253.23,255.3 1 0
github.com/getkin/kin-openapi/openapi3filter/middleware.go:256.2,256.25 1 0
github.com/getkin/kin-openapi/openapi3filter/middleware.go:260.58,261.23 1 0
github.com/getkin/kin-openapi/openapi3filter/middleware.go:261.23,264.3 2 0
github.com/getkin/kin-openapi/openapi3filter/middleware.go:268.55,270.2 1 0
github.com/getkin/kin-openapi/openapi3filter/middleware.go:272.60,276.2 3 0
github.com/getkin/kin-openapi/openapi3filter/middleware.go:278.51,280.2 1 0
github.com/getkin/kin-openapi/openapi3filter/middleware.go:282.56,284.2 1 0
github.com/getkin/kin-openapi/openapi3filter/options.go:55.70,57.2 1 0
github.com/getkin/kin-openapi/openapi3filter/req_resp_decoder.go:55.37,57.31 2 0
github.com/getkin/kin-openapi/openapi3filter/req_resp_decoder.go:57.31,59.23 2 0
github.com/getkin/kin-openapi/openapi3filter/req_resp_decoder.go:59.23,61.4 1 0
github.com/getkin/kin-openapi/openapi3filter/req_resp_decoder.go:62.3,62.68 1 0
github.com/getkin/kin-openapi/openapi3filter/req_resp_decoder.go:64.2,65.32 2 0
github.com/getkin/kin-openapi/openapi3filter/req_resp_decoder.go:68.42,70.20 2 0
github.com/getkin/kin-openapi/openapi3filter/req_resp_decoder.go:70.20,72.3 1 0
github.com/getkin/kin-openapi/openapi3filter/req_resp_decoder.go:73.2,73.20 1 0
github.com/getkin/kin-openapi/openapi3filter/req_resp_decoder.go:73.20,75.3 1 0
github.com/getkin/kin-openapi/openapi3filter/req_resp_decoder.go:76.2,76.20 1 0
github.com/getkin/kin-openapi/openapi3filter/req_resp_decoder.go:76.20,77.41 1 0
github.com/getkin/kin-openapi/openapi3filter/req_resp_decoder.go:77.41,79.4 1 0
github.com/getkin/kin-openapi/openapi3filter/req_resp_decoder.go:79.9,81.4 1 0
github.com/getkin/kin-openapi/openapi3filter/req_resp_decoder.go:83.2,83.32 1 0
github.com/getkin/kin-openapi/openapi3filter/req_resp_decoder.go:87.40,88.40 1 0
github.com/getkin/kin-openapi/openapi3filter/req_resp_decoder.go:88.40,90.3 1 0
github.com/getkin/kin-openapi/openapi3filter/req_resp_decoder.go:91.2,91.16 1 0
github.com/getkin/kin-openapi/openapi3filter/req_resp_decoder.go:94.36,96.2 1 0
github.com/getkin/kin-openapi/openapi3filter/req_resp_decoder.go:99.35,101.40 2 0
github.com/getkin/kin-openapi/openapi3filter/req_resp_decoder.go:101.40,103.17 2 0
github.com/getkin/kin-openapi/openapi3filter/req_resp_decoder.go:103.17,105.4 1 0
github.com/getkin/kin-openapi/openapi3filter/req_resp_decoder.go:107.2,107.21 1 0
github.com/getkin/kin-openapi/openapi3filter/req_resp_decoder.go:107.21,109.3 1 0
github.com/getkin/kin-openapi/openapi3filter/req_resp_decoder.go:110.2,110.13 1 0
github.com/getkin/kin-openapi/openapi3filter/req_resp_decoder.go:113.76,115.2 1 0
github.com/getkin/kin-openapi/openapi3filter/req_resp_decoder.go:124.3,126.18 2 0
github.com/getkin/kin-openapi/openapi3filter/req_resp_decoder.go:127.32,129.62 2 0
github.com/getkin/kin-openapi/openapi3filter/req_resp_decoder.go:129.62,131.4 1 0
github.com/getkin/kin-openapi/openapi3filter/req_resp_decoder.go:132.33,133.58 1 0
github.com/getkin/kin-openapi/openapi3filter/req_resp_decoder.go:134.34,136.93 2 0
github.com/getkin/kin-openapi/openapi3filter/req_resp_decoder.go:136.93,138.4 1 0
github.com/getkin/kin-openapi/openapi3filter/req_resp_decoder.go:139.34,141.78 2 0
github.com/getkin/kin-openapi/openapi3filter/req_resp_decoder.go:141.78,143.4 1 0
github.com/getkin/kin-openapi/openapi3filter/req_resp_decoder.go:143.9,143.24 1 0
github.com/getkin/kin-openapi/openapi3filter/req_resp_decoder.go:143.24,145.4 1 0
github.com/getkin/kin-openapi/openapi3filter/req_resp_decoder.go:145.9,148.4 2 0
github.com/getkin/kin-openapi/openapi3filter/req_resp_decoder.go:149.10,151.9 2 0
github.com/getkin/kin-openapi/openapi3filter/req_resp_decoder.go:154.2,154.12 1 0
github.com/getkin/kin-openapi/openapi3filter/req_resp_decoder.go:154.12,155.21 1 0
github.com/getkin/kin-openapi/openapi3filter/req_resp_decoder.go:155.21,157.4 1 0
github.com/getkin/kin-openapi/openapi3filter/req_resp_decoder.go:158.3,158.9 1 0
github.com/getkin/kin-openapi/openapi3filter/req_resp_decoder.go:161.2,162.20 2 0
github.com/getkin/kin-openapi/openapi3filter/req_resp_decoder.go:162.20,164.3 1 0
github.com/getkin/kin-openapi/openapi3filter/req_resp_decoder.go:166.2,167.8 2 0
github.com/getkin/kin-openapi/openapi3filter/req_resp_decoder.go:174.3,176.62 1 0
github.com/getkin/kin-openapi/openapi3filter/req_resp_decoder.go:176.62,179.3 2 0
github.com/getkin/kin-openapi/openapi3filter/req_resp_decoder.go:181.2,182.20 2 0
github.com/getkin/kin-openapi/openapi3filter/req_resp_decoder.go:182.20,185.3 2 0
github.com/getkin/kin-openapi/openapi3filter/req_resp_decoder.go:187.2,187.23 1 0
github.com/getkin/kin-openapi/openapi3filter/req_resp_decoder.go:187.23,190.3 2 0
github.com/getkin/kin-openapi/openapi3filter/req_resp_decoder.go:192.2,193.15 2 0
github.com/getkin/kin-openapi/openapi3filter/req_resp_decoder.go:193.15,196.3 2 0
github.com/getkin/kin-openapi/openapi3filter/req_resp_decoder.go:197.2,197.22 1 0
github.com/getkin/kin-openapi/openapi3filter/req_resp_decoder.go:197.22,200.3 2 0
github.com/getkin/kin-openapi/openapi3filter/req_resp_decoder.go:201.2,203.94 2 0
github.com/getkin/kin-openapi/openapi3filter/req_resp_decoder.go:203.94,204.66 1 0
github.com/getkin/kin-openapi/openapi3filter/req_resp_decoder.go:204.66,205.66 1 0
github.com/getkin/kin-openapi/openapi3filter/req_resp_decoder.go:205.66,207.5 1 0
github.com/getkin/kin-openapi/openapi3filter/req_resp_decoder.go:209.3,209.9 1 0
github.com/getkin/kin-openapi/openapi3filter/req_resp_decoder.go:212.2,212.22 1 0
github.com/getkin/kin-openapi/openapi3filter/req_resp_decoder.go:212.22,213.66 1 0
github.com/getkin/kin-openapi/openapi3filter/req_resp_decoder.go:213.66,216.4 2 0
github.com/getkin/kin-openapi/openapi3filter/req_resp_decoder.go:217.8,219.28 2 0
github.com/getkin/kin-openapi/openapi3filter/req_resp_decoder.go:219.28,221.61 2 0
github.com/getkin/kin-openapi/openapi3filter/req_resp_decoder.go:221.61,224.5 2 0
github.com/getkin/kin-openapi/openapi3filter/req_resp_decoder.go:225.4,225.37 1 0
github.com/getkin/kin-openapi/openapi3filter/req_resp_decoder.go:227.3,227.22 1 0
github.com/getkin/kin-openapi/openapi3filter/req_resp_decoder.go:229.2,229.8 1 0
github.com/getkin/kin-openapi/openapi3filter/req_resp_decoder.go:241.105,243.16 2 0
github.com/getkin/kin-openapi/openapi3filter/req_resp_decoder.go:243.16,245.3 1 0
github.com/getkin/kin-openapi/openapi3filter/req_resp_decoder.go:247.2,248.18 2 0
github.com/getkin/kin-openapi/openapi3filter/req_resp_decoder.go:249.32,250.33 1 0
github.com/getkin/kin-openapi/openapi3filter/req_resp_decoder.go:250.33,252.4 1 0
github.com/getkin/kin-openapi/openapi3filter/req_resp_decoder.go:253.3,253.56 1 0
github.com/getkin/kin-openapi/openapi3filter/req_resp_decoder.go:254.33,255.39 1 0
github.com/getkin/kin-openapi/openapi3filter/req_resp_decoder.go:255.39,257.4 1 0
github.com/getkin/kin-openapi/openapi3filter/req_resp_decoder.go:258.3,258.58 1 0
github.com/getkin/kin-openapi/openapi3filter/req_resp_decoder.go:259.34,260.58 1 0
github.com/getkin/kin-openapi/openapi3filter/req_resp_decoder.go:261.34,262.48 1 0
github.com/getkin/kin-openapi/openapi3filter/req_resp_decoder.go:263.10,264.78 1 0
github.com/getkin/kin-openapi/openapi3filter/req_resp_decoder.go:267.2,267.71 1 0
github.com/getkin/kin-openapi/openapi3filter/req_resp_decoder.go:270.146,273.33 2 0
github.com/getkin/kin-openapi/openapi3filter/req_resp_decoder.go:273.33,276.41 3 0
github.com/getkin/kin-openapi/openapi3filter/req_resp_decoder.go:276.41,280.34 4 0
github.com/getkin/kin-openapi/openapi3filter/req_resp_decoder.go:280.34,281.10 1 0
github.com/getkin/kin-openapi/openapi3filter/req_resp_decoder.go:284.3,284.27 1 0
github.com/getkin/kin-openapi/openapi3filter/req_resp_decoder.go:287.2,287.33 1 0
github.com/getkin/kin-openapi/openapi3filter/req_resp_decoder.go:287.33,288.41 1 0
github.com/getkin/kin-openapi/openapi3filter/req_resp_decoder.go:288.41,291.20 3 0
github.com/getkin/kin-openapi/openapi3filter/req_resp_decoder.go:291.20,293.5 1 0
github.com/getkin/kin-openapi/openapi3filter/req_resp_decoder.go:295.3,295.15 1 0
github.com/getkin/kin-openapi/openapi3filter/req_resp_decoder.go:295.15,297.4 1 0
github.com/getkin/kin-openapi/openapi3filter/req_resp_decoder.go:298.3,298.25 1 0
github.com/getkin/kin-openapi/openapi3filter/req_resp_decoder.go:301.2,301.33 1 0
github.com/getkin/kin-openapi/openapi3filter/req_resp_decoder.go:301.33,304.41 3 0
github.com/getkin/kin-openapi/openapi3filter/req_resp_decoder.go:304.41,307.16 3 0
github.com/getkin/kin-openapi/openapi3filter/req_resp_decoder.go:307.16,310.5 2 0
github.com/getkin/kin-openapi/openapi3filter/req_resp_decoder.go:312.3,312.21 1 0
github.com/getkin/kin-openapi/openapi3filter/req_resp_decoder.go:312.21,314.4 1 0
github.com/getkin/kin-openapi/openapi3filter/req_resp_decoder.go:315.3,315.15 1 0
github.com/getkin/kin-openapi/openapi3filter/req_resp_decoder.go:315.15,317.4 1 0
github.com/getkin/kin-openapi/openapi3filter/req_resp_decoder.go:318.3,318.25 1 0
github.com/getkin/kin-openapi/openapi3filter/req_resp_decoder.go:321.2,321.29 1 0
github.com/getkin/kin-openapi/openapi3filter/req_resp_decoder.go:321.29,324.3 1 0
github.com/getkin/kin-openapi/openapi3filter/req_resp_decoder.go:326.2,326.30 1 0
github.com/getkin/kin-openapi/openapi3filter/req_resp_decoder.go:326.30,328.10 2 0
github.com/getkin/kin-openapi/openapi3filter/req_resp_decoder.go:329.38,330.115 1 0
github.com/getkin/kin-openapi/openapi3filter/req_resp_decoder.go:330.115,332.22 2 0
github.com/getkin/kin-openapi/openapi3filter/req_resp_decoder.go:332.22,334.6 1 0
github.com/getkin/kin-openapi/openapi3filter/req_resp_decoder.go:335.5,335.21 1 0
github.com/getkin/kin-openapi/openapi3filter/req_resp_decoder.go:337.39,338.115 1 0
github.com/getkin/kin-openapi/openapi3filter/req_resp_decoder.go:338.115,340.5 1 0
github.com/getkin/kin-openapi/openapi3filter/req_resp_decoder.go:341.11,342.34 1 0
github.com/getkin/kin-openapi/openapi3filter/req_resp_decoder.go:344.3,344.37 1 0
github.com/getkin/kin-openapi/openapi3filter/req_resp_decoder.go:346.2,346.32 1 0
github.com/getkin/kin-openapi/openapi3filter/req_resp_decoder.go:347.25,348.40 1 0
github.com/getkin/kin-openapi/openapi3filter/req_resp_decoder.go:349.25,350.33 1 0
github.com/getkin/kin-openapi/openapi3filter/req_resp_decoder.go:350.33,352.4 1 0
github.com/getkin/kin-openapi/openapi3filter/req_resp_decoder.go:353.3,353.36 1 0
github.com/getkin/kin-openapi/openapi3filter/req_resp_decoder.go:354.27,355.61 1 0
github.com/getkin/kin-openapi/openapi3filter/req_resp_decoder.go:356.27,358.34 2 0
github.com/getkin/kin-openapi/openapi3filter/req_resp_decoder.go:359.10,360.55 1 0
github.com/getkin/kin-openapi/openapi3filter/req_resp_decoder.go:362.2,362.24 1 0
github.com/getkin/kin-openapi/openapi3filter/req_resp_decoder.go:370.139,372.18 2 0
github.com/getkin/kin-openapi/openapi3filter/req_resp_decoder.go:373.16,373.16 0 0
github.com/getkin/kin-openapi/openapi3filter/req_resp_decoder.go:375.15,376.15 1 0
github.com/getkin/kin-openapi/openapi3filter/req_resp_decoder.go:377.16,378.29 1 0
github.com/getkin/kin-openapi/openapi3filter/req_resp_decoder.go:379.10,380.55 1 0
github.com/getkin/kin-openapi/openapi3filter/req_resp_decoder.go:383.2,383.25 1 0
github.com/getkin/kin-openapi/openapi3filter/req_resp_decoder.go:383.25,386.3 1 0
github.com/getkin/kin-openapi/openapi3filter/req_resp_decoder.go:387.2,388.22 2 0
github.com/getkin/kin-openapi/openapi3filter/req_resp_decoder.go:388.22,391.3 1 0
github.com/getkin/kin-openapi/openapi3filter/req_resp_decoder.go:392.2,393.16 2 0
github.com/getkin/kin-openapi/openapi3filter/req_resp_decoder.go:393.16,395.3 1 0
github.com/getkin/kin-openapi/openapi3filter/req_resp_decoder.go:396.2,397.21 2 0
github.com/getkin/kin-openapi/openapi3filter/req_resp_decoder.go:400.137,402.9 2 0
github.com/getkin/kin-openapi/openapi3filter/req_resp_decoder.go:403.28,404.14 1 0
github.com/getkin/kin-openapi/openapi3filter/req_resp_decoder.go:405.42,407.14 2 0
github.com/getkin/kin-openapi/openapi3filter/req_resp_decoder.go:408.41,410.14 2 0
github.com/getkin/kin-openapi/openapi3filter/req_resp_decoder.go:411.43,413.14 2 0
github.com/getkin/kin-openapi/openapi3filter/req_resp_decoder.go:414.42,416.28 2 0
github.com/getkin/kin-openapi/openapi3filter/req_resp_decoder.go:417.10,418.55 1 0
github.com/getkin/kin-openapi/openapi3filter/req_resp_decoder.go:421.2,421.25 1 0
github.com/getkin/kin-openapi/openapi3filter/req_resp_decoder.go:421.25,424.3 1 0
github.com/getkin/kin-openapi/openapi3filter/req_resp_decoder.go:425.2,426.22 2 0
github.com/getkin/kin-openapi/openapi3filter/req_resp_decoder.go:426.22,429.3 1 0
github.com/getkin/kin-openapi/openapi3filter/req_resp_decoder.go:430.2,431.16 2 0
github.com/getkin/kin-openapi/openapi3filter/req_resp_decoder.go:431.16,433.3 1 0
github.com/getkin/kin-openapi/openapi3filter/req_resp_decoder.go:434.2,435.21 2 0
github.com/getkin/kin-openapi/openapi3filter/req_resp_decoder.go:438.147,440.9 2 0
github.com/getkin/kin-openapi/openapi3filter/req_resp_decoder.go:441.43,443.19 2 0
github.com/getkin/kin-openapi/openapi3filter/req_resp_decoder.go:444.42,446.19 2 0
github.com/getkin/kin-openapi/openapi3filter/req_resp_decoder.go:447.42,450.19 3 0
github.com/getkin/kin-openapi/openapi3filter/req_resp_decoder.go:451.41,454.19 3 0
github.com/getkin/kin-openapi/openapi3filter/req_resp_decoder.go:455.43,458.19 3 0
github.com/getkin/kin-openapi/openapi3filter/req_resp_decoder.go:459.42,462.19 3 0
github.com/getkin/kin-openapi/openapi3filter/req_resp_decoder.go:463.10,464.55 1 0
github.com/getkin/kin-openapi/openapi3filter/req_resp_decoder.go:467.2,467.25 1 0
github.com/getkin/kin-openapi/openapi3filter/req_resp_decoder.go:467.25,470.3 1 0
github.com/getkin/kin-openapi/openapi3filter/req_resp_decoder.go:471.2,472.22 2 0
github.com/getkin/kin-openapi/openapi3filter/req_resp_decoder.go:472.22,475.3 1 0
github.com/getkin/kin-openapi/openapi3filter/req_resp_decoder.go:476.2,477.16 2 0
github.com/getkin/kin-openapi/openapi3filter/req_resp_decoder.go:477.16,479.3 1 0
github.com/getkin/kin-openapi/openapi3filter/req_resp_decoder.go:480.2,481.16 2 0
github.com/getkin/kin-openapi/openapi3filter/req_resp_decoder.go:481.16,483.3 1 0
github.com/getkin/kin-openapi/openapi3filter/req_resp_decoder.go:485.2,486.21 2 0
github.com/getkin/kin-openapi/openapi3filter/req_resp_decoder.go:491.52,492.18 1 0
github.com/getkin/kin-openapi/openapi3filter/req_resp_decoder.go:492.18,494.3 1 0
github.com/getkin/kin-openapi/openapi3filter/req_resp_decoder.go:495.2,495.59 1 0
github.com/getkin/kin-openapi/openapi3filter/req_resp_decoder.go:495.59,501.3 1 0
github.com/getkin/kin-openapi/openapi3filter/req_resp_decoder.go:502.2,502.31 1 0
github.com/getkin/kin-openapi/openapi3filter/req_resp_decoder.go:510.139,511.24 1 0
github.com/getkin/kin-openapi/openapi3filter/req_resp_decoder.go:511.24,513.3 1 0
github.com/getkin/kin-openapi/openapi3filter/req_resp_decoder.go:515.2,516.22 2 0
github.com/getkin/kin-openapi/openapi3filter/req_resp_decoder.go:516.22,519.3 1 0
github.com/getkin/kin-openapi/openapi3filter/req_resp_decoder.go:524.2,525.34 2 0
github.com/getkin/kin-openapi/openapi3filter/req_resp_decoder.go:525.34,526.32 1 0
github.com/getkin/kin-openapi/openapi3filter/req_resp_decoder.go:526.32,527.15 1 0
github.com/getkin/kin-openapi/openapi3filter/req_resp_decoder.go:527.15,529.10 2 0
github.com/getkin/kin-openapi/openapi3filter/req_resp_decoder.go:534.2,534.60 1 0
github.com/getkin/kin-openapi/openapi3filter/req_resp_decoder.go:534.60,536.3 1 0
github.com/getkin/kin-openapi/openapi3filter/req_resp_decoder.go:537.2,538.21 2 0
github.com/getkin/kin-openapi/openapi3filter/req_resp_decoder.go:541.137,542.30 1 0
github.com/getkin/kin-openapi/openapi3filter/req_resp_decoder.go:542.30,544.3 1 0
github.com/getkin/kin-openapi/openapi3filter/req_resp_decoder.go:546.2,547.22 2 0
github.com/getkin/kin-openapi/openapi3filter/req_resp_decoder.go:547.22,550.3 1 0
github.com/getkin/kin-openapi/openapi3filter/req_resp_decoder.go:551.2,551.17 1 0
github.com/getkin/kin-openapi/openapi3filter/req_resp_decoder.go:551.17,553.19 2 0
github.com/getkin/kin-openapi/openapi3filter/req_resp_decoder.go:554.15,555.15 1 0
github.com/getkin/kin-openapi/openapi3filter/req_resp_decoder.go:556.25,557.15 1 0
github.com/getkin/kin-openapi/openapi3filter/req_resp_decoder.go:558.24,559.15 1 0
github.com/getkin/kin-openapi/openapi3filter/req_resp_decoder.go:563.3,563.41 1 0
github.com/getkin/kin-openapi/openapi3filter/req_resp_decoder.go:563.41,565.4 1 0
github.com/getkin/kin-openapi/openapi3filter/req_resp_decoder.go:565.9,567.4 1 0
github.com/getkin/kin-openapi/openapi3filter/req_resp_decoder.go:569.2,570.21 2 0
github.com/getkin/kin-openapi/openapi3filter/req_resp_decoder.go:576.99,579.24 2 0
github.com/getkin/kin-openapi/openapi3filter/req_resp_decoder.go:579.24,581.17 2 0
github.com/getkin/kin-openapi/openapi3filter/req_resp_decoder.go:581.17,582.38 1 0
github.com/getkin/kin-openapi/openapi3filter/req_resp_decoder.go:582.38,584.5 1 0
github.com/getkin/kin-openapi/openapi3filter/req_resp_decoder.go:585.4,585.49 1 0
github.com/getkin/kin-openapi/openapi3filter/req_resp_decoder.go:590.3,590.18 1 0
github.com/getkin/kin-openapi/openapi3filter/req_resp_decoder.go:590.18,592.4 1 0
github.com/getkin/kin-openapi/openapi3filter/req_resp_decoder.go:593.3,593.30 1 0
github.com/getkin/kin-openapi/openapi3filter/req_resp_decoder.go:596.2,596.21 1 0
github.com/getkin/kin-openapi/openapi3filter/req_resp_decoder.go:596.21,597.52 1 0
github.com/getkin/kin-openapi/openapi3filter/req_resp_decoder.go:597.52,599.4 1 0
github.com/getkin/kin-openapi/openapi3filter/req_resp_decoder.go:601.2,601.19 1 0
github.com/getkin/kin-openapi/openapi3filter/req_resp_decoder.go:604.90,605.33 1 0
github.com/getkin/kin-openapi/openapi3filter/req_resp_decoder.go:605.33,608.41 3 0
github.com/getkin/kin-openapi/openapi3filter/req_resp_decoder.go:608.41,610.34 2 0
github.com/getkin/kin-openapi/openapi3filter/req_resp_decoder.go:610.34,611.10 1 0
github.com/getkin/kin-openapi/openapi3filter/req_resp_decoder.go:614.3,614.20 1 0
github.com/getkin/kin-openapi/openapi3filter/req_resp_decoder.go:617.2,617.33 1 0
github.com/getkin/kin-openapi/openapi3filter/req_resp_decoder.go:617.33,620.41 3 0
github.com/getkin/kin-openapi/openapi3filter/req_resp_decoder.go:620.41,621.52 1 0
github.com/getkin/kin-openapi/openapi3filter/req_resp_decoder.go:621.52,623.5 1 0
github.com/getkin/kin-openapi/openapi3filter/req_resp_decoder.go:626.3,626.18 1 0
github.com/getkin/kin-openapi/openapi3filter/req_resp_decoder.go:629.2,629.33 1 0
github.com/getkin/kin-openapi/openapi3filter/req_resp_decoder.go:629.33,633.41 4 0
github.com/getkin/kin-openapi/openapi3filter/req_resp_decoder.go:633.41,635.18 2 0
github.com/getkin/kin-openapi/openapi3filter/req_resp_decoder.go:635.18,638.5 2 0
github.com/getkin/kin-openapi/openapi3filter/req_resp_decoder.go:640.3,640.21 1 0
github.com/getkin/kin-openapi/openapi3filter/req_resp_decoder.go:640.21,642.4 1 0
github.com/getkin/kin-openapi/openapi3filter/req_resp_decoder.go:642.9,642.27 1 0
github.com/getkin/kin-openapi/openapi3filter/req_resp_decoder.go:642.27,644.4 1 0
github.com/getkin/kin-openapi/openapi3filter/req_resp_decoder.go:644.9,644.28 1 0
github.com/getkin/kin-openapi/openapi3filter/req_resp_decoder.go:644.28,646.4 1 0
github.com/getkin/kin-openapi/openapi3filter/req_resp_decoder.go:648.3,648.18 1 0
github.com/getkin/kin-openapi/openapi3filter/req_resp_decoder.go:651.2,651.29 1 0
github.com/getkin/kin-openapi/openapi3filter/req_resp_decoder.go:651.29,654.3 1 0
github.com/getkin/kin-openapi/openapi3filter/req_resp_decoder.go:656.2,656.34 1 0
github.com/getkin/kin-openapi/openapi3filter/req_resp_decoder.go:663.147,665.18 2 0
github.com/getkin/kin-openapi/openapi3filter/req_resp_decoder.go:666.14,667.64 1 0
github.com/getkin/kin-openapi/openapi3filter/req_resp_decoder.go:667.64,668.24 1 0
github.com/getkin/kin-openapi/openapi3filter/req_resp_decoder.go:668.24,671.5 1 0
github.com/getkin/kin-openapi/openapi3filter/req_resp_decoder.go:672.4,672.18 1 0
github.com/getkin/kin-openapi/openapi3filter/req_resp_decoder.go:672.18,674.37 2 0
github.com/getkin/kin-openapi/openapi3filter/req_resp_decoder.go:674.37,676.6 1 0
github.com/getkin/kin-openapi/openapi3filter/req_resp_decoder.go:677.5,677.22 1 0
github.com/getkin/kin-openapi/openapi3filter/req_resp_decoder.go:679.4,680.24 2 0
github.com/getkin/kin-openapi/openapi3filter/req_resp_decoder.go:680.24,683.5 1 0
github.com/getkin/kin-openapi/openapi3filter/req_resp_decoder.go:684.4,684.47 1 0
github.com/getkin/kin-openapi/openapi3filter/req_resp_decoder.go:686.20,687.64 1 0
github.com/getkin/kin-openapi/openapi3filter/req_resp_decoder.go:687.64,689.36 2 0
github.com/getkin/kin-openapi/openapi3filter/req_resp_decoder.go:689.36,690.92 1 0
github.com/getkin/kin-openapi/openapi3filter/req_resp_decoder.go:690.92,691.14 1 0
github.com/getkin/kin-openapi/openapi3filter/req_resp_decoder.go:693.5,694.31 2 0
github.com/getkin/kin-openapi/openapi3filter/req_resp_decoder.go:695.17,697.14 1 0
github.com/getkin/kin-openapi/openapi3filter/req_resp_decoder.go:698.17,700.32 2 0
github.com/getkin/kin-openapi/openapi3filter/req_resp_decoder.go:700.32,702.7 1 0
github.com/getkin/kin-openapi/openapi3filter/req_resp_decoder.go:703.6,703.94 1 0
github.com/getkin/kin-openapi/openapi3filter/req_resp_decoder.go:706.4,706.23 1 0
github.com/getkin/kin-openapi/openapi3filter/req_resp_decoder.go:706.23,709.5 1 0
github.com/getkin/kin-openapi/openapi3filter/req_resp_decoder.go:710.4,710.21 1 0
github.com/getkin/kin-openapi/openapi3filter/req_resp_decoder.go:712.10,713.55 1 0
github.com/getkin/kin-openapi/openapi3filter/req_resp_decoder.go:715.2,716.16 2 0
github.com/getkin/kin-openapi/openapi3filter/req_resp_decoder.go:716.16,718.3 1 0
github.com/getkin/kin-openapi/openapi3filter/req_resp_decoder.go:719.2,719.18 1 0
github.com/getkin/kin-openapi/openapi3filter/req_resp_decoder.go:719.18,721.3 1 0
github.com/getkin/kin-openapi/openapi3filter/req_resp_decoder.go:722.2,723.16 2 0
github.com/getkin/kin-openapi/openapi3filter/req_resp_decoder.go:723.16,725.3 1 0
github.com/getkin/kin-openapi/openapi3filter/req_resp_decoder.go:727.2,728.48 2 0
github.com/getkin/kin-openapi/openapi3filter/req_resp_decoder.go:728.48,729.35 1 0
github.com/getkin/kin-openapi/openapi3filter/req_resp_decoder.go:729.35,731.9 2 0
github.com/getkin/kin-openapi/openapi3filter/req_resp_decoder.go:734.3,734.80 1 0
github.com/getkin/kin-openapi/openapi3filter/req_resp_decoder.go:734.80,735.25 1 0
github.com/getkin/kin-openapi/openapi3filter/req_resp_decoder.go:735.25,737.43 2 0
github.com/getkin/kin-openapi/openapi3filter/req_resp_decoder.go:737.43,739.11 2 0
github.com/getkin/kin-openapi/openapi3filter/req_resp_decoder.go:745.2,745.24 1 0
github.com/getkin/kin-openapi/openapi3filter/req_resp_decoder.go:753.141,754.26 1 0
github.com/getkin/kin-openapi/openapi3filter/req_resp_decoder.go:754.26,756.3 1 0
github.com/getkin/kin-openapi/openapi3filter/req_resp_decoder.go:758.2,759.26 2 0
github.com/getkin/kin-openapi/openapi3filter/req_resp_decoder.go:759.26,762.3 1 0
github.com/getkin/kin-openapi/openapi3filter/req_resp_decoder.go:764.2,765.21 2 0
github.com/getkin/kin-openapi/openapi3filter/req_resp_decoder.go:768.139,769.26 1 0
github.com/getkin/kin-openapi/openapi3filter/req_resp_decoder.go:769.26,771.3 1 0
github.com/getkin/kin-openapi/openapi3filter/req_resp_decoder.go:773.2,774.26 2 0
github.com/getkin/kin-openapi/openapi3filter/req_resp_decoder.go:774.26,777.3 1 0
github.com/getkin/kin-openapi/openapi3filter/req_resp_decoder.go:779.2,780.21 2 0
github.com/getkin/kin-openapi/openapi3filter/req_resp_decoder.go:783.149,784.26 1 0
github.com/getkin/kin-openapi/openapi3filter/req_resp_decoder.go:784.26,786.3 1 0
github.com/getkin/kin-openapi/openapi3filter/req_resp_decoder.go:787.2,788.16 2 0
github.com/getkin/kin-openapi/openapi3filter/req_resp_decoder.go:788.16,790.3 1 0
github.com/getkin/kin-openapi/openapi3filter/req_resp_decoder.go:792.2,793.26 2 0
github.com/getkin/kin-openapi/openapi3filter/req_resp_decoder.go:793.26,796.3 1 0
github.com/getkin/kin-openapi/openapi3filter/req_resp_decoder.go:797.2,798.16 2 0
github.com/getkin/kin-openapi/openapi3filter/req_resp_decoder.go:798.16,800.3 1 0
github.com/getkin/kin-openapi/openapi3filter/req_resp_decoder.go:801.2,802.21 2 0
github.com/getkin/kin-openapi/openapi3filter/req_resp_decoder.go:810.141,811.24 1 0
github.com/getkin/kin-openapi/openapi3filter/req_resp_decoder.go:811.24,813.3 1 0
github.com/getkin/kin-openapi/openapi3filter/req_resp_decoder.go:815.2,817.12 3 0
github.com/getkin/kin-openapi/openapi3filter/req_resp_decoder.go:817.12,820.3 1 0
github.com/getkin/kin-openapi/openapi3filter/req_resp_decoder.go:821.2,821.16 1 0
github.com/getkin/kin-openapi/openapi3filter/req_resp_decoder.go:821.16,823.3 1 0
github.com/getkin/kin-openapi/openapi3filter/req_resp_decoder.go:825.2,826.24 2 0
github.com/getkin/kin-openapi/openapi3filter/req_resp_decoder.go:829.139,830.38 1 0
github.com/getkin/kin-openapi/openapi3filter/req_resp_decoder.go:830.38,832.3 1 0
github.com/getkin/kin-openapi/openapi3filter/req_resp_decoder.go:834.2,836.12 3 0
github.com/getkin/kin-openapi/openapi3filter/req_resp_decoder.go:836.12,839.3 1 0
github.com/getkin/kin-openapi/openapi3filter/req_resp_decoder.go:840.2,840.16 1 0
github.com/getkin/kin-openapi/openapi3filter/req_resp_decoder.go:840.16,842.3 1 0
github.com/getkin/kin-openapi/openapi3filter/req_resp_decoder.go:843.2,844.24 2 0
github.com/getkin/kin-openapi/openapi3filter/req_resp_decoder.go:847.149,848.38 1 0
github.com/getkin/kin-openapi/openapi3filter/req_resp_decoder.go:848.38,850.3 1 0
github.com/getkin/kin-openapi/openapi3filter/req_resp_decoder.go:852.2,854.12 3 0
github.com/getkin/kin-openapi/openapi3filter/req_resp_decoder.go:854.12,857.3 1 0
github.com/getkin/kin-openapi/openapi3filter/req_resp_decoder.go:858.2,858.16 1 0
github.com/getkin/kin-openapi/openapi3filter/req_resp_decoder.go:858.16,860.3 1 0
github.com/getkin/kin-openapi/openapi3filter/req_resp_decoder.go:861.2,862.16 2 0
github.com/getkin/kin-openapi/openapi3filter/req_resp_decoder.go:862.16,864.3 1 0
github.com/getkin/kin-openapi/openapi3filter/req_resp_decoder.go:865.2,866.24 2 0
github.com/getkin/kin-openapi/openapi3filter/req_resp_decoder.go:872.84,878.29 3 0
github.com/getkin/kin-openapi/openapi3filter/req_resp_decoder.go:878.29,881.24 1 0
github.com/getkin/kin-openapi/openapi3filter/req_resp_decoder.go:881.24,887.4 1 0
github.com/getkin/kin-openapi/openapi3filter/req_resp_decoder.go:888.3,888.37 1 0
github.com/getkin/kin-openapi/openapi3filter/req_resp_decoder.go:888.37,890.4 1 0
github.com/getkin/kin-openapi/openapi3filter/req_resp_decoder.go:891.3,891.20 1 0
github.com/getkin/kin-openapi/openapi3filter/req_resp_decoder.go:896.2,896.29 1 0
github.com/getkin/kin-openapi/openapi3filter/req_resp_decoder.go:896.29,898.21 2 0
github.com/getkin/kin-openapi/openapi3filter/req_resp_decoder.go:898.21,904.4 1 0
github.com/getkin/kin-openapi/openapi3filter/req_resp_decoder.go:905.3,905.27 1 0
github.com/getkin/kin-openapi/openapi3filter/req_resp_decoder.go:907.2,907.19 1 0
github.com/getkin/kin-openapi/openapi3filter/req_resp_decoder.go:910.60,911.27 1 0
github.com/getkin/kin-openapi/openapi3filter/req_resp_decoder.go:911.27,913.10 2 0
github.com/getkin/kin-openapi/openapi3filter/req_resp_decoder.go:913.10,915.4 1 0
github.com/getkin/kin-openapi/openapi3filter/req_resp_decoder.go:916.3,916.40 1 0
github.com/getkin/kin-openapi/openapi3filter/req_resp_decoder.go:916.40,918.4 1 0
github.com/getkin/kin-openapi/openapi3filter/req_resp_decoder.go:920.2,920.16 1 0
github.com/getkin/kin-openapi/openapi3filter/req_resp_decoder.go:923.58,924.35 1 0
github.com/getkin/kin-openapi/openapi3filter/req_resp_decoder.go:924.35,926.27 2 0
github.com/getkin/kin-openapi/openapi3filter/req_resp_decoder.go:926.27,928.4 1 0
github.com/getkin/kin-openapi/openapi3filter/req_resp_decoder.go:929.3,929.30 1 0
github.com/getkin/kin-openapi/openapi3filter/req_resp_decoder.go:931.2,931.30 1 0
github.com/getkin/kin-openapi/openapi3filter/req_resp_decoder.go:935.94,938.31 2 0
github.com/getkin/kin-openapi/openapi3filter/req_resp_decoder.go:938.31,940.51 2 0
github.com/getkin/kin-openapi/openapi3filter/req_resp_decoder.go:940.51,944.4 2 0
github.com/getkin/kin-openapi/openapi3filter/req_resp_decoder.go:945.3,945.29 1 0
github.com/getkin/kin-openapi/openapi3filter/req_resp_decoder.go:947.2,948.16 2 0
github.com/getkin/kin-openapi/openapi3filter/req_resp_decoder.go:948.16,950.3 1 0
github.com/getkin/kin-openapi/openapi3filter/req_resp_decoder.go:951.2,952.9 2 0
github.com/getkin/kin-openapi/openapi3filter/req_resp_decoder.go:952.9,954.3 1 0
github.com/getkin/kin-openapi/openapi3filter/req_resp_decoder.go:956.2,956.20 1 0
github.com/getkin/kin-openapi/openapi3filter/req_resp_decoder.go:967.55,971.19 3 0
github.com/getkin/kin-openapi/openapi3filter/req_resp_decoder.go:971.19,973.17 2 0
github.com/getkin/kin-openapi/openapi3filter/req_resp_decoder.go:973.17,975.4 1 0
github.com/getkin/kin-openapi/openapi3filter/req_resp_decoder.go:976.3,976.14 1 0
github.com/getkin/kin-openapi/openapi3filter/req_resp_decoder.go:976.14,978.4 1 0
github.com/getkin/kin-openapi/openapi3filter/req_resp_decoder.go:979.3,979.27 1 0
github.com/getkin/kin-openapi/openapi3filter/req_resp_decoder.go:981.2,982.25 2 0
github.com/getkin/kin-openapi/openapi3filter/req_resp_decoder.go:982.25,983.14 1 0
github.com/getkin/kin-openapi/openapi3filter/req_resp_decoder.go:983.14,985.4 1 0
github.com/getkin/kin-openapi/openapi3filter/req_resp_decoder.go:990.2,990.58 1 0
github.com/getkin/kin-openapi/openapi3filter/req_resp_decoder.go:990.58,992.3 1 0
github.com/getkin/kin-openapi/openapi3filter/req_resp_decoder.go:993.2,993.28 1 0
github.com/getkin/kin-openapi/openapi3filter/req_resp_decoder.go:993.28,995.10 2 0
github.com/getkin/kin-openapi/openapi3filter/req_resp_decoder.go:995.10,997.12 2 0
github.com/getkin/kin-openapi/openapi3filter/req_resp_decoder.go:999.3,999.31 1 0
github.com/getkin/kin-openapi/openapi3filter/req_resp_decoder.go:1001.2,1001.20 1 0
github.com/getkin/kin-openapi/openapi3filter/req_resp_decoder.go:1005.115,1007.15 2 0
github.com/getkin/kin-openapi/openapi3filter/req_resp_decoder.go:1007.15,1009.3 1 0
github.com/getkin/kin-openapi/openapi3filter/req_resp_decoder.go:1011.2,1011.9 1 0
github.com/getkin/kin-openapi/openapi3filter/req_resp_decoder.go:1012.37,1014.10 2 0
github.com/getkin/kin-openapi/openapi3filter/req_resp_decoder.go:1014.10,1016.4 1 0
github.com/getkin/kin-openapi/openapi3filter/req_resp_decoder.go:1017.3,1018.13 2 0
github.com/getkin/kin-openapi/openapi3filter/req_resp_decoder.go:1018.13,1020.4 1 0
github.com/getkin/kin-openapi/openapi3filter/req_resp_decoder.go:1022.3,1023.17 2 0
github.com/getkin/kin-openapi/openapi3filter/req_resp_decoder.go:1023.17,1025.4 1 0
github.com/getkin/kin-openapi/openapi3filter/req_resp_decoder.go:1026.3,1027.22 2 0
github.com/getkin/kin-openapi/openapi3filter/req_resp_decoder.go:1027.22,1029.18 2 0
github.com/getkin/kin-openapi/openapi3filter/req_resp_decoder.go:1029.18,1031.5 1 0
github.com/getkin/kin-openapi/openapi3filter/req_resp_decoder.go:1032.4,1032.16 1 0
github.com/getkin/kin-openapi/openapi3filter/req_resp_decoder.go:1032.16,1034.5 1 0
github.com/getkin/kin-openapi/openapi3filter/req_resp_decoder.go:1036.3,1036.24 1 0
github.com/getkin/kin-openapi/openapi3filter/req_resp_decoder.go:1037.38,1042.10 5 0
github.com/getkin/kin-openapi/openapi3filter/req_resp_decoder.go:1042.10,1045.4 1 0
github.com/getkin/kin-openapi/openapi3filter/req_resp_decoder.go:1046.3,1046.54 1 0
github.com/getkin/kin-openapi/openapi3filter/req_resp_decoder.go:1046.54,1048.18 2 0
github.com/getkin/kin-openapi/openapi3filter/req_resp_decoder.go:1048.18,1050.5 1 0
github.com/getkin/kin-openapi/openapi3filter/req_resp_decoder.go:1051.4,1051.16 1 0
github.com/getkin/kin-openapi/openapi3filter/req_resp_decoder.go:1051.16,1053.5 1 0
github.com/getkin/kin-openapi/openapi3filter/req_resp_decoder.go:1055.3,1055.30 1 0
github.com/getkin/kin-openapi/openapi3filter/req_resp_decoder.go:1055.30,1057.32 1 0
github.com/getkin/kin-openapi/openapi3filter/req_resp_decoder.go:1057.32,1059.19 2 0
github.com/getkin/kin-openapi/openapi3filter/req_resp_decoder.go:1059.19,1061.6 1 0
github.com/getkin/kin-openapi/openapi3filter/req_resp_decoder.go:1062.5,1062.17 1 0
github.com/getkin/kin-openapi/openapi3filter/req_resp_decoder.go:1062.17,1064.6 1 0
github.com/getkin/kin-openapi/openapi3filter/req_resp_decoder.go:1068.3,1068.24 1 0
github.com/getkin/kin-openapi/openapi3filter/req_resp_decoder.go:1069.35,1070.71 1 0
github.com/getkin/kin-openapi/openapi3filter/req_resp_decoder.go:1071.35,1072.71 1 0
github.com/getkin/kin-openapi/openapi3filter/req_resp_decoder.go:1073.35,1074.71 1 0
github.com/getkin/kin-openapi/openapi3filter/req_resp_decoder.go:1075.10,1077.10 2 0
github.com/getkin/kin-openapi/openapi3filter/req_resp_decoder.go:1077.10,1080.4 1 0
github.com/getkin/kin-openapi/openapi3filter/req_resp_decoder.go:1081.3,1082.10 2 0
github.com/getkin/kin-openapi/openapi3filter/req_resp_decoder.go:1082.10,1084.4 1 0
github.com/getkin/kin-openapi/openapi3filter/req_resp_decoder.go:1085.3,1086.17 2 0
github.com/getkin/kin-openapi/openapi3filter/req_resp_decoder.go:1086.17,1088.4 1 0
github.com/getkin/kin-openapi/openapi3filter/req_resp_decoder.go:1090.3,1090.19 1 0
github.com/getkin/kin-openapi/openapi3filter/req_resp_decoder.go:1095.118,1097.28 2 0
github.com/getkin/kin-openapi/openapi3filter/req_resp_decoder.go:1097.28,1099.31 2 0
github.com/getkin/kin-openapi/openapi3filter/req_resp_decoder.go:1099.31,1101.41 1 0
github.com/getkin/kin-openapi/openapi3filter/req_resp_decoder.go:1101.41,1103.13 2 0
github.com/getkin/kin-openapi/openapi3filter/req_resp_decoder.go:1106.4,1106.32 1 0
github.com/getkin/kin-openapi/openapi3filter/req_resp_decoder.go:1106.32,1107.19 1 0
github.com/getkin/kin-openapi/openapi3filter/req_resp_decoder.go:1107.19,1109.6 1 0
github.com/getkin/kin-openapi/openapi3filter/req_resp_decoder.go:1110.5,1110.13 1 0
github.com/getkin/kin-openapi/openapi3filter/req_resp_decoder.go:1114.4,1114.19 1 0
github.com/getkin/kin-openapi/openapi3filter/req_resp_decoder.go:1118.2,1118.24 1 0
github.com/getkin/kin-openapi/openapi3filter/req_resp_decoder.go:1118.24,1120.3 1 0
github.com/getkin/kin-openapi/openapi3filter/req_resp_decoder.go:1122.2,1122.17 1 0
github.com/getkin/kin-openapi/openapi3filter/req_resp_decoder.go:1125.59,1126.36 1 0
github.com/getkin/kin-openapi/openapi3filter/req_resp_decoder.go:1126.36,1128.3 1 0
github.com/getkin/kin-openapi/openapi3filter/req_resp_decoder.go:1129.2,1129.68 1 0
github.com/getkin/kin-openapi/openapi3filter/req_resp_decoder.go:1132.38,1134.23 2 0
github.com/getkin/kin-openapi/openapi3filter/req_resp_decoder.go:1134.23,1136.3 1 0
github.com/getkin/kin-openapi/openapi3filter/req_resp_decoder.go:1137.2,1137.13 1 0
github.com/getkin/kin-openapi/openapi3filter/req_resp_decoder.go:1143.77,1144.72 1 0
github.com/getkin/kin-openapi/openapi3filter/req_resp_decoder.go:1144.72,1146.3 1 0
github.com/getkin/kin-openapi/openapi3filter/req_resp_decoder.go:1147.2,1148.24 2 0
github.com/getkin/kin-openapi/openapi3filter/req_resp_decoder.go:1148.24,1150.17 2 0
github.com/getkin/kin-openapi/openapi3filter/req_resp_decoder.go:1150.17,1151.38 1 0
github.com/getkin/kin-openapi/openapi3filter/req_resp_decoder.go:1151.38,1153.5 1 0
github.com/getkin/kin-openapi/openapi3filter/req_resp_decoder.go:1154.4,1154.49 1 0
github.com/getkin/kin-openapi/openapi3filter/req_resp_decoder.go:1159.3,1159.18 1 0
github.com/getkin/kin-openapi/openapi3filter/req_resp_decoder.go:1159.18,1161.4 1 0
github.com/getkin/kin-openapi/openapi3filter/req_resp_decoder.go:1162.3,1162.30 1 0
github.com/getkin/kin-openapi/openapi3filter/req_resp_decoder.go:1164.2,1164.19 1 0
github.com/getkin/kin-openapi/openapi3filter/req_resp_decoder.go:1170.80,1171.48 1 0
github.com/getkin/kin-openapi/openapi3filter/req_resp_decoder.go:1171.48,1172.35 1 0
github.com/getkin/kin-openapi/openapi3filter/req_resp_decoder.go:1172.35,1174.4 1 0
github.com/getkin/kin-openapi/openapi3filter/req_resp_decoder.go:1175.3,1175.64 1 0
github.com/getkin/kin-openapi/openapi3filter/req_resp_decoder.go:1175.64,1177.4 1 0
github.com/getkin/kin-openapi/openapi3filter/req_resp_decoder.go:1179.2,1179.8 1 0
github.com/getkin/kin-openapi/openapi3filter/req_resp_decoder.go:1182.90,1183.13 1 0
github.com/getkin/kin-openapi/openapi3filter/req_resp_decoder.go:1184.17,1185.37 1 0
github.com/getkin/kin-openapi/openapi3filter/req_resp_decoder.go:1185.37,1187.18 2 0
github.com/getkin/kin-openapi/openapi3filter/req_resp_decoder.go:1187.18,1189.5 1 0
github.com/getkin/kin-openapi/openapi3filter/req_resp_decoder.go:1190.4,1190.24 1 0
github.com/getkin/kin-openapi/openapi3filter/req_resp_decoder.go:1192.3,1193.17 2 0
github.com/getkin/kin-openapi/openapi3filter/req_resp_decoder.go:1193.17,1195.4 1 0
github.com/getkin/kin-openapi/openapi3filter/req_resp_decoder.go:1196.3,1196.16 1 0
github.com/getkin/kin-openapi/openapi3filter/req_resp_decoder.go:1197.16,1199.17 2 0
github.com/getkin/kin-openapi/openapi3filter/req_resp_decoder.go:1199.17,1201.4 1 0
github.com/getkin/kin-openapi/openapi3filter/req_resp_decoder.go:1202.3,1202.16 1 0
github.com/getkin/kin-openapi/openapi3filter/req_resp_decoder.go:1203.17,1205.17 2 0
github.com/getkin/kin-openapi/openapi3filter/req_resp_decoder.go:1205.17,1207.4 1 0
github.com/getkin/kin-openapi/openapi3filter/req_resp_decoder.go:1208.3,1208.16 1 0
github.com/getkin/kin-openapi/openapi3filter/req_resp_decoder.go:1209.16,1210.18 1 0
github.com/getkin/kin-openapi/openapi3filter/req_resp_decoder.go:1211.10,1212.103 1 0
github.com/getkin/kin-openapi/openapi3filter/req_resp_decoder.go:1231.60,1233.2 1 0
github.com/getkin/kin-openapi/openapi3filter/req_resp_decoder.go:1240.67,1241.23 1 1
github.com/getkin/kin-openapi/openapi3filter/req_resp_decoder.go:1241.23,1242.32 1 0
github.com/getkin/kin-openapi/openapi3filter/req_resp_decoder.go:1244.2,1244.20 1 1
github.com/getkin/kin-openapi/openapi3filter/req_resp_decoder.go:1244.20,1245.34 1 0
github.com/getkin/kin-openapi/openapi3filter/req_resp_decoder.go:1247.2,1247.37 1 1
github.com/getkin/kin-openapi/openapi3filter/req_resp_decoder.go:1254.48,1255.23 1 0
github.com/getkin/kin-openapi/openapi3filter/req_resp_decoder.go:1255.23,1256.32 1 0
github.com/getkin/kin-openapi/openapi3filter/req_resp_decoder.go:1258.2,1258.35 1 0
github.com/getkin/kin-openapi/openapi3filter/req_resp_decoder.go:1268.48,1269.42 1 0
github.com/getkin/kin-openapi/openapi3filter/req_resp_decoder.go:1269.42,1271.3 1 0
github.com/getkin/kin-openapi/openapi3filter/req_resp_decoder.go:1272.2,1272.74 1 0
github.com/getkin/kin-openapi/openapi3filter/req_resp_decoder.go:1275.54,1277.18 2 0
github.com/getkin/kin-openapi/openapi3filter/req_resp_decoder.go:1277.18,1281.3 1 0
github.com/getkin/kin-openapi/openapi3filter/req_resp_decoder.go:1282.2,1282.16 1 0
github.com/getkin/kin-openapi/openapi3filter/req_resp_decoder.go:1282.16,1284.3 1 0
github.com/getkin/kin-openapi/openapi3filter/req_resp_decoder.go:1286.2,1286.24 1 0
github.com/getkin/kin-openapi/openapi3filter/req_resp_decoder.go:1293.79,1294.62 1 0
github.com/getkin/kin-openapi/openapi3filter/req_resp_decoder.go:1294.62,1296.17 2 0
github.com/getkin/kin-openapi/openapi3filter/req_resp_decoder.go:1296.17,1297.12 1 0
github.com/getkin/kin-openapi/openapi3filter/req_resp_decoder.go:1299.3,1299.60 1 0
github.com/getkin/kin-openapi/openapi3filter/req_resp_decoder.go:1299.60,1301.4 1 0
github.com/getkin/kin-openapi/openapi3filter/req_resp_decoder.go:1302.3,1302.40 1 0
github.com/getkin/kin-openapi/openapi3filter/req_resp_decoder.go:1302.40,1304.4 1 0
github.com/getkin/kin-openapi/openapi3filter/req_resp_decoder.go:1306.2,1306.14 1 0
github.com/getkin/kin-openapi/openapi3filter/req_resp_decoder.go:1311.46,1312.51 1 0
github.com/getkin/kin-openapi/openapi3filter/req_resp_decoder.go:1312.51,1314.3 1 0
github.com/getkin/kin-openapi/openapi3filter/req_resp_decoder.go:1315.2,1315.53 1 0
github.com/getkin/kin-openapi/openapi3filter/req_resp_decoder.go:1315.53,1318.3 2 0
github.com/getkin/kin-openapi/openapi3filter/req_resp_decoder.go:1319.2,1319.14 1 0
github.com/getkin/kin-openapi/openapi3filter/req_resp_decoder.go:1328.3,1330.23 2 0
github.com/getkin/kin-openapi/openapi3filter/req_resp_decoder.go:1330.23,1331.42 1 0
github.com/getkin/kin-openapi/openapi3filter/req_resp_decoder.go:1331.42,1333.4 1 0
github.com/getkin/kin-openapi/openapi3filter/req_resp_decoder.go:1336.2,1338.51 3 0
github.com/getkin/kin-openapi/openapi3filter/req_resp_decoder.go:1338.51,1341.3 2 0
github.com/getkin/kin-openapi/openapi3filter/req_resp_decoder.go:1343.2,1344.65 1 0
github.com/getkin/kin-openapi/openapi3filter/req_resp_decoder.go:1344.65,1354.3 1 0
github.com/getkin/kin-openapi/openapi3filter/req_resp_decoder.go:1356.2,1357.9 2 0
github.com/getkin/kin-openapi/openapi3filter/req_resp_decoder.go:1357.9,1361.23 1 0
github.com/getkin/kin-openapi/openapi3filter/req_resp_decoder.go:1361.23,1364.4 2 0
github.com/getkin/kin-openapi/openapi3filter/req_resp_decoder.go:1365.3,1368.4 1 0
github.com/getkin/kin-openapi/openapi3filter/req_resp_decoder.go:1370.2,1371.16 2 0
github.com/getkin/kin-openapi/openapi3filter/req_resp_decoder.go:1371.16,1373.3 1 0
github.com/getkin/kin-openapi/openapi3filter/req_resp_decoder.go:1374.2,1374.30 1 0
github.com/getkin/kin-openapi/openapi3filter/req_resp_decoder.go:1377.13,1392.2 14 1
github.com/getkin/kin-openapi/openapi3filter/req_resp_decoder.go:1394.118,1396.16 2 0
github.com/getkin/kin-openapi/openapi3filter/req_resp_decoder.go:1396.16,1398.3 1 0
github.com/getkin/kin-openapi/openapi3filter/req_resp_decoder.go:1399.2,1399.26 1 0
github.com/getkin/kin-openapi/openapi3filter/req_resp_decoder.go:1404.117,1408.43 4 0
github.com/getkin/kin-openapi/openapi3filter/req_resp_decoder.go:1408.43,1410.3 1 0
github.com/getkin/kin-openapi/openapi3filter/req_resp_decoder.go:1411.2,1411.19 1 0
github.com/getkin/kin-openapi/openapi3filter/req_resp_decoder.go:1414.117,1416.61 2 0
github.com/getkin/kin-openapi/openapi3filter/req_resp_decoder.go:1416.61,1418.3 1 0
github.com/getkin/kin-openapi/openapi3filter/req_resp_decoder.go:1419.2,1419.19 1 0
github.com/getkin/kin-openapi/openapi3filter/req_resp_decoder.go:1422.123,1426.37 1 0
github.com/getkin/kin-openapi/openapi3filter/req_resp_decoder.go:1426.37,1428.3 1 0
github.com/getkin/kin-openapi/openapi3filter/req_resp_decoder.go:1429.2,1430.44 2 0
github.com/getkin/kin-openapi/openapi3filter/req_resp_decoder.go:1430.44,1432.3 1 0
github.com/getkin/kin-openapi/openapi3filter/req_resp_decoder.go:1433.2,1434.37 2 0
github.com/getkin/kin-openapi/openapi3filter/req_resp_decoder.go:1434.37,1437.10 3 0
github.com/getkin/kin-openapi/openapi3filter/req_resp_decoder.go:1438.30,1439.88 1 0
github.com/getkin/kin-openapi/openapi3filter/req_resp_decoder.go:1440.29,1441.76 1 0
github.com/getkin/kin-openapi/openapi3filter/req_resp_decoder.go:1441.76,1443.5 1 0
github.com/getkin/kin-openapi/openapi3filter/req_resp_decoder.go:1444.4,1445.117 2 0
github.com/getkin/kin-openapi/openapi3filter/req_resp_decoder.go:1445.117,1447.5 1 0
github.com/getkin/kin-openapi/openapi3filter/req_resp_decoder.go:1452.2,1453.16 2 0
github.com/getkin/kin-openapi/openapi3filter/req_resp_decoder.go:1453.16,1455.3 1 0
github.com/getkin/kin-openapi/openapi3filter/req_resp_decoder.go:1456.2,1457.16 2 0
github.com/getkin/kin-openapi/openapi3filter/req_resp_decoder.go:1457.16,1459.3 1 0
github.com/getkin/kin-openapi/openapi3filter/req_resp_decoder.go:1462.2,1465.95 3 0
github.com/getkin/kin-openapi/openapi3filter/req_resp_decoder.go:1465.95,1467.3 1 0
github.com/getkin/kin-openapi/openapi3filter/req_resp_decoder.go:1469.2,1469.17 1 0
github.com/getkin/kin-openapi/openapi3filter/req_resp_decoder.go:1474.127,1475.36 1 0
github.com/getkin/kin-openapi/openapi3filter/req_resp_decoder.go:1475.36,1478.88 1 0
github.com/getkin/kin-openapi/openapi3filter/req_resp_decoder.go:1478.88,1480.4 1 0
github.com/getkin/kin-openapi/openapi3filter/req_resp_decoder.go:1481.3,1481.88 1 0
github.com/getkin/kin-openapi/openapi3filter/req_resp_decoder.go:1481.88,1483.4 1 0
github.com/getkin/kin-openapi/openapi3filter/req_resp_decoder.go:1484.3,1484.88 1 0
github.com/getkin/kin-openapi/openapi3filter/req_resp_decoder.go:1484.88,1486.4 1 0
github.com/getkin/kin-openapi/openapi3filter/req_resp_decoder.go:1488.3,1489.48 2 0
github.com/getkin/kin-openapi/openapi3filter/req_resp_decoder.go:1489.48,1491.4 1 0
github.com/getkin/kin-openapi/openapi3filter/req_resp_decoder.go:1492.3,1493.34 2 0
github.com/getkin/kin-openapi/openapi3filter/req_resp_decoder.go:1493.34,1496.30 3 0
github.com/getkin/kin-openapi/openapi3filter/req_resp_decoder.go:1496.30,1497.13 1 0
github.com/getkin/kin-openapi/openapi3filter/req_resp_decoder.go:1499.4,1499.84 1 0
github.com/getkin/kin-openapi/openapi3filter/req_resp_decoder.go:1499.84,1501.5 1 0
github.com/getkin/kin-openapi/openapi3filter/req_resp_decoder.go:1502.4,1502.21 1 0
github.com/getkin/kin-openapi/openapi3filter/req_resp_decoder.go:1506.2,1506.12 1 0
github.com/getkin/kin-openapi/openapi3filter/req_resp_decoder.go:1509.39,1511.2 1 0
github.com/getkin/kin-openapi/openapi3filter/req_resp_decoder.go:1513.115,1515.18 2 0
github.com/getkin/kin-openapi/openapi3filter/req_resp_decoder.go:1515.18,1517.3 1 0
github.com/getkin/kin-openapi/openapi3filter/req_resp_decoder.go:1518.2,1519.48 2 0
github.com/getkin/kin-openapi/openapi3filter/req_resp_decoder.go:1522.122,1523.37 1 0
github.com/getkin/kin-openapi/openapi3filter/req_resp_decoder.go:1523.37,1525.3 1 0
github.com/getkin/kin-openapi/openapi3filter/req_resp_decoder.go:1528.2,1531.16 4 0
github.com/getkin/kin-openapi/openapi3filter/req_resp_decoder.go:1531.16,1533.3 1 0
github.com/getkin/kin-openapi/openapi3filter/req_resp_decoder.go:1534.2,1535.6 2 0
github.com/getkin/kin-openapi/openapi3filter/req_resp_decoder.go:1535.6,1537.47 2 0
github.com/getkin/kin-openapi/openapi3filter/req_resp_decoder.go:1537.47,1538.9 1 0
github.com/getkin/kin-openapi/openapi3filter/req_resp_decoder.go:1540.3,1540.17 1 0
github.com/getkin/kin-openapi/openapi3filter/req_resp_decoder.go:1540.17,1542.4 1 0
github.com/getkin/kin-openapi/openapi3filter/req_resp_decoder.go:1544.3,1548.19 2 0
github.com/getkin/kin-openapi/openapi3filter/req_resp_decoder.go:1548.19,1550.4 1 0
github.com/getkin/kin-openapi/openapi3filter/req_resp_decoder.go:1551.3,1551.47 1 0
github.com/getkin/kin-openapi/openapi3filter/req_resp_decoder.go:1551.47,1551.61 1 0
github.com/getkin/kin-openapi/openapi3filter/req_resp_decoder.go:1553.3,1554.34 2 0
github.com/getkin/kin-openapi/openapi3filter/req_resp_decoder.go:1554.34,1556.42 2 0
github.com/getkin/kin-openapi/openapi3filter/req_resp_decoder.go:1556.42,1557.64 1 0
github.com/getkin/kin-openapi/openapi3filter/req_resp_decoder.go:1557.64,1558.11 1 0
github.com/getkin/kin-openapi/openapi3filter/req_resp_decoder.go:1561.4,1561.15 1 0
github.com/getkin/kin-openapi/openapi3filter/req_resp_decoder.go:1561.15,1563.5 1 0
github.com/getkin/kin-openapi/openapi3filter/req_resp_decoder.go:1564.9,1568.68 2 0
github.com/getkin/kin-openapi/openapi3filter/req_resp_decoder.go:1568.68,1569.85 1 0
github.com/getkin/kin-openapi/openapi3filter/req_resp_decoder.go:1569.85,1570.28 1 0
github.com/getkin/kin-openapi/openapi3filter/req_resp_decoder.go:1571.16,1573.15 1 0
github.com/getkin/kin-openapi/openapi3filter/req_resp_decoder.go:1574.14,1576.94 1 0
github.com/getkin/kin-openapi/openapi3filter/req_resp_decoder.go:1579.5,1579.56 1 0
github.com/getkin/kin-openapi/openapi3filter/req_resp_decoder.go:1579.56,1581.6 1 0
github.com/getkin/kin-openapi/openapi3filter/req_resp_decoder.go:1582.5,1582.103 1 0
github.com/getkin/kin-openapi/openapi3filter/req_resp_decoder.go:1582.103,1584.6 1 0
github.com/getkin/kin-openapi/openapi3filter/req_resp_decoder.go:1586.4,1586.42 1 0
github.com/getkin/kin-openapi/openapi3filter/req_resp_decoder.go:1586.42,1587.39 1 0
github.com/getkin/kin-openapi/openapi3filter/req_resp_decoder.go:1587.39,1589.6 1 0
github.com/getkin/kin-openapi/openapi3filter/req_resp_decoder.go:1590.5,1590.42 1 0
github.com/getkin/kin-openapi/openapi3filter/req_resp_decoder.go:1594.3,1596.86 3 0
github.com/getkin/kin-openapi/openapi3filter/req_resp_decoder.go:1596.86,1597.38 1 0
github.com/getkin/kin-openapi/openapi3filter/req_resp_decoder.go:1597.38,1599.5 1 0
github.com/getkin/kin-openapi/openapi3filter/req_resp_decoder.go:1600.4,1600.52 1 0
github.com/getkin/kin-openapi/openapi3filter/req_resp_decoder.go:1604.3,1604.96 1 0
github.com/getkin/kin-openapi/openapi3filter/req_resp_decoder.go:1604.96,1605.76 1 0
github.com/getkin/kin-openapi/openapi3filter/req_resp_decoder.go:1605.76,1606.39 1 0
github.com/getkin/kin-openapi/openapi3filter/req_resp_decoder.go:1606.39,1608.6 1 0
github.com/getkin/kin-openapi/openapi3filter/req_resp_decoder.go:1609.5,1609.53 1 0
github.com/getkin/kin-openapi/openapi3filter/req_resp_decoder.go:1613.3,1613.45 1 0
github.com/getkin/kin-openapi/openapi3filter/req_resp_decoder.go:1616.2,1617.33 2 0
github.com/getkin/kin-openapi/openapi3filter/req_resp_decoder.go:1617.33,1618.41 1 0
github.com/getkin/kin-openapi/openapi3filter/req_resp_decoder.go:1618.41,1620.73 2 0
github.com/getkin/kin-openapi/openapi3filter/req_resp_decoder.go:1620.73,1622.5 1 0
github.com/getkin/kin-openapi/openapi3filter/req_resp_decoder.go:1624.8,1626.76 2 0
github.com/getkin/kin-openapi/openapi3filter/req_resp_decoder.go:1626.76,1628.4 1 0
github.com/getkin/kin-openapi/openapi3filter/req_resp_decoder.go:1632.2,1633.43 2 0
github.com/getkin/kin-openapi/openapi3filter/req_resp_decoder.go:1633.43,1635.19 2 0
github.com/getkin/kin-openapi/openapi3filter/req_resp_decoder.go:1635.19,1636.12 1 0
github.com/getkin/kin-openapi/openapi3filter/req_resp_decoder.go:1638.3,1638.34 1 0
github.com/getkin/kin-openapi/openapi3filter/req_resp_decoder.go:1638.34,1640.4 1 0
github.com/getkin/kin-openapi/openapi3filter/req_resp_decoder.go:1640.9,1642.4 1 0
github.com/getkin/kin-openapi/openapi3filter/req_resp_decoder.go:1645.2,1645.17 1 0
github.com/getkin/kin-openapi/openapi3filter/req_resp_decoder.go:1649.117,1651.16 2 0
github.com/getkin/kin-openapi/openapi3filter/req_resp_decoder.go:1651.16,1653.3 1 0
github.com/getkin/kin-openapi/openapi3filter/req_resp_decoder.go:1654.2,1654.26 1 0
github.com/getkin/kin-openapi/openapi3filter/req_resp_decoder.go:1659.120,1662.16 3 0
github.com/getkin/kin-openapi/openapi3filter/req_resp_decoder.go:1662.16,1664.3 1 0
github.com/getkin/kin-openapi/openapi3filter/req_resp_decoder.go:1666.2,1667.16 2 0
github.com/getkin/kin-openapi/openapi3filter/req_resp_decoder.go:1667.16,1669.3 1 0
github.com/getkin/kin-openapi/openapi3filter/req_resp_decoder.go:1671.2,1675.28 4 0
github.com/getkin/kin-openapi/openapi3filter/req_resp_decoder.go:1675.28,1676.23 1 0
github.com/getkin/kin-openapi/openapi3filter/req_resp_decoder.go:1676.23,1678.18 2 0
github.com/getkin/kin-openapi/openapi3filter/req_resp_decoder.go:1678.18,1680.5 1 0
github.com/getkin/kin-openapi/openapi3filter/req_resp_decoder.go:1681.4,1681.17 1 0
github.com/getkin/kin-openapi/openapi3filter/req_resp_decoder.go:1681.17,1683.5 1 0
github.com/getkin/kin-openapi/openapi3filter/req_resp_decoder.go:1685.4,1685.8 1 0
github.com/getkin/kin-openapi/openapi3filter/req_resp_decoder.go:1685.8,1687.14 2 0
github.com/getkin/kin-openapi/openapi3filter/req_resp_decoder.go:1687.14,1689.6 1 0
github.com/getkin/kin-openapi/openapi3filter/req_resp_decoder.go:1690.5,1690.22 1 0
github.com/getkin/kin-openapi/openapi3filter/req_resp_decoder.go:1690.22,1691.11 1 0
github.com/getkin/kin-openapi/openapi3filter/req_resp_decoder.go:1693.5,1693.19 1 0
github.com/getkin/kin-openapi/openapi3filter/req_resp_decoder.go:1693.19,1695.6 1 0
github.com/getkin/kin-openapi/openapi3filter/req_resp_decoder.go:1698.4,1698.14 1 0
github.com/getkin/kin-openapi/openapi3filter/req_resp_decoder.go:1700.3,1700.17 1 0
github.com/getkin/kin-openapi/openapi3filter/req_resp_decoder.go:1700.17,1702.4 1 0
github.com/getkin/kin-openapi/openapi3filter/req_resp_decoder.go:1705.2,1705.29 1 0
github.com/getkin/kin-openapi/openapi3filter/req_resp_decoder.go:1709.116,1713.6 3 0
github.com/getkin/kin-openapi/openapi3filter/req_resp_decoder.go:1713.6,1715.20 2 0
github.com/getkin/kin-openapi/openapi3filter/req_resp_decoder.go:1715.20,1716.9 1 0
github.com/getkin/kin-openapi/openapi3filter/req_resp_decoder.go:1718.3,1718.17 1 0
github.com/getkin/kin-openapi/openapi3filter/req_resp_decoder.go:1718.17,1720.4 1 0
github.com/getkin/kin-openapi/openapi3filter/req_resp_decoder.go:1722.3,1723.23 2 0
github.com/getkin/kin-openapi/openapi3filter/req_resp_decoder.go:1726.2,1726.25 1 0
github.com/getkin/kin-openapi/openapi3filter/req_resp_encoder.go:9.61,10.65 1 0
github.com/getkin/kin-openapi/openapi3filter/req_resp_encoder.go:10.65,12.3 1 0
github.com/getkin/kin-openapi/openapi3filter/req_resp_encoder.go:13.2,16.3 1 0
github.com/getkin/kin-openapi/openapi3filter/req_resp_encoder.go:28.67,29.23 1 0
github.com/getkin/kin-openapi/openapi3filter/req_resp_encoder.go:29.23,30.32 1 0
github.com/getkin/kin-openapi/openapi3filter/req_resp_encoder.go:32.2,32.20 1 0
github.com/getkin/kin-openapi/openapi3filter/req_resp_encoder.go:32.20,33.34 1 0
github.com/getkin/kin-openapi/openapi3filter/req_resp_encoder.go:35.2,37.24 3 0
github.com/getkin/kin-openapi/openapi3filter/req_resp_encoder.go:41.48,42.23 1 0
github.com/getkin/kin-openapi/openapi3filter/req_resp_encoder.go:42.23,43.32 1 0
github.com/getkin/kin-openapi/openapi3filter/req_resp_encoder.go:45.2,47.24 3 0
github.com/getkin/kin-openapi/openapi3filter/req_resp_encoder.go:53.60,58.2 4 0
github.com/getkin/kin-openapi/openapi3filter/validate_request.go:33.80,37.20 3 1
github.com/getkin/kin-openapi/openapi3filter/validate_request.go:37.20,39.3 1 0
github.com/getkin/kin-openapi/openapi3filter/validate_request.go:40.2,48.21 6 1
github.com/getkin/kin-openapi/openapi3filter/validate_request.go:48.21,51.3 1 0
github.com/getkin/kin-openapi/openapi3filter/validate_request.go:52.2,52.21 1 1
github.com/getkin/kin-openapi/openapi3filter/validate_request.go:52.21,53.77 1 1
github.com/getkin/kin-openapi/openapi3filter/validate_request.go:53.77,54.27 1 1
github.com/getkin/kin-openapi/openapi3filter/validate_request.go:54.27,56.5 1 1
github.com/getkin/kin-openapi/openapi3filter/validate_request.go:57.4,57.24 1 0
github.com/getkin/kin-openapi/openapi3filter/validate_request.go:62.2,62.50 1 0
github.com/getkin/kin-openapi/openapi3filter/validate_request.go:62.50,64.33 2 0
github.com/getkin/kin-openapi/openapi3filter/validate_request.go:64.33,65.101 1 0
github.com/getkin/kin-openapi/openapi3filter/validate_request.go:65.101,66.13 1 0
github.com/getkin/kin-openapi/openapi3filter/validate_request.go:70.3,70.66 1 0
github.com/getkin/kin-openapi/openapi3filter/validate_request.go:70.66,71.27 1 0
github.com/getkin/kin-openapi/openapi3filter/validate_request.go:71.27,73.5 1 0
github.com/getkin/kin-openapi/openapi3filter/validate_request.go:74.4,74.24 1 0
github.com/getkin/kin-openapi/openapi3filter/validate_request.go:79.2,79.48 1 0
github.com/getkin/kin-openapi/openapi3filter/validate_request.go:79.48,80.91 1 0
github.com/getkin/kin-openapi/openapi3filter/validate_request.go:80.91,81.12 1 0
github.com/getkin/kin-openapi/openapi3filter/validate_request.go:83.3,83.72 1 0
github.com/getkin/kin-openapi/openapi3filter/validate_request.go:83.72,84.27 1 0
github.com/getkin/kin-openapi/openapi3filter/validate_request.go:84.27,86.5 1 0
github.com/getkin/kin-openapi/openapi3filter/validate_request.go:87.4,87.24 1 0
github.com/getkin/kin-openapi/openapi3filter/validate_request.go:92.2,93.33 2 0
github.com/getkin/kin-openapi/openapi3filter/validate_request.go:93.33,95.25 1 0
github.com/getkin/kin-openapi/openapi3filter/validate_request.go:95.25,96.77 1 0
github.com/getkin/kin-openapi/openapi3filter/validate_request.go:96.77,97.28 1 0
github.com/getkin/kin-openapi/openapi3filter/validate_request.go:97.28,99.6 1 0
github.com/getkin/kin-openapi/openapi3filter/validate_request.go:100.5,100.25 1 0
github.com/getkin/kin-openapi/openapi3filter/validate_request.go:105.3,105.83 1 0
github.com/getkin/kin-openapi/openapi3filter/validate_request.go:105.83,110.27 2 0
github.com/getkin/kin-openapi/openapi3filter/validate_request.go:110.27,112.5 1 0
github.com/getkin/kin-openapi/openapi3filter/validate_request.go:113.4,113.24 1 0
github.com/getkin/kin-openapi/openapi3filter/validate_request.go:117.2,117.17 1 0
github.com/getkin/kin-openapi/openapi3filter/validate_request.go:117.17,119.3 1 0
github.com/getkin/kin-openapi/openapi3filter/validate_request.go:120.2,120.12 1 0
github.com/getkin/kin-openapi/openapi3filter/validate_request.go:124.76,125.22 1 0
github.com/getkin/kin-openapi/openapi3filter/validate_request.go:125.22,127.3 1 0
github.com/getkin/kin-openapi/openapi3filter/validate_request.go:130.50,132.27 2 0
github.com/getkin/kin-openapi/openapi3filter/validate_request.go:132.27,134.3 1 0
github.com/getkin/kin-openapi/openapi3filter/validate_request.go:135.2,135.37 1 0
github.com/getkin/kin-openapi/openapi3filter/validate_request.go:139.98,140.27 1 0
github.com/getkin/kin-openapi/openapi3filter/validate_request.go:141.13,142.14 1 0
github.com/getkin/kin-openapi/openapi3filter/validate_request.go:142.14,144.4 1 0
github.com/getkin/kin-openapi/openapi3filter/validate_request.go:144.9,146.4 1 0
github.com/getkin/kin-openapi/openapi3filter/validate_request.go:147.10,148.42 1 0
github.com/getkin/kin-openapi/openapi3filter/validate_request.go:157.113,158.57 1 0
github.com/getkin/kin-openapi/openapi3filter/validate_request.go:158.57,163.3 1 0
github.com/getkin/kin-openapi/openapi3filter/validate_request.go:165.2,166.20 2 0
github.com/getkin/kin-openapi/openapi3filter/validate_request.go:166.20,168.3 1 0
github.com/getkin/kin-openapi/openapi3filter/validate_request.go:170.2,176.30 5 0
github.com/getkin/kin-openapi/openapi3filter/validate_request.go:176.30,177.87 1 0
github.com/getkin/kin-openapi/openapi3filter/validate_request.go:177.87,179.4 1 0
github.com/getkin/kin-openapi/openapi3filter/validate_request.go:180.8,181.78 1 0
github.com/getkin/kin-openapi/openapi3filter/validate_request.go:181.78,183.4 1 0
github.com/getkin/kin-openapi/openapi3filter/validate_request.go:184.3,184.34 1 0
github.com/getkin/kin-openapi/openapi3filter/validate_request.go:188.2,188.67 1 0
github.com/getkin/kin-openapi/openapi3filter/validate_request.go:188.67,190.42 2 0
github.com/getkin/kin-openapi/openapi3filter/validate_request.go:190.42,191.38 1 0
github.com/getkin/kin-openapi/openapi3filter/validate_request.go:191.38,193.10 2 0
github.com/getkin/kin-openapi/openapi3filter/validate_request.go:197.3,197.19 1 0
github.com/getkin/kin-openapi/openapi3filter/validate_request.go:197.19,199.24 2 0
github.com/getkin/kin-openapi/openapi3filter/validate_request.go:200.34,200.34 0 0
github.com/getkin/kin-openapi/openapi3filter/validate_request.go:203.35,207.34 4 0
github.com/getkin/kin-openapi/openapi3filter/validate_request.go:208.36,209.54 1 0
github.com/getkin/kin-openapi/openapi3filter/validate_request.go:210.36,214.7 1 0
github.com/getkin/kin-openapi/openapi3filter/validate_request.go:220.2,220.34 1 0
github.com/getkin/kin-openapi/openapi3filter/validate_request.go:220.34,222.3 1 0
github.com/getkin/kin-openapi/openapi3filter/validate_request.go:224.2,224.23 1 0
github.com/getkin/kin-openapi/openapi3filter/validate_request.go:224.23,225.42 1 0
github.com/getkin/kin-openapi/openapi3filter/validate_request.go:225.42,227.4 1 0
github.com/getkin/kin-openapi/openapi3filter/validate_request.go:228.3,228.13 1 0
github.com/getkin/kin-openapi/openapi3filter/validate_request.go:232.2,232.73 1 0
github.com/getkin/kin-openapi/openapi3filter/validate_request.go:232.73,234.3 1 0
github.com/getkin/kin-openapi/openapi3filter/validate_request.go:235.2,235.19 1 0
github.com/getkin/kin-openapi/openapi3filter/validate_request.go:235.19,238.3 1 0
github.com/getkin/kin-openapi/openapi3filter/validate_request.go:240.2,241.24 2 0
github.com/getkin/kin-openapi/openapi3filter/validate_request.go:241.24,243.3 1 0
github.com/getkin/kin-openapi/openapi3filter/validate_request.go:244.2,244.42 1 0
github.com/getkin/kin-openapi/openapi3filter/validate_request.go:244.42,246.3 1 0
github.com/getkin/kin-openapi/openapi3filter/validate_request.go:247.2,247.65 1 0
github.com/getkin/kin-openapi/openapi3filter/validate_request.go:247.65,249.3 1 0
github.com/getkin/kin-openapi/openapi3filter/validate_request.go:250.2,250.56 1 0
github.com/getkin/kin-openapi/openapi3filter/validate_request.go:250.56,252.3 1 0
github.com/getkin/kin-openapi/openapi3filter/validate_request.go:253.2,253.12 1 0
github.com/getkin/kin-openapi/openapi3filter/validate_request.go:262.119,269.20 3 0
github.com/getkin/kin-openapi/openapi3filter/validate_request.go:269.20,271.3 1 0
github.com/getkin/kin-openapi/openapi3filter/validate_request.go:273.2,273.48 1 0
github.com/getkin/kin-openapi/openapi3filter/validate_request.go:273.48,276.51 3 0
github.com/getkin/kin-openapi/openapi3filter/validate_request.go:276.51,283.4 1 0
github.com/getkin/kin-openapi/openapi3filter/validate_request.go:285.3,286.25 2 0
github.com/getkin/kin-openapi/openapi3filter/validate_request.go:286.25,287.49 1 0
github.com/getkin/kin-openapi/openapi3filter/validate_request.go:287.49,289.5 1 0
github.com/getkin/kin-openapi/openapi3filter/validate_request.go:291.3,291.22 1 0
github.com/getkin/kin-openapi/openapi3filter/validate_request.go:291.22,293.48 2 0
github.com/getkin/kin-openapi/openapi3filter/validate_request.go:293.48,295.5 1 0
github.com/getkin/kin-openapi/openapi3filter/validate_request.go:296.4,296.31 1 0
github.com/getkin/kin-openapi/openapi3filter/validate_request.go:300.2,300.20 1 0
github.com/getkin/kin-openapi/openapi3filter/validate_request.go:300.20,301.27 1 0
github.com/getkin/kin-openapi/openapi3filter/validate_request.go:301.27,303.4 1 0
github.com/getkin/kin-openapi/openapi3filter/validate_request.go:304.3,304.13 1 0
github.com/getkin/kin-openapi/openapi3filter/validate_request.go:307.2,308.23 2 0
github.com/getkin/kin-openapi/openapi3filter/validate_request.go:308.23,311.3 1 0
github.com/getkin/kin-openapi/openapi3filter/validate_request.go:313.2,315.24 3 0
github.com/getkin/kin-openapi/openapi3filter/validate_request.go:315.24,321.3 1 0
github.com/getkin/kin-openapi/openapi3filter/validate_request.go:323.2,323.31 1 0
github.com/getkin/kin-openapi/openapi3filter/validate_request.go:323.31,326.3 1 0
github.com/getkin/kin-openapi/openapi3filter/validate_request.go:328.2,328.48 1 0
github.com/getkin/kin-openapi/openapi3filter/validate_request.go:328.48,328.85 1 0
github.com/getkin/kin-openapi/openapi3filter/validate_request.go:329.2,330.16 2 0
github.com/getkin/kin-openapi/openapi3filter/validate_request.go:330.16,337.3 1 0
github.com/getkin/kin-openapi/openapi3filter/validate_request.go:339.2,342.34 4 0
github.com/getkin/kin-openapi/openapi3filter/validate_request.go:342.34,343.51 1 0
github.com/getkin/kin-openapi/openapi3filter/validate_request.go:343.51,343.73 1 0
github.com/getkin/kin-openapi/openapi3filter/validate_request.go:345.2,345.24 1 0
github.com/getkin/kin-openapi/openapi3filter/validate_request.go:345.24,347.3 1 0
github.com/getkin/kin-openapi/openapi3filter/validate_request.go:348.2,348.42 1 0
github.com/getkin/kin-openapi/openapi3filter/validate_request.go:348.42,350.3 1 0
github.com/getkin/kin-openapi/openapi3filter/validate_request.go:351.2,351.40 1 0
github.com/getkin/kin-openapi/openapi3filter/validate_request.go:351.40,353.3 1 0
github.com/getkin/kin-openapi/openapi3filter/validate_request.go:354.2,354.34 1 0
github.com/getkin/kin-openapi/openapi3filter/validate_request.go:354.34,356.3 1 0
github.com/getkin/kin-openapi/openapi3filter/validate_request.go:358.2,359.65 2 0
github.com/getkin/kin-openapi/openapi3filter/validate_request.go:359.65,361.3 1 0
github.com/getkin/kin-openapi/openapi3filter/validate_request.go:364.2,364.75 1 0
github.com/getkin/kin-openapi/openapi3filter/validate_request.go:364.75,373.3 3 0
github.com/getkin/kin-openapi/openapi3filter/validate_request.go:375.2,375.17 1 0
github.com/getkin/kin-openapi/openapi3filter/validate_request.go:375.17,377.59 2 0
github.com/getkin/kin-openapi/openapi3filter/validate_request.go:377.59,384.4 1 0
github.com/getkin/kin-openapi/openapi3filter/validate_request.go:386.3,386.22 1 0
github.com/getkin/kin-openapi/openapi3filter/validate_request.go:386.22,388.4 1 0
github.com/getkin/kin-openapi/openapi3filter/validate_request.go:389.3,390.47 2 0
github.com/getkin/kin-openapi/openapi3filter/validate_request.go:390.47,392.4 1 0
github.com/getkin/kin-openapi/openapi3filter/validate_request.go:393.3,393.30 1 0
github.com/getkin/kin-openapi/openapi3filter/validate_request.go:396.2,396.12 1 0
github.com/getkin/kin-openapi/openapi3filter/validate_request.go:402.128,403.19 1 1
github.com/getkin/kin-openapi/openapi3filter/validate_request.go:403.19,405.3 1 0
github.com/getkin/kin-openapi/openapi3filter/validate_request.go:406.2,407.25 2 1
github.com/getkin/kin-openapi/openapi3filter/validate_request.go:407.25,408.69 1 1
github.com/getkin/kin-openapi/openapi3filter/validate_request.go:408.69,409.22 1 1
github.com/getkin/kin-openapi/openapi3filter/validate_request.go:409.22,411.5 1 1
github.com/getkin/kin-openapi/openapi3filter/validate_request.go:412.4,413.12 2 1
github.com/getkin/kin-openapi/openapi3filter/validate_request.go:415.3,415.13 1 0
github.com/getkin/kin-openapi/openapi3filter/validate_request.go:417.2,420.3 1 1
github.com/getkin/kin-openapi/openapi3filter/validate_request.go:424.142,426.40 2 1
github.com/getkin/kin-openapi/openapi3filter/validate_request.go:426.40,428.3 1 1
github.com/getkin/kin-openapi/openapi3filter/validate_request.go:429.2,433.20 3 1
github.com/getkin/kin-openapi/openapi3filter/validate_request.go:433.20,435.3 1 0
github.com/getkin/kin-openapi/openapi3filter/validate_request.go:436.2,437.14 2 1
github.com/getkin/kin-openapi/openapi3filter/validate_request.go:437.14,439.3 1 1
github.com/getkin/kin-openapi/openapi3filter/validate_request.go:441.2,442.66 2 0
github.com/getkin/kin-openapi/openapi3filter/validate_request.go:442.66,444.3 1 0
github.com/getkin/kin-openapi/openapi3filter/validate_request.go:447.2,449.92 2 0
github.com/getkin/kin-openapi/openapi3filter/validate_request.go:449.92,453.61 3 0
github.com/getkin/kin-openapi/openapi3filter/validate_request.go:453.61,459.4 1 0
github.com/getkin/kin-openapi/openapi3filter/validate_request.go:463.2,463.29 1 0
github.com/getkin/kin-openapi/openapi3filter/validate_request.go:463.29,465.29 2 0
github.com/getkin/kin-openapi/openapi3filter/validate_request.go:465.29,466.48 1 0
github.com/getkin/kin-openapi/openapi3filter/validate_request.go:466.48,468.5 1 0
github.com/getkin/kin-openapi/openapi3filter/validate_request.go:470.3,470.28 1 0
github.com/getkin/kin-openapi/openapi3filter/validate_request.go:470.28,475.4 1 0
github.com/getkin/kin-openapi/openapi3filter/validate_request.go:476.3,479.18 2 0
github.com/getkin/kin-openapi/openapi3filter/validate_request.go:479.18,483.36 3 0
github.com/getkin/kin-openapi/openapi3filter/validate_request.go:483.36,484.70 1 0
github.com/getkin/kin-openapi/openapi3filter/validate_request.go:484.70,486.6 1 0
github.com/getkin/kin-openapi/openapi3filter/validate_request.go:488.4,488.33 1 0
github.com/getkin/kin-openapi/openapi3filter/validate_request.go:488.33,490.59 2 0
github.com/getkin/kin-openapi/openapi3filter/validate_request.go:490.59,492.6 1 0
github.com/getkin/kin-openapi/openapi3filter/validate_request.go:493.5,493.52 1 0
github.com/getkin/kin-openapi/openapi3filter/validate_request.go:497.3,502.18 1 0
github.com/getkin/kin-openapi/openapi3filter/validate_request.go:502.18,504.4 1 0
github.com/getkin/kin-openapi/openapi3filter/validate_request.go:508.2,508.17 1 0
github.com/getkin/kin-openapi/openapi3filter/validate_request.go:508.17,512.35 3 0
github.com/getkin/kin-openapi/openapi3filter/validate_request.go:512.35,513.69 1 0
github.com/getkin/kin-openapi/openapi3filter/validate_request.go:513.69,515.5 1 0
github.com/getkin/kin-openapi/openapi3filter/validate_request.go:517.3,517.32 1 0
github.com/getkin/kin-openapi/openapi3filter/validate_request.go:517.32,519.58 2 0
github.com/getkin/kin-openapi/openapi3filter/validate_request.go:519.58,521.5 1 0
github.com/getkin/kin-openapi/openapi3filter/validate_request.go:522.4,522.51 1 0
github.com/getkin/kin-openapi/openapi3filter/validate_request.go:525.2,525.12 1 0
github.com/getkin/kin-openapi/openapi3filter/validate_request_input.go:31.66,33.14 2 0
github.com/getkin/kin-openapi/openapi3filter/validate_request_input.go:33.14,36.3 2 0
github.com/getkin/kin-openapi/openapi3filter/validate_request_input.go:37.2,37.10 1 0
github.com/getkin/kin-openapi/openapi3filter/validate_response.go:22.82,23.80 1 0
github.com/getkin/kin-openapi/openapi3filter/validate_response.go:23.80,25.3 1 0
github.com/getkin/kin-openapi/openapi3filter/validate_response.go:26.2,30.16 2 0
github.com/getkin/kin-openapi/openapi3filter/validate_response.go:34.31,35.13 1 0
github.com/getkin/kin-openapi/openapi3filter/validate_response.go:37.2,39.20 3 0
github.com/getkin/kin-openapi/openapi3filter/validate_response.go:39.20,41.3 1 0
github.com/getkin/kin-openapi/openapi3filter/validate_response.go:44.2,45.26 2 0
github.com/getkin/kin-openapi/openapi3filter/validate_response.go:45.26,47.3 1 0
github.com/getkin/kin-openapi/openapi3filter/validate_response.go:48.2,49.24 2 0
github.com/getkin/kin-openapi/openapi3filter/validate_response.go:49.24,51.3 1 0
github.com/getkin/kin-openapi/openapi3filter/validate_response.go:52.2,52.24 1 0
github.com/getkin/kin-openapi/openapi3filter/validate_response.go:52.24,54.37 1 0
github.com/getkin/kin-openapi/openapi3filter/validate_response.go:54.37,56.4 1 0
github.com/getkin/kin-openapi/openapi3filter/validate_response.go:57.3,57.73 1 0
github.com/getkin/kin-openapi/openapi3filter/validate_response.go:59.2,60.21 2 0
github.com/getkin/kin-openapi/openapi3filter/validate_response.go:60.21,62.3 1 0
github.com/getkin/kin-openapi/openapi3filter/validate_response.go:64.2,65.24 2 0
github.com/getkin/kin-openapi/openapi3filter/validate_response.go:65.24,67.3 1 0
github.com/getkin/kin-openapi/openapi3filter/validate_response.go:68.2,68.42 1 0
github.com/getkin/kin-openapi/openapi3filter/validate_response.go:68.42,70.3 1 0
github.com/getkin/kin-openapi/openapi3filter/validate_response.go:71.2,71.41 1 0
github.com/getkin/kin-openapi/openapi3filter/validate_response.go:71.41,73.3 1 0
github.com/getkin/kin-openapi/openapi3filter/validate_response.go:75.2,76.37 2 0
github.com/getkin/kin-openapi/openapi3filter/validate_response.go:76.37,78.3 1 0
github.com/getkin/kin-openapi/openapi3filter/validate_response.go:80.2,81.34 2 0
github.com/getkin/kin-openapi/openapi3filter/validate_response.go:81.34,82.20 1 0
github.com/getkin/kin-openapi/openapi3filter/validate_response.go:82.20,84.4 1 0
github.com/getkin/kin-openapi/openapi3filter/validate_response.go:86.2,87.37 2 0
github.com/getkin/kin-openapi/openapi3filter/validate_response.go:87.37,89.84 2 0
github.com/getkin/kin-openapi/openapi3filter/validate_response.go:89.84,91.4 1 0
github.com/getkin/kin-openapi/openapi3filter/validate_response.go:94.2,94.33 1 0
github.com/getkin/kin-openapi/openapi3filter/validate_response.go:94.33,97.3 1 0
github.com/getkin/kin-openapi/openapi3filter/validate_response.go:99.2,100.23 2 0
github.com/getkin/kin-openapi/openapi3filter/validate_response.go:100.23,103.3 1 0
github.com/getkin/kin-openapi/openapi3filter/validate_response.go:105.2,107.24 3 0
github.com/getkin/kin-openapi/openapi3filter/validate_response.go:107.24,112.3 1 0
github.com/getkin/kin-openapi/openapi3filter/validate_response.go:114.2,114.31 1 0
github.com/getkin/kin-openapi/openapi3filter/validate_response.go:114.31,117.3 1 0
github.com/getkin/kin-openapi/openapi3filter/validate_response.go:120.2,132.16 5 0
github.com/getkin/kin-openapi/openapi3filter/validate_response.go:132.16,138.3 1 0
github.com/getkin/kin-openapi/openapi3filter/validate_response.go:141.2,143.48 2 0
github.com/getkin/kin-openapi/openapi3filter/validate_response.go:143.48,143.85 1 0
github.com/getkin/kin-openapi/openapi3filter/validate_response.go:144.2,145.16 2 0
github.com/getkin/kin-openapi/openapi3filter/validate_response.go:145.16,151.3 1 0
github.com/getkin/kin-openapi/openapi3filter/validate_response.go:154.2,154.111 1 0
github.com/getkin/kin-openapi/openapi3filter/validate_response.go:154.111,162.3 3 0
github.com/getkin/kin-openapi/openapi3filter/validate_response.go:163.2,163.12 1 0
github.com/getkin/kin-openapi/openapi3filter/validate_response.go:166.157,173.65 6 0
github.com/getkin/kin-openapi/openapi3filter/validate_response.go:173.65,179.3 1 0
github.com/getkin/kin-openapi/openapi3filter/validate_response.go:181.2,181.127 1 0
github.com/getkin/kin-openapi/openapi3filter/validate_response.go:181.127,187.3 1 0
github.com/getkin/kin-openapi/openapi3filter/validate_response.go:189.2,189.11 1 0
github.com/getkin/kin-openapi/openapi3filter/validate_response.go:189.11,190.86 1 0
github.com/getkin/kin-openapi/openapi3filter/validate_response.go:190.86,196.4 1 0
github.com/getkin/kin-openapi/openapi3filter/validate_response.go:197.8,197.37 1 0
github.com/getkin/kin-openapi/openapi3filter/validate_response.go:197.37,202.3 1 0
github.com/getkin/kin-openapi/openapi3filter/validate_response.go:203.2,203.12 1 0
github.com/getkin/kin-openapi/openapi3filter/validate_response.go:209.61,212.19 2 0
github.com/getkin/kin-openapi/openapi3filter/validate_response.go:212.19,214.3 1 0
github.com/getkin/kin-openapi/openapi3filter/validate_response.go:215.2,215.37 1 0
github.com/getkin/kin-openapi/openapi3filter/validate_response.go:215.37,217.3 1 0
github.com/getkin/kin-openapi/openapi3filter/validate_response.go:219.2,219.11 1 0
github.com/getkin/kin-openapi/openapi3filter/validate_response.go:222.48,223.20 1 0
github.com/getkin/kin-openapi/openapi3filter/validate_response.go:223.20,225.3 1 0
github.com/getkin/kin-openapi/openapi3filter/validate_response.go:226.2,226.14 1 0
github.com/getkin/kin-openapi/openapi3filter/validate_response_input.go:17.91,20.2 2 0
github.com/getkin/kin-openapi/openapi3filter/validate_response_input.go:27.41,29.38 1 0
github.com/getkin/kin-openapi/openapi3filter/validate_response_input.go:29.38,30.30 1 0
github.com/getkin/kin-openapi/openapi3filter/validate_response_input.go:30.30,31.12 1 0
github.com/getkin/kin-openapi/openapi3filter/validate_response_input.go:33.3,33.40 1 0
github.com/getkin/kin-openapi/openapi3filter/validate_response_input.go:33.40,34.22 1 0
github.com/getkin/kin-openapi/openapi3filter/validate_response_input.go:34.22,35.20 1 0
github.com/getkin/kin-openapi/openapi3filter/validate_response_input.go:38.3,38.28 1 0
github.com/getkin/kin-openapi/openapi3filter/validate_response_input.go:40.2,40.13 1 0
github.com/getkin/kin-openapi/openapi3filter/validation_error.go:37.42,39.19 2 0
github.com/getkin/kin-openapi/openapi3filter/validation_error.go:39.19,41.3 1 0
github.com/getkin/kin-openapi/openapi3filter/validation_error.go:42.2,44.18 3 0
github.com/getkin/kin-openapi/openapi3filter/validation_error.go:44.18,46.3 1 0
github.com/getkin/kin-openapi/openapi3filter/validation_error.go:47.2,49.16 3 0
github.com/getkin/kin-openapi/openapi3filter/validation_error.go:49.16,51.3 1 0
github.com/getkin/kin-openapi/openapi3filter/validation_error.go:52.2,54.19 3 0
github.com/getkin/kin-openapi/openapi3filter/validation_error.go:54.19,57.3 2 0
github.com/getkin/kin-openapi/openapi3filter/validation_error.go:58.2,58.20 1 0
github.com/getkin/kin-openapi/openapi3filter/validation_error.go:58.20,62.3 3 0
github.com/getkin/kin-openapi/openapi3filter/validation_error.go:63.2,63.21 1 0
github.com/getkin/kin-openapi/openapi3filter/validation_error.go:63.21,65.31 2 0
github.com/getkin/kin-openapi/openapi3filter/validation_error.go:65.31,68.4 2 0
github.com/getkin/kin-openapi/openapi3filter/validation_error.go:68.9,68.36 1 0
github.com/getkin/kin-openapi/openapi3filter/validation_error.go:68.36,71.4 2 0
github.com/getkin/kin-openapi/openapi3filter/validation_error.go:72.3,72.21 1 0
github.com/getkin/kin-openapi/openapi3filter/validation_error.go:75.2,75.18 1 0
github.com/getkin/kin-openapi/openapi3filter/validation_error.go:75.18,77.3 1 0
github.com/getkin/kin-openapi/openapi3filter/validation_error.go:78.2,78.19 1 0
github.com/getkin/kin-openapi/openapi3filter/validation_error.go:82.44,84.2 1 0
github.com/getkin/kin-openapi/openapi3filter/validation_error_encoder.go:19.98,21.2 1 0
github.com/getkin/kin-openapi/openapi3filter/validation_error_encoder.go:24.37,25.44 1 0
github.com/getkin/kin-openapi/openapi3filter/validation_error_encoder.go:25.44,27.3 1 0
github.com/getkin/kin-openapi/openapi3filter/validation_error_encoder.go:29.2,30.9 2 0
github.com/getkin/kin-openapi/openapi3filter/validation_error_encoder.go:30.9,32.3 1 0
github.com/getkin/kin-openapi/openapi3filter/validation_error_encoder.go:34.2,35.18 2 0
github.com/getkin/kin-openapi/openapi3filter/validation_error_encoder.go:35.18,37.3 1 0
github.com/getkin/kin-openapi/openapi3filter/validation_error_encoder.go:37.8,37.40 1 0
github.com/getkin/kin-openapi/openapi3filter/validation_error_encoder.go:37.40,39.3 1 0
github.com/getkin/kin-openapi/openapi3filter/validation_error_encoder.go:39.8,39.42 1 0
github.com/getkin/kin-openapi/openapi3filter/validation_error_encoder.go:39.42,41.3 1 0
github.com/getkin/kin-openapi/openapi3filter/validation_error_encoder.go:41.8,41.52 1 0
github.com/getkin/kin-openapi/openapi3filter/validation_error_encoder.go:41.52,43.3 1 0
github.com/getkin/kin-openapi/openapi3filter/validation_error_encoder.go:43.8,43.62 1 0
github.com/getkin/kin-openapi/openapi3filter/validation_error_encoder.go:43.62,45.3 1 0
github.com/getkin/kin-openapi/openapi3filter/validation_error_encoder.go:47.2,47.17 1 0
github.com/getkin/kin-openapi/openapi3filter/validation_error_encoder.go:47.17,49.3 1 0
github.com/getkin/kin-openapi/openapi3filter/validation_error_encoder.go:50.2,50.12 1 0
github.com/getkin/kin-openapi/openapi3filter/validation_error_encoder.go:53.64,55.54 2 0
github.com/getkin/kin-openapi/openapi3filter/validation_error_encoder.go:55.54,57.3 1 0
github.com/getkin/kin-openapi/openapi3filter/validation_error_encoder.go:58.2,58.59 1 0
github.com/getkin/kin-openapi/openapi3filter/validation_error_encoder.go:61.65,62.50 1 0
github.com/getkin/kin-openapi/openapi3filter/validation_error_encoder.go:62.50,63.40 1 0
github.com/getkin/kin-openapi/openapi3filter/validation_error_encoder.go:63.40,68.4 1 0
github.com/getkin/kin-openapi/openapi3filter/validation_error_encoder.go:69.3,72.4 1 0
github.com/getkin/kin-openapi/openapi3filter/validation_error_encoder.go:74.2,77.3 1 0
github.com/getkin/kin-openapi/openapi3filter/validation_error_encoder.go:80.66,81.55 1 0
github.com/getkin/kin-openapi/openapi3filter/validation_error_encoder.go:81.55,86.3 1 0
github.com/getkin/kin-openapi/openapi3filter/validation_error_encoder.go:87.2,90.3 1 0
github.com/getkin/kin-openapi/openapi3filter/validation_error_encoder.go:93.68,94.57 1 0
github.com/getkin/kin-openapi/openapi3filter/validation_error_encoder.go:94.57,99.3 1 0
github.com/getkin/kin-openapi/openapi3filter/validation_error_encoder.go:100.2,103.3 1 0
github.com/getkin/kin-openapi/openapi3filter/validation_error_encoder.go:106.80,108.90 1 0
github.com/getkin/kin-openapi/openapi3filter/validation_error_encoder.go:108.90,113.3 1 0
github.com/getkin/kin-openapi/openapi3filter/validation_error_encoder.go:113.8,113.68 1 0
github.com/getkin/kin-openapi/openapi3filter/validation_error_encoder.go:113.68,118.3 1 0
github.com/getkin/kin-openapi/openapi3filter/validation_error_encoder.go:118.8,118.40 1 0
github.com/getkin/kin-openapi/openapi3filter/validation_error_encoder.go:118.40,120.89 1 0
github.com/getkin/kin-openapi/openapi3filter/validation_error_encoder.go:120.89,126.4 1 0
github.com/getkin/kin-openapi/openapi3filter/validation_error_encoder.go:131.3,132.18 2 0
github.com/getkin/kin-openapi/openapi3filter/validation_error_encoder.go:132.18,134.4 1 0
github.com/getkin/kin-openapi/openapi3filter/validation_error_encoder.go:135.3,138.4 1 0
github.com/getkin/kin-openapi/openapi3filter/validation_error_encoder.go:140.2,140.12 1 0
github.com/getkin/kin-openapi/openapi3filter/validation_error_encoder.go:143.91,147.66 2 0
github.com/getkin/kin-openapi/openapi3filter/validation_error_encoder.go:147.66,149.3 1 0
github.com/getkin/kin-openapi/openapi3filter/validation_error_encoder.go:152.2,152.24 1 0
github.com/getkin/kin-openapi/openapi3filter/validation_error_encoder.go:152.24,154.3 1 0
github.com/getkin/kin-openapi/openapi3filter/validation_error_encoder.go:154.8,154.33 1 0
github.com/getkin/kin-openapi/openapi3filter/validation_error_encoder.go:154.33,156.3 1 0
github.com/getkin/kin-openapi/openapi3filter/validation_error_encoder.go:159.2,159.24 1 0
github.com/getkin/kin-openapi/openapi3filter/validation_error_encoder.go:159.24,163.3 1 0
github.com/getkin/kin-openapi/openapi3filter/validation_error_encoder.go:163.8,163.54 1 0
github.com/getkin/kin-openapi/openapi3filter/validation_error_encoder.go:163.54,165.3 1 0
github.com/getkin/kin-openapi/openapi3filter/validation_error_encoder.go:168.2,168.36 1 0
github.com/getkin/kin-openapi/openapi3filter/validation_error_encoder.go:168.36,170.45 2 0
github.com/getkin/kin-openapi/openapi3filter/validation_error_encoder.go:170.45,172.4 1 0
github.com/getkin/kin-openapi/openapi3filter/validation_error_encoder.go:173.3,181.33 3 0
github.com/getkin/kin-openapi/openapi3filter/validation_error_encoder.go:181.33,187.4 2 0
github.com/getkin/kin-openapi/openapi3filter/validation_error_encoder.go:189.2,189.13 1 0
github.com/getkin/kin-openapi/openapi3filter/validation_error_encoder.go:192.49,194.2 1 0
github.com/getkin/kin-openapi/openapi3filter/validation_handler.go:18.74,18.88 1 0
github.com/getkin/kin-openapi/openapi3filter/validation_handler.go:30.42,33.16 3 1
github.com/getkin/kin-openapi/openapi3filter/validation_handler.go:33.16,35.3 1 0
github.com/getkin/kin-openapi/openapi3filter/validation_handler.go:36.2,36.53 1 1
github.com/getkin/kin-openapi/openapi3filter/validation_handler.go:36.53,38.3 1 0
github.com/getkin/kin-openapi/openapi3filter/validation_handler.go:39.2,39.61 1 1
github.com/getkin/kin-openapi/openapi3filter/validation_handler.go:39.61,41.3 1 0
github.com/getkin/kin-openapi/openapi3filter/validation_handler.go:44.2,44.22 1 1
github.com/getkin/kin-openapi/openapi3filter/validation_handler.go:44.22,46.3 1 1
github.com/getkin/kin-openapi/openapi3filter/validation_handler.go:48.2,48.27 1 1
github.com/getkin/kin-openapi/openapi3filter/validation_handler.go:48.27,50.3 1 1
github.com/getkin/kin-openapi/openapi3filter/validation_handler.go:52.2,52.12 1 1
github.com/getkin/kin-openapi/openapi3filter/validation_handler.go:55.79,56.40 1 1
github.com/getkin/kin-openapi/openapi3filter/validation_handler.go:56.40,58.3 1 1
github.com/getkin/kin-openapi/openapi3filter/validation_handler.go:60.2,60.27 1 0
github.com/getkin/kin-openapi/openapi3filter/validation_handler.go:64.72,65.71 1 0
github.com/getkin/kin-openapi/openapi3filter/validation_handler.go:65.71,66.41 1 0
github.com/getkin/kin-openapi/openapi3filter/validation_handler.go:66.41,68.4 1 0
github.com/getkin/kin-openapi/openapi3filter/validation_handler.go:70.3,70.23 1 0
github.com/getkin/kin-openapi/openapi3filter/validation_handler.go:74.91,75.45 1 1
github.com/getkin/kin-openapi/openapi3filter/validation_handler.go:75.45,78.3 2 1
github.com/getkin/kin-openapi/openapi3filter/validation_handler.go:79.2,79.14 1 0
github.com/getkin/kin-openapi/openapi3filter/validation_handler.go:82.68,85.16 2 1
github.com/getkin/kin-openapi/openapi3filter/validation_handler.go:85.16,87.3 1 0
github.com/getkin/kin-openapi/openapi3filter/validation_handler.go:89.2,100.76 3 1
github.com/getkin/kin-openapi/openapi3filter/validation_handler.go:100.76,102.3 1 1
github.com/getkin/kin-openapi/openapi3filter/validation_handler.go:104.2,104.12 1 0
github.com/getkin/kin-openapi/openapi3filter/validation_kit.go:64.79,66.47 2 1
github.com/getkin/kin-openapi/openapi3filter/validation_kit.go:66.47,67.73 1 0
github.com/getkin/kin-openapi/openapi3filter/validation_kit.go:67.73,69.4 1 0
github.com/getkin/kin-openapi/openapi3filter/validation_kit.go:71.2,72.40 2 1
github.com/getkin/kin-openapi/openapi3filter/validation_kit.go:72.40,73.45 1 0
github.com/getkin/kin-openapi/openapi3filter/validation_kit.go:73.45,74.29 1 0
github.com/getkin/kin-openapi/openapi3filter/validation_kit.go:74.29,76.5 1 0
github.com/getkin/kin-openapi/openapi3filter/validation_kit.go:79.2,80.37 2 1
github.com/getkin/kin-openapi/openapi3filter/validation_kit.go:80.37,82.3 1 0
github.com/getkin/kin-openapi/openapi3filter/validation_kit.go:83.2,84.22 2 1
github.com/getkin/kin-openapi/routers/types.go:42.37,42.56 1 0
github.com/getkin/kin-openapi/routers/legacy/router.go:25.107,26.28 1 0
github.com/getkin/kin-openapi/routers/legacy/router.go:26.28,28.35 1 0
github.com/getkin/kin-openapi/routers/legacy/router.go:28.35,29.12 1 0
github.com/getkin/kin-openapi/routers/legacy/router.go:31.3,32.17 2 0
github.com/getkin/kin-openapi/routers/legacy/router.go:32.17,34.4 1 0
github.com/getkin/kin-openapi/routers/legacy/router.go:36.2,36.28 1 0
github.com/getkin/kin-openapi/routers/legacy/router.go:36.28,38.34 1 0
github.com/getkin/kin-openapi/routers/legacy/router.go:38.34,39.12 1 0
github.com/getkin/kin-openapi/routers/legacy/router.go:41.3,42.17 2 0
github.com/getkin/kin-openapi/routers/legacy/router.go:42.17,44.4 1 0
github.com/getkin/kin-openapi/routers/legacy/router.go:46.2,48.3 1 0
github.com/getkin/kin-openapi/routers/legacy/router.go:61.92,62.68 1 1
github.com/getkin/kin-openapi/routers/legacy/router.go:62.68,64.3 1 0
github.com/getkin/kin-openapi/routers/legacy/router.go:65.2,67.46 3 1
github.com/getkin/kin-openapi/routers/legacy/router.go:67.46,68.56 1 1
github.com/getkin/kin-openapi/routers/legacy/router.go:68.56,76.24 2 1
github.com/getkin/kin-openapi/routers/legacy/router.go:76.24,78.5 1 0
github.com/getkin/kin-openapi/routers/legacy/router.go:81.2,81.20 1 1
github.com/getkin/kin-openapi/routers/legacy/router.go:85.60,87.18 2 0
github.com/getkin/kin-openapi/routers/legacy/router.go:87.18,89.3 1 0
github.com/getkin/kin-openapi/routers/legacy/router.go:90.2,92.16 3 0
github.com/getkin/kin-openapi/routers/legacy/router.go:92.16,94.3 1 0
github.com/getkin/kin-openapi/routers/legacy/router.go:95.2,95.56 1 0
github.com/getkin/kin-openapi/routers/legacy/router.go:98.48,100.17 2 1
github.com/getkin/kin-openapi/routers/legacy/router.go:100.17,103.3 2 1
github.com/getkin/kin-openapi/routers/legacy/router.go:104.2,104.13 1 1
github.com/getkin/kin-openapi/routers/legacy/router.go:108.95,117.23 7 1
github.com/getkin/kin-openapi/routers/legacy/router.go:117.23,119.3 1 1
github.com/getkin/kin-openapi/routers/legacy/router.go:119.8,122.20 3 0
github.com/getkin/kin-openapi/routers/legacy/router.go:122.20,126.4 1 0
github.com/getkin/kin-openapi/routers/legacy/router.go:127.3,129.17 3 0
github.com/getkin/kin-openapi/routers/legacy/router.go:129.17,131.4 1 0
github.com/getkin/kin-openapi/routers/legacy/router.go:132.3,132.37 1 0
github.com/getkin/kin-openapi/routers/legacy/router.go:132.37,135.4 2 0
github.com/getkin/kin-openapi/routers/legacy/router.go:139.2,142.17 4 1
github.com/getkin/kin-openapi/routers/legacy/router.go:142.17,144.3 1 1
github.com/getkin/kin-openapi/routers/legacy/router.go:145.2,145.18 1 1
github.com/getkin/kin-openapi/routers/legacy/router.go:145.18,147.22 2 0
github.com/getkin/kin-openapi/routers/legacy/router.go:147.22,149.4 1 0
github.com/getkin/kin-openapi/routers/legacy/router.go:150.3,150.43 1 0
github.com/getkin/kin-openapi/routers/legacy/router.go:150.43,152.4 1 0
github.com/getkin/kin-openapi/routers/legacy/router.go:155.2,155.23 1 1
github.com/getkin/kin-openapi/routers/legacy/router.go:155.23,157.3 1 1
github.com/getkin/kin-openapi/routers/legacy/router.go:158.2,159.36 2 1
github.com/getkin/kin-openapi/routers/legacy/router.go:159.36,162.3 2 0
github.com/getkin/kin-openapi/routers/legacy/router.go:163.2,163.31 1 1
github.com/getkin/kin-openapi/routers/legacy/pathpattern/node.go:34.59,39.44 3 0
github.com/getkin/kin-openapi/routers/legacy/pathpattern/node.go:39.44,40.22 1 0
github.com/getkin/kin-openapi/routers/legacy/pathpattern/node.go:41.12,44.15 3 0
github.com/getkin/kin-openapi/routers/legacy/pathpattern/node.go:45.12,46.21 1 0
github.com/getkin/kin-openapi/routers/legacy/pathpattern/node.go:46.21,50.5 3 0
github.com/getkin/kin-openapi/routers/legacy/pathpattern/node.go:53.2,54.20 2 0
github.com/getkin/kin-openapi/routers/legacy/pathpattern/node.go:63.42,67.2 3 0
github.com/getkin/kin-openapi/routers/legacy/pathpattern/node.go:69.73,70.46 1 0
github.com/getkin/kin-openapi/routers/legacy/pathpattern/node.go:70.46,75.3 4 0
github.com/getkin/kin-openapi/routers/legacy/pathpattern/node.go:76.2,77.23 2 0
github.com/getkin/kin-openapi/routers/legacy/pathpattern/node.go:77.23,79.35 2 0
github.com/getkin/kin-openapi/routers/legacy/pathpattern/node.go:79.35,85.4 5 0
github.com/getkin/kin-openapi/routers/legacy/pathpattern/node.go:118.36,120.2 1 0
github.com/getkin/kin-openapi/routers/legacy/pathpattern/node.go:122.38,123.21 1 0
github.com/getkin/kin-openapi/routers/legacy/pathpattern/node.go:124.26,125.24 1 0
github.com/getkin/kin-openapi/routers/legacy/pathpattern/node.go:126.26,127.15 1 0
github.com/getkin/kin-openapi/routers/legacy/pathpattern/node.go:128.28,129.16 1 0
github.com/getkin/kin-openapi/routers/legacy/pathpattern/node.go:130.10,131.38 1 0
github.com/getkin/kin-openapi/routers/legacy/pathpattern/node.go:139.37,140.46 1 0
github.com/getkin/kin-openapi/routers/legacy/pathpattern/node.go:140.46,142.3 1 0
github.com/getkin/kin-openapi/routers/legacy/pathpattern/node.go:144.2,144.42 1 0
github.com/getkin/kin-openapi/routers/legacy/pathpattern/node.go:147.76,149.16 2 0
github.com/getkin/kin-openapi/routers/legacy/pathpattern/node.go:149.16,150.13 1 0
github.com/getkin/kin-openapi/routers/legacy/pathpattern/node.go:152.2,152.20 1 0
github.com/getkin/kin-openapi/routers/legacy/pathpattern/node.go:155.78,157.16 2 1
github.com/getkin/kin-openapi/routers/legacy/pathpattern/node.go:157.16,159.3 1 0
github.com/getkin/kin-openapi/routers/legacy/pathpattern/node.go:160.2,161.12 2 1
github.com/getkin/kin-openapi/routers/legacy/pathpattern/node.go:164.83,165.20 1 1
github.com/getkin/kin-openapi/routers/legacy/pathpattern/node.go:165.20,167.3 1 1
github.com/getkin/kin-openapi/routers/legacy/pathpattern/node.go:168.2,168.35 1 1
github.com/getkin/kin-openapi/routers/legacy/pathpattern/node.go:168.35,170.3 1 0
github.com/getkin/kin-openapi/routers/legacy/pathpattern/node.go:171.2,174.6 3 1
github.com/getkin/kin-openapi/routers/legacy/pathpattern/node.go:174.6,176.26 1 1
github.com/getkin/kin-openapi/routers/legacy/pathpattern/node.go:176.26,181.4 2 1
github.com/getkin/kin-openapi/routers/legacy/pathpattern/node.go:183.3,185.40 3 1
github.com/getkin/kin-openapi/routers/legacy/pathpattern/node.go:185.40,189.4 3 1
github.com/getkin/kin-openapi/routers/legacy/pathpattern/node.go:189.9,191.13 2 1
github.com/getkin/kin-openapi/routers/legacy/pathpattern/node.go:191.13,193.5 1 1
github.com/getkin/kin-openapi/routers/legacy/pathpattern/node.go:194.4,194.13 1 1
github.com/getkin/kin-openapi/routers/legacy/pathpattern/node.go:194.13,199.5 3 1
github.com/getkin/kin-openapi/routers/legacy/pathpattern/node.go:199.10,199.34 1 0
github.com/getkin/kin-openapi/routers/legacy/pathpattern/node.go:199.34,205.14 3 0
github.com/getkin/kin-openapi/routers/legacy/pathpattern/node.go:205.14,207.6 1 0
github.com/getkin/kin-openapi/routers/legacy/pathpattern/node.go:208.5,211.30 3 0
github.com/getkin/kin-openapi/routers/legacy/pathpattern/node.go:211.30,214.16 2 0
github.com/getkin/kin-openapi/routers/legacy/pathpattern/node.go:214.16,218.7 3 0
github.com/getkin/kin-openapi/routers/legacy/pathpattern/node.go:220.5,220.69 1 0
github.com/getkin/kin-openapi/routers/legacy/pathpattern/node.go:220.69,221.46 1 0
github.com/getkin/kin-openapi/routers/legacy/pathpattern/node.go:221.46,223.7 1 0
github.com/getkin/kin-openapi/routers/legacy/pathpattern/node.go:225.5,225.56 1 0
github.com/getkin/kin-openapi/routers/legacy/pathpattern/node.go:230.3,230.49 1 1
github.com/getkin/kin-openapi/routers/legacy/pathpattern/node.go:230.49,231.37 1 0
github.com/getkin/kin-openapi/routers/legacy/pathpattern/node.go:231.37,233.18 2 0
github.com/getkin/kin-openapi/routers/legacy/pathpattern/node.go:238.3,238.38 1 1
github.com/getkin/kin-openapi/routers/legacy/pathpattern/node.go:238.38,240.18 2 0
github.com/getkin/kin-openapi/routers/legacy/pathpattern/node.go:240.18,242.5 1 0
github.com/getkin/kin-openapi/routers/legacy/pathpattern/node.go:243.4,243.26 1 0
github.com/getkin/kin-openapi/routers/legacy/pathpattern/node.go:247.3,252.16 6 1
github.com/getkin/kin-openapi/routers/legacy/pathpattern/node.go:256.63,257.35 1 1
github.com/getkin/kin-openapi/routers/legacy/pathpattern/node.go:257.35,259.3 1 0
github.com/getkin/kin-openapi/routers/legacy/pathpattern/node.go:260.2,261.57 2 1
github.com/getkin/kin-openapi/routers/legacy/pathpattern/node.go:264.99,266.53 1 1
github.com/getkin/kin-openapi/routers/legacy/pathpattern/node.go:266.53,268.3 1 1
github.com/getkin/kin-openapi/routers/legacy/pathpattern/node.go:271.2,271.46 1 1
github.com/getkin/kin-openapi/routers/legacy/pathpattern/node.go:271.46,274.22 3 1
github.com/getkin/kin-openapi/routers/legacy/pathpattern/node.go:275.27,277.45 2 1
github.com/getkin/kin-openapi/routers/legacy/pathpattern/node.go:277.45,280.5 2 1
github.com/getkin/kin-openapi/routers/legacy/pathpattern/node.go:280.10,280.52 1 0
github.com/getkin/kin-openapi/routers/legacy/pathpattern/node.go:280.52,282.5 1 0
github.com/getkin/kin-openapi/routers/legacy/pathpattern/node.go:283.27,285.13 2 0
github.com/getkin/kin-openapi/routers/legacy/pathpattern/node.go:285.13,287.5 1 0
github.com/getkin/kin-openapi/routers/legacy/pathpattern/node.go:288.4,290.87 3 0
github.com/getkin/kin-openapi/routers/legacy/pathpattern/node.go:291.29,293.58 2 0
github.com/getkin/kin-openapi/routers/legacy/pathpattern/node.go:294.25,296.13 2 0
github.com/getkin/kin-openapi/routers/legacy/pathpattern/node.go:296.13,298.5 1 0
github.com/getkin/kin-openapi/routers/legacy/pathpattern/node.go:299.4,301.38 3 0
github.com/getkin/kin-openapi/routers/legacy/pathpattern/node.go:301.38,303.25 2 0
github.com/getkin/kin-openapi/routers/legacy/pathpattern/node.go:303.25,305.6 1 0
github.com/getkin/kin-openapi/routers/legacy/pathpattern/node.go:306.5,308.88 3 0
github.com/getkin/kin-openapi/routers/legacy/pathpattern/node.go:311.3,311.51 1 1
github.com/getkin/kin-openapi/routers/legacy/pathpattern/node.go:311.51,314.4 1 1
github.com/getkin/kin-openapi/routers/legacy/pathpattern/node.go:318.2,318.17 1 0
